Order_ID,Customer_ID,Order_Date,Ship_Date,Estimated_Delivery_Date,Actual_Delivery_Date,Ship_Mode,Region,City,Category,Sub_Category,Sales,Quantity,Discount,Profit,Shipping_Cost,Return_Reason,Return_Date,Refund_Amount,Return_Status,Return_Processing_Time,Delivery_Delay_Days,Was_Late
ORD-10000,CUST-0000,2023-09-20,2023-09-27,2023-10-01,2023-10-02,Second Class,East,Chicago,Office Supplies,Paper,199.85,3,0.1,56.58,36.86,,,,No,,1,1
ORD-10001,CUST-0001,2024-05-20,2024-05-27,2024-05-30,2024-05-30,Same Day,South,Houston,Furniture,Furnishings,739.81,5,0.2,-102.44,32.44,,,,No,,0,0
ORD-10002,CUST-0002,2023-09-14,2023-09-17,2023-09-21,2023-09-21,Same Day,East,Houston,Office Supplies,Art,717.01,3,0.3,110.26,11.89,Not as Described,2023-10-03,667.76,Yes,12.0,0,0
ORD-10003,CUST-0003,2024-01-30,2024-02-01,2024-02-04,2024-02-04,Second Class,South,Houston,Office Supplies,Storage,824.67,4,0.3,219.85,12.06,,,,No,,0,0
ORD-10004,CUST-0004,2023-08-07,2023-08-10,2023-08-13,2023-08-13,Same Day,West,Houston,Furniture,Tables,933.53,2,0.0,277.64,36.68,,,,No,,0,0
ORD-10005,CUST-0005,2023-02-01,2023-02-03,2023-02-05,2023-02-05,Standard Class,Central,New York,Technology,Accessories,1158.83,4,0.2,-13.91,19.18,Wrong Size,2023-02-14,848.24,Yes,9.0,0,0
ORD-10006,CUST-0006,2024-06-24,2024-06-26,2024-06-30,2024-07-01,Standard Class,South,Houston,Technology,Machines,951.36,3,0.3,297.92,39.76,,,,No,,1,1
ORD-10007,CUST-0007,2023-08-20,2023-08-21,2023-08-25,2023-08-25,Standard Class,East,Chicago,Office Supplies,Art,770.51,3,0.1,66.35,8.94,,,,No,,0,0
ORD-10008,CUST-0008,2023-06-15,2023-06-17,2023-06-21,2023-06-21,First Class,Central,Seattle,Office Supplies,Paper,535.61,3,0.0,3.84,31.5,,,,No,,0,0
ORD-10009,CUST-0009,2024-01-13,2024-01-15,2024-01-17,2024-01-17,Same Day,South,Houston,Office Supplies,Paper,1058.35,2,0.3,-2.31,8.12,,,,No,,0,0
ORD-10010,CUST-0010,2024-09-16,2024-09-19,2024-09-22,2024-09-22,First Class,West,Los Angeles,Office Supplies,Paper,145.41,1,0.1,9.24,49.44,,,,No,,0,0
ORD-10011,CUST-0011,2023-10-20,2023-10-22,2023-10-26,2023-10-26,Second Class,Central,Chicago,Office Supplies,Storage,398.0,1,0.2,12.66,58.36,,,,No,,0,0
ORD-10012,CUST-0012,2024-05-13,2024-05-14,2024-05-16,2024-05-16,Second Class,South,Miami,Technology,Copiers,76.0,5,0.0,12.71,41.48,,,,No,,0,0
ORD-10013,CUST-0013,2023-06-19,2023-06-23,2023-06-27,2023-06-27,Standard Class,East,Houston,Office Supplies,Paper,450.82,4,0.0,75.18,33.07,,,,No,,0,0
ORD-10014,CUST-0014,2023-12-22,2023-12-26,2023-12-30,2023-12-30,Same Day,South,Chicago,Office Supplies,Storage,857.71,7,0.1,20.87,7.58,,,,No,,0,0
ORD-10015,CUST-0015,2024-08-09,2024-08-13,2024-08-15,2024-08-15,Standard Class,West,New York,Technology,Accessories,839.5,7,0.2,-52.49,58.97,,,,No,,0,0
ORD-10016,CUST-0016,2023-03-07,2023-03-12,2023-03-14,2023-03-16,First Class,East,Houston,Furniture,Chairs,428.81,3,0.2,125.87,47.23,,,,No,,2,1
ORD-10017,CUST-0017,2024-09-20,2024-09-23,2024-09-27,2024-09-27,Same Day,East,Houston,Technology,Phones,21.0,6,0.0,1.95,28.01,,,,No,,0,0
ORD-10018,CUST-0018,2023-06-16,2023-06-18,2023-06-22,2023-06-22,Standard Class,West,New York,Office Supplies,Art,126.0,3,0.3,11.76,54.55,,,,No,,0,0
ORD-10019,CUST-0019,2024-02-08,2024-02-11,2024-02-13,2024-02-13,Second Class,Central,Houston,Office Supplies,Art,43.81,1,0.0,15.21,29.26,,,,No,,0,0
ORD-10020,CUST-0020,2023-01-11,2023-01-18,2023-01-20,2023-01-20,Same Day,West,New York,Office Supplies,Art,1025.82,7,0.3,43.65,51.37,,,,No,,0,0
ORD-10021,CUST-0021,2023-10-04,2023-10-09,2023-10-13,2023-10-13,Same Day,East,New York,Furniture,Furnishings,810.31,7,0.0,-18.57,19.13,,,,No,,0,0
ORD-10022,CUST-0022,2024-05-06,2024-05-08,2024-05-10,2024-05-10,Standard Class,South,Miami,Office Supplies,Paper,1042.48,5,0.2,110.16,31.09,,,,No,,0,0
ORD-10023,CUST-0023,2024-07-11,2024-07-16,2024-07-20,2024-07-20,Second Class,West,Miami,Office Supplies,Art,700.26,6,0.1,57.98,33.47,,,,No,,0,0
ORD-10024,CUST-0024,2023-06-25,2023-06-26,2023-06-30,2023-06-30,Same Day,South,Miami,Furniture,Chairs,996.02,4,0.2,331.3,28.52,,,,No,,0,0
ORD-10025,CUST-0025,2024-01-14,2024-01-17,2024-01-19,2024-01-22,Standard Class,West,New York,Technology,Machines,957.3,7,0.1,66.52,6.55,Wrong Size,2024-01-24,736.12,Yes,2.0,3,1
ORD-10026,CUST-0026,2024-04-26,2024-04-27,2024-04-30,2024-04-30,First Class,East,Miami,Office Supplies,Paper,126.24,1,0.3,-1.27,57.38,,,,No,,0,0
ORD-10027,CUST-0027,2024-05-26,2024-05-27,2024-05-30,2024-05-30,Standard Class,South,Chicago,Technology,Phones,420.13,4,0.3,-43.24,20.06,,,,No,,0,0
ORD-10028,CUST-0028,2024-06-18,2024-06-23,2024-06-25,2024-06-25,Second Class,South,New York,Office Supplies,Paper,744.78,5,0.2,-94.85,23.73,,,,No,,0,0
ORD-10029,CUST-0029,2024-01-13,2024-01-17,2024-01-21,2024-01-23,First Class,East,Houston,Technology,Copiers,1129.17,4,0.0,154.34,9.45,,,,No,,2,1
ORD-10030,CUST-0030,2023-09-28,2023-10-05,2023-10-08,2023-10-08,Same Day,East,Chicago,Office Supplies,Art,134.42,2,0.3,-13.82,41.61,No Longer Needed,2023-10-17,94.44,Yes,9.0,0,0
ORD-10031,CUST-0031,2024-04-22,2024-04-24,2024-04-28,2024-04-28,Same Day,West,Seattle,Furniture,Chairs,427.78,3,0.3,-55.79,26.24,,,,No,,0,0
ORD-10032,CUST-0032,2024-06-09,2024-06-14,2024-06-16,2024-06-16,First Class,East,Miami,Furniture,Chairs,935.05,7,0.3,-28.71,41.43,,,,No,,0,0
ORD-10033,CUST-0033,2024-09-23,2024-09-26,2024-09-28,2024-09-28,First Class,South,Houston,Technology,Phones,78.38,5,0.0,21.44,22.58,,,,No,,0,0
ORD-10034,CUST-0034,2024-02-06,2024-02-09,2024-02-11,2024-02-11,Second Class,West,Miami,Office Supplies,Art,811.93,4,0.3,199.56,47.8,No Longer Needed,2024-02-19,804.24,Yes,8.0,0,0
ORD-10035,CUST-0035,2024-01-20,2024-01-23,2024-01-27,2024-01-27,Standard Class,South,Chicago,Technology,Machines,184.45,2,0.0,29.35,7.87,Defective,2024-02-07,161.88,Yes,11.0,0,0
ORD-10036,CUST-0036,2023-10-05,2023-10-10,2023-10-13,2023-10-13,Standard Class,South,Houston,Furniture,Bookcases,703.85,5,0.0,204.24,15.73,,,,No,,0,0
ORD-10037,CUST-0037,2023-09-21,2023-09-22,2023-09-24,2023-09-24,Same Day,South,Seattle,Technology,Accessories,1089.03,7,0.1,-25.22,25.5,,,,No,,0,0
ORD-10038,CUST-0038,2024-07-29,2024-08-02,2024-08-06,2024-08-06,Same Day,East,Seattle,Technology,Machines,581.09,1,0.0,-22.2,57.87,Defective,2024-08-15,532.26,Yes,9.0,0,0
ORD-10039,CUST-0039,2023-08-14,2023-08-15,2023-08-17,2023-08-20,Standard Class,East,Miami,Furniture,Bookcases,839.06,1,0.0,-56.13,14.57,,,,No,,3,1
ORD-10040,CUST-0040,2024-02-14,2024-02-21,2024-02-23,2024-02-25,Same Day,West,Houston,Technology,Copiers,1069.96,4,0.2,19.08,11.84,,,,No,,2,1
ORD-10041,CUST-0041,2024-02-13,2024-02-14,2024-02-16,2024-02-16,Second Class,Central,Seattle,Office Supplies,Storage,650.27,1,0.3,167.05,41.71,,,,No,,0,0
ORD-10042,CUST-0042,2024-10-20,2024-10-23,2024-10-25,2024-10-25,Second Class,South,New York,Office Supplies,Art,1053.84,3,0.3,-71.22,25.85,,,,No,,0,0
ORD-10043,CUST-0043,2023-09-21,2023-09-25,2023-09-27,2023-09-30,Same Day,East,Seattle,Technology,Phones,90.26,1,0.1,-7.5,2.79,Not as Described,2023-10-05,80.82,Yes,5.0,3,1
ORD-10044,CUST-0044,2024-11-30,2024-12-07,2024-12-09,2024-12-09,Standard Class,South,Miami,Technology,Accessories,1021.83,1,0.3,76.92,9.49,,,,No,,0,0
ORD-10045,CUST-0045,2024-09-06,2024-09-10,2024-09-13,2024-09-13,Standard Class,West,Miami,Furniture,Tables,605.33,6,0.1,66.64,51.43,,,,No,,0,0
ORD-10046,CUST-0046,2024-07-08,2024-07-11,2024-07-15,2024-07-15,Second Class,West,Chicago,Technology,Phones,772.64,3,0.1,233.01,37.8,,,,No,,0,0
ORD-10047,CUST-0047,2023-10-02,2023-10-05,2023-10-09,2023-10-09,Same Day,East,Chicago,Office Supplies,Binders,943.63,4,0.0,265.33,57.07,,,,No,,0,0
ORD-10048,CUST-0048,2024-06-22,2024-06-23,2024-06-25,2024-06-28,First Class,Central,Miami,Office Supplies,Binders,262.82,3,0.1,-29.45,9.48,No Longer Needed,2024-07-11,195.36,Yes,13.0,3,1
ORD-10049,CUST-0049,2024-05-03,2024-05-05,2024-05-07,2024-05-09,Second Class,East,Miami,Office Supplies,Binders,1168.14,5,0.0,-44.48,49.66,,,,No,,2,1
ORD-10050,CUST-0050,2023-03-04,2023-03-05,2023-03-07,2023-03-07,First Class,South,Miami,Technology,Phones,611.55,5,0.1,-79.71,48.37,,,,No,,0,0
ORD-10051,CUST-0051,2023-04-20,2023-04-22,2023-04-24,2023-04-24,Second Class,West,Los Angeles,Technology,Phones,722.77,4,0.0,166.22,32.81,,,,No,,0,0
ORD-10052,CUST-0052,2023-06-26,2023-06-30,2023-07-04,2023-07-05,Same Day,West,New York,Technology,Copiers,142.0,2,0.1,6.9,8.08,,,,No,,1,1
ORD-10053,CUST-0053,2024-08-11,2024-08-12,2024-08-15,2024-08-15,Second Class,West,New York,Technology,Copiers,576.65,2,0.1,100.57,29.82,,,,No,,0,0
ORD-10054,CUST-0054,2024-01-31,2024-02-02,2024-02-04,2024-02-04,Standard Class,West,Miami,Office Supplies,Paper,304.56,3,0.3,4.62,56.15,Damaged in Transit,2024-02-06,267.55,Yes,2.0,0,0
ORD-10055,CUST-0055,2023-06-22,2023-06-24,2023-06-28,2023-06-28,First Class,West,Chicago,Technology,Copiers,1077.67,7,0.1,120.97,25.8,,,,No,,0,0
ORD-10056,CUST-0056,2024-02-08,2024-02-15,2024-02-19,2024-02-20,Standard Class,South,Seattle,Office Supplies,Art,871.63,6,0.0,182.37,33.03,,,,No,,1,1
ORD-10057,CUST-0057,2023-05-11,2023-05-13,2023-05-17,2023-05-17,First Class,East,Miami,Technology,Copiers,151.08,2,0.3,15.57,56.06,,,,No,,0,0
ORD-10058,CUST-0058,2023-08-24,2023-08-25,2023-08-29,2023-08-29,Second Class,Central,Los Angeles,Office Supplies,Art,974.7,1,0.3,-144.88,8.77,,,,No,,0,0
ORD-10059,CUST-0059,2023-09-02,2023-09-09,2023-09-12,2023-09-12,Second Class,South,Seattle,Office Supplies,Binders,881.08,1,0.0,-52.32,5.86,,,,No,,0,0
ORD-10060,CUST-0060,2023-04-08,2023-04-12,2023-04-15,2023-04-16,Second Class,South,Miami,Technology,Phones,980.27,3,0.0,297.94,20.34,,,,No,,1,1
ORD-10061,CUST-0061,2024-09-21,2024-09-24,2024-09-26,2024-09-26,First Class,West,Miami,Office Supplies,Binders,436.1,7,0.0,53.11,54.58,,,,No,,0,0
ORD-10062,CUST-0062,2023-08-21,2023-08-25,2023-08-28,2023-08-28,Standard Class,Central,New York,Technology,Phones,602.08,6,0.1,147.09,10.8,,,,No,,0,0
ORD-10063,CUST-0063,2023-01-24,2023-01-27,2023-01-30,2023-01-30,Same Day,East,Seattle,Technology,Accessories,988.19,7,0.2,77.57,37.03,,,,No,,0,0
ORD-10064,CUST-0064,2023-06-10,2023-06-14,2023-06-17,2023-06-17,Second Class,West,Chicago,Office Supplies,Art,658.13,3,0.1,15.04,12.53,,,,No,,0,0
ORD-10065,CUST-0065,2024-10-25,2024-10-27,2024-10-29,2024-10-29,Same Day,East,Chicago,Furniture,Chairs,36.46,4,0.1,11.52,34.78,,,,No,,0,0
ORD-10066,CUST-0066,2024-06-23,2024-06-25,2024-06-27,2024-06-27,Second Class,Central,New York,Technology,Copiers,1010.92,3,0.0,-94.4,59.12,,,,No,,0,0
ORD-10067,CUST-0067,2023-08-21,2023-08-23,2023-08-27,2023-08-27,Same Day,East,Chicago,Office Supplies,Binders,896.94,2,0.2,218.76,37.02,Defective,2023-09-06,663.22,Yes,10.0,0,0
ORD-10068,CUST-0068,2024-10-05,2024-10-07,2024-10-10,2024-10-10,Second Class,East,New York,Technology,Copiers,281.16,4,0.1,-22.37,12.23,,,,No,,0,0
ORD-10069,CUST-0069,2023-09-11,2023-09-14,2023-09-17,2023-09-17,Standard Class,South,New York,Office Supplies,Binders,225.97,4,0.0,-17.1,26.05,,,,No,,0,0
ORD-10070,CUST-0070,2023-07-29,2023-07-31,2023-08-03,2023-08-03,First Class,West,New York,Office Supplies,Storage,429.02,6,0.3,69.71,23.91,,,,No,,0,0
ORD-10071,CUST-0071,2024-06-26,2024-06-29,2024-07-02,2024-07-02,Same Day,West,Chicago,Office Supplies,Paper,678.17,7,0.2,-40.04,51.98,,,,No,,0,0
ORD-10072,CUST-0072,2024-09-20,2024-09-23,2024-09-25,2024-09-25,Standard Class,South,Miami,Furniture,Tables,1042.39,1,0.0,-40.67,15.4,,,,No,,0,0
ORD-10073,CUST-0073,2023-08-26,2023-08-29,2023-09-02,2023-09-02,Second Class,Central,Chicago,Office Supplies,Paper,969.3,6,0.1,321.15,56.78,,,,No,,0,0
ORD-10074,CUST-0074,2023-01-10,2023-01-11,2023-01-15,2023-01-16,Second Class,Central,Chicago,Furniture,Bookcases,705.9,4,0.0,209.18,49.41,,,,No,,1,1
ORD-10075,CUST-0075,2023-09-12,2023-09-13,2023-09-15,2023-09-15,Second Class,West,Los Angeles,Technology,Phones,531.81,4,0.1,172.43,46.29,,,,No,,0,0
ORD-10076,CUST-0076,2024-09-18,2024-09-22,2024-09-24,2024-09-24,Same Day,West,Chicago,Office Supplies,Binders,656.84,5,0.0,-13.83,10.08,,,,No,,0,0
ORD-10077,CUST-0077,2024-09-22,2024-09-26,2024-09-28,2024-09-28,First Class,East,Chicago,Technology,Phones,980.84,1,0.0,124.65,39.78,,,,No,,0,0
ORD-10078,CUST-0078,2023-04-09,2023-04-11,2023-04-15,2023-04-17,Second Class,West,Chicago,Office Supplies,Art,765.22,5,0.0,235.08,26.29,,,,No,,2,1
ORD-10079,CUST-0079,2023-04-27,2023-05-01,2023-05-05,2023-05-05,Second Class,Central,Miami,Technology,Phones,476.32,3,0.2,99.8,19.23,,,,No,,0,0
ORD-10080,CUST-0080,2023-04-05,2023-04-08,2023-04-11,2023-04-11,Standard Class,East,New York,Office Supplies,Storage,1012.21,1,0.1,150.23,21.39,,,,No,,0,0
ORD-10081,CUST-0081,2023-09-04,2023-09-07,2023-09-09,2023-09-09,Same Day,Central,Seattle,Office Supplies,Storage,104.98,2,0.3,-15.62,58.13,Defective,2023-09-19,86.12,Yes,10.0,0,0
ORD-10082,CUST-0082,2023-03-06,2023-03-13,2023-03-15,2023-03-16,Second Class,South,Miami,Office Supplies,Binders,234.38,6,0.1,50.65,48.78,,,,No,,1,1
ORD-10083,CUST-0083,2024-11-17,2024-11-24,2024-11-28,2024-11-28,Second Class,Central,Seattle,Furniture,Tables,61.72,2,0.0,-3.69,34.94,,,,No,,0,0
ORD-10084,CUST-0084,2024-05-26,2024-05-28,2024-05-31,2024-05-31,First Class,South,Los Angeles,Technology,Machines,1036.52,7,0.1,9.9,50.08,No Longer Needed,2024-06-06,902.49,Yes,6.0,0,0
ORD-10085,CUST-0085,2024-01-28,2024-01-31,2024-02-04,2024-02-04,Standard Class,South,Seattle,Office Supplies,Storage,494.32,7,0.0,58.92,40.38,,,,No,,0,0
ORD-10086,CUST-0086,2024-03-07,2024-03-09,2024-03-13,2024-03-13,Same Day,East,Miami,Technology,Machines,1051.52,5,0.0,336.0,48.33,,,,No,,0,0
ORD-10087,CUST-0087,2023-03-03,2023-03-04,2023-03-06,2023-03-06,Second Class,South,Miami,Office Supplies,Binders,925.4,1,0.2,202.47,15.85,No Longer Needed,2023-03-13,802.94,Yes,7.0,0,0
ORD-10088,CUST-0088,2024-08-19,2024-08-23,2024-08-25,2024-08-25,Standard Class,East,Seattle,Furniture,Tables,68.44,7,0.0,3.14,9.22,,,,No,,0,0
ORD-10089,CUST-0089,2023-03-04,2023-03-07,2023-03-11,2023-03-13,Second Class,East,Los Angeles,Office Supplies,Binders,1187.18,7,0.2,-139.5,25.29,,,,No,,2,1
ORD-10090,CUST-0090,2023-12-25,2023-12-27,2023-12-30,2023-12-30,First Class,South,Chicago,Furniture,Tables,938.81,6,0.3,-113.67,58.21,,,,No,,0,0
ORD-10091,CUST-0091,2024-01-03,2024-01-05,2024-01-09,2024-01-10,Second Class,East,Chicago,Office Supplies,Art,1078.46,3,0.3,-41.08,33.14,,,,No,,1,1
ORD-10092,CUST-0092,2023-11-17,2023-11-19,2023-11-23,2023-11-23,Second Class,South,Houston,Technology,Phones,1024.85,2,0.0,14.89,56.03,,,,No,,0,0
ORD-10093,CUST-0093,2023-09-18,2023-09-20,2023-09-22,2023-09-22,Same Day,West,Seattle,Office Supplies,Binders,275.92,5,0.2,-30.88,51.37,,,,No,,0,0
ORD-10094,CUST-0094,2024-09-26,2024-09-29,2024-10-02,2024-10-02,First Class,East,New York,Technology,Phones,1056.18,3,0.2,290.76,52.3,,,,No,,0,0
ORD-10095,CUST-0095,2024-10-13,2024-10-14,2024-10-18,2024-10-19,Standard Class,West,Chicago,Furniture,Bookcases,1154.16,1,0.1,334.17,2.3,,,,No,,1,1
ORD-10096,CUST-0096,2024-07-26,2024-07-31,2024-08-02,2024-08-02,Same Day,East,Los Angeles,Furniture,Chairs,746.06,1,0.0,123.78,17.07,,,,No,,0,0
ORD-10097,CUST-0097,2023-03-31,2023-04-02,2023-04-06,2023-04-06,Second Class,South,Los Angeles,Technology,Machines,479.7,7,0.3,-47.37,56.36,,,,No,,0,0
ORD-10098,CUST-0098,2023-04-27,2023-05-01,2023-05-03,2023-05-03,First Class,Central,Houston,Office Supplies,Paper,103.51,2,0.0,35.72,41.21,,,,No,,0,0
ORD-10099,CUST-0099,2024-06-14,2024-06-15,2024-06-19,2024-06-20,First Class,East,New York,Office Supplies,Art,927.93,2,0.0,-65.45,29.18,,,,No,,1,1
ORD-10100,CUST-0100,2023-04-25,2023-04-29,2023-05-01,2023-05-01,Same Day,East,Seattle,Technology,Machines,821.39,6,0.1,-10.98,57.15,,,,No,,0,0
ORD-10101,CUST-0101,2024-09-28,2024-10-03,2024-10-06,2024-10-07,Same Day,West,Houston,Office Supplies,Storage,500.06,4,0.0,-21.73,3.81,,,,No,,1,1
ORD-10102,CUST-0102,2023-11-28,2023-12-05,2023-12-08,2023-12-08,Standard Class,South,Houston,Furniture,Furnishings,928.54,6,0.0,214.04,38.32,,,,No,,0,0
ORD-10103,CUST-0103,2024-11-08,2024-11-10,2024-11-14,2024-11-14,Second Class,West,Seattle,Furniture,Chairs,734.66,4,0.2,94.92,15.08,,,,No,,0,0
ORD-10104,CUST-0104,2023-07-08,2023-07-12,2023-07-16,2023-07-19,Same Day,Central,Miami,Furniture,Chairs,100.85,2,0.1,19.92,51.89,,,,No,,3,1
ORD-10105,CUST-0105,2024-06-08,2024-06-09,2024-06-11,2024-06-11,Second Class,East,New York,Furniture,Tables,747.51,4,0.0,97.04,2.57,,,,No,,0,0
ORD-10106,CUST-0106,2024-09-09,2024-09-10,2024-09-12,2024-09-12,Standard Class,South,Los Angeles,Office Supplies,Paper,1173.3,2,0.0,293.67,13.61,,,,No,,0,0
ORD-10107,CUST-0107,2023-03-28,2023-04-02,2023-04-04,2023-04-06,First Class,Central,Los Angeles,Furniture,Furnishings,369.12,4,0.0,60.04,47.44,,,,No,,2,1
ORD-10108,CUST-0108,2024-09-18,2024-09-21,2024-09-24,2024-09-25,Standard Class,East,Los Angeles,Office Supplies,Storage,638.79,2,0.1,135.69,36.41,,,,No,,1,1
ORD-10109,CUST-0109,2023-06-03,2023-06-10,2023-06-12,2023-06-12,Same Day,East,Los Angeles,Technology,Machines,66.74,4,0.0,-9.31,39.89,,,,No,,0,0
ORD-10110,CUST-0110,2024-03-31,2024-04-02,2024-04-06,2024-04-06,Same Day,East,Houston,Office Supplies,Storage,320.35,4,0.0,91.02,44.18,,,,No,,0,0
ORD-10111,CUST-0111,2024-05-29,2024-06-02,2024-06-05,2024-06-07,Second Class,Central,Los Angeles,Office Supplies,Art,49.83,2,0.2,14.29,54.24,,,,No,,2,1
ORD-10112,CUST-0112,2023-07-18,2023-07-20,2023-07-24,2023-07-24,Second Class,West,Seattle,Office Supplies,Storage,294.41,2,0.2,89.65,12.42,,,,No,,0,0
ORD-10113,CUST-0113,2024-08-21,2024-08-24,2024-08-27,2024-08-27,Standard Class,South,Chicago,Office Supplies,Paper,625.06,1,0.2,91.56,11.48,,,,No,,0,0
ORD-10114,CUST-0114,2024-08-23,2024-08-24,2024-08-26,2024-08-27,Standard Class,West,Houston,Furniture,Chairs,295.88,7,0.1,86.35,27.64,,,,No,,1,1
ORD-10115,CUST-0115,2024-08-03,2024-08-06,2024-08-10,2024-08-12,Standard Class,South,Houston,Office Supplies,Paper,213.63,1,0.1,46.61,40.5,,,,No,,2,1
ORD-10116,CUST-0116,2023-11-09,2023-11-14,2023-11-17,2023-11-17,Second Class,East,Seattle,Furniture,Tables,1184.23,1,0.3,376.94,4.28,Not as Described,2023-11-20,871.26,Yes,3.0,0,0
ORD-10117,CUST-0117,2023-03-03,2023-03-04,2023-03-08,2023-03-08,First Class,Central,Los Angeles,Furniture,Chairs,583.68,3,0.1,-82.48,20.74,,,,No,,0,0
ORD-10118,CUST-0118,2023-12-09,2023-12-13,2023-12-17,2023-12-17,Second Class,East,Miami,Office Supplies,Art,1128.69,4,0.0,-63.01,44.39,,,,No,,0,0
ORD-10119,CUST-0119,2023-06-28,2023-07-02,2023-07-06,2023-07-08,Standard Class,East,Los Angeles,Office Supplies,Paper,304.31,2,0.0,-41.02,56.0,,,,No,,2,1
ORD-10120,CUST-0120,2024-10-20,2024-10-25,2024-10-27,2024-10-27,Standard Class,East,New York,Office Supplies,Paper,1199.31,6,0.0,339.67,59.61,,,,No,,0,0
ORD-10121,CUST-0121,2023-03-18,2023-03-22,2023-03-25,2023-03-25,Second Class,West,New York,Office Supplies,Paper,1083.13,5,0.0,9.31,52.4,,,,No,,0,0
ORD-10122,CUST-0122,2023-08-18,2023-08-21,2023-08-24,2023-08-24,First Class,Central,Miami,Office Supplies,Art,664.97,1,0.0,81.69,27.78,No Longer Needed,2023-08-30,472.35,Yes,6.0,0,0
ORD-10123,CUST-0123,2024-03-25,2024-03-29,2024-03-31,2024-03-31,Same Day,East,Houston,Technology,Copiers,1018.89,4,0.3,261.74,8.32,Wrong Size,2024-04-06,957.22,Yes,6.0,0,0
ORD-10124,CUST-0124,2023-11-30,2023-12-02,2023-12-06,2023-12-07,Standard Class,South,Los Angeles,Technology,Machines,632.66,5,0.1,-92.51,39.55,,,,No,,1,1
ORD-10125,CUST-0125,2023-09-24,2023-09-26,2023-09-28,2023-09-28,Same Day,South,Chicago,Furniture,Chairs,746.56,5,0.2,138.15,55.92,,,,No,,0,0
ORD-10126,CUST-0126,2024-03-03,2024-03-07,2024-03-09,2024-03-12,Same Day,East,Chicago,Technology,Accessories,229.66,7,0.2,-13.61,32.46,,,,No,,3,1
ORD-10127,CUST-0127,2023-05-10,2023-05-17,2023-05-20,2023-05-21,Same Day,East,Chicago,Office Supplies,Art,638.9,7,0.1,-95.01,39.0,,,,No,,1,1
ORD-10128,CUST-0128,2023-05-29,2023-06-01,2023-06-04,2023-06-04,Same Day,Central,Chicago,Technology,Copiers,433.8,2,0.1,104.23,17.94,,,,No,,0,0
ORD-10129,CUST-0129,2024-07-20,2024-07-24,2024-07-27,2024-07-27,Standard Class,Central,Los Angeles,Office Supplies,Storage,293.75,4,0.0,25.39,33.05,,,,No,,0,0
ORD-10130,CUST-0130,2024-02-29,2024-03-03,2024-03-06,2024-03-06,Standard Class,Central,New York,Office Supplies,Binders,603.67,2,0.1,89.66,41.2,,,,No,,0,0
ORD-10131,CUST-0131,2024-04-29,2024-05-06,2024-05-09,2024-05-09,Same Day,East,Los Angeles,Technology,Accessories,1088.05,5,0.2,-116.61,53.86,,,,No,,0,0
ORD-10132,CUST-0132,2023-08-29,2023-09-01,2023-09-03,2023-09-03,Second Class,West,Chicago,Furniture,Chairs,97.87,5,0.0,18.6,15.39,,,,No,,0,0
ORD-10133,CUST-0133,2024-11-26,2024-11-30,2024-12-02,2024-12-05,Standard Class,Central,Chicago,Office Supplies,Art,86.27,4,0.0,28.37,12.17,,,,No,,3,1
ORD-10134,CUST-0134,2023-03-09,2023-03-12,2023-03-14,2023-03-14,Same Day,South,New York,Technology,Machines,1113.71,5,0.2,375.41,3.16,,,,No,,0,0
ORD-10135,CUST-0135,2024-08-12,2024-08-15,2024-08-18,2024-08-18,Second Class,East,Chicago,Technology,Copiers,166.34,4,0.2,34.0,4.1,,,,No,,0,0
ORD-10136,CUST-0136,2023-09-24,2023-09-26,2023-09-28,2023-09-28,First Class,West,Houston,Office Supplies,Art,346.45,2,0.2,99.32,11.38,,,,No,,0,0
ORD-10137,CUST-0137,2024-08-18,2024-08-20,2024-08-24,2024-08-24,Standard Class,Central,Chicago,Office Supplies,Binders,466.04,2,0.1,114.19,19.67,,,,No,,0,0
ORD-10138,CUST-0138,2023-04-18,2023-04-20,2023-04-23,2023-04-26,Second Class,West,Seattle,Office Supplies,Binders,696.57,5,0.0,216.9,30.25,,,,No,,3,1
ORD-10139,CUST-0139,2023-08-11,2023-08-18,2023-08-21,2023-08-21,Same Day,South,Houston,Office Supplies,Art,581.71,4,0.0,-19.62,6.64,,,,No,,0,0
ORD-10140,CUST-0140,2023-08-07,2023-08-10,2023-08-13,2023-08-13,First Class,West,Chicago,Technology,Copiers,271.01,6,0.0,47.45,10.82,Damaged in Transit,2023-08-21,248.73,Yes,8.0,0,0
ORD-10141,CUST-0141,2023-05-29,2023-06-01,2023-06-04,2023-06-04,First Class,South,Houston,Office Supplies,Binders,524.95,1,0.1,-59.15,47.4,,,,No,,0,0
ORD-10142,CUST-0142,2024-03-08,2024-03-11,2024-03-13,2024-03-13,Standard Class,Central,Los Angeles,Office Supplies,Binders,754.32,4,0.0,-63.85,53.42,,,,No,,0,0
ORD-10143,CUST-0143,2023-10-17,2023-10-22,2023-10-24,2023-10-24,Second Class,South,Seattle,Technology,Machines,508.14,3,0.3,-71.34,17.07,,,,No,,0,0
ORD-10144,CUST-0144,2023-05-31,2023-06-01,2023-06-04,2023-06-04,Same Day,South,Seattle,Furniture,Chairs,1152.1,4,0.0,-109.6,33.78,,,,No,,0,0
ORD-10145,CUST-0145,2023-12-08,2023-12-10,2023-12-13,2023-12-13,Same Day,East,New York,Office Supplies,Art,1033.58,2,0.3,339.13,9.72,Wrong Size,2023-12-14,748.88,Yes,1.0,0,0
ORD-10146,CUST-0146,2024-04-26,2024-04-29,2024-05-01,2024-05-01,Same Day,East,New York,Technology,Copiers,1083.59,5,0.2,182.69,40.24,,,,No,,0,0
ORD-10147,CUST-0147,2023-02-16,2023-02-19,2023-02-23,2023-02-23,First Class,South,New York,Technology,Machines,821.07,5,0.0,183.18,40.22,,,,No,,0,0
ORD-10148,CUST-0148,2024-10-31,2024-11-04,2024-11-07,2024-11-07,Second Class,West,Chicago,Technology,Copiers,932.96,7,0.1,-53.55,12.1,Wrong Size,2024-11-11,688.73,Yes,4.0,0,0
ORD-10149,CUST-0149,2023-01-15,2023-01-16,2023-01-18,2023-01-18,Standard Class,East,New York,Technology,Phones,1171.55,7,0.0,-169.62,16.81,,,,No,,0,0
ORD-10150,CUST-0150,2024-01-07,2024-01-08,2024-01-11,2024-01-11,Same Day,West,Los Angeles,Furniture,Bookcases,1176.26,6,0.3,166.1,45.39,,,,No,,0,0
ORD-10151,CUST-0151,2023-01-31,2023-02-01,2023-02-04,2023-02-04,Same Day,South,Los Angeles,Office Supplies,Storage,666.86,2,0.0,-45.45,17.88,,,,No,,0,0
ORD-10152,CUST-0152,2024-09-12,2024-09-15,2024-09-19,2024-09-19,Second Class,South,Miami,Office Supplies,Storage,1018.12,1,0.0,171.08,14.82,,,,No,,0,0
ORD-10153,CUST-0153,2024-06-27,2024-07-01,2024-07-05,2024-07-05,First Class,West,Los Angeles,Technology,Phones,1125.8,5,0.3,-76.1,9.64,,,,No,,0,0
ORD-10154,CUST-0154,2023-04-16,2023-04-18,2023-04-21,2023-04-21,Standard Class,South,Seattle,Office Supplies,Art,740.15,6,0.1,-54.93,7.44,,,,No,,0,0
ORD-10155,CUST-0155,2023-04-23,2023-04-26,2023-04-28,2023-04-28,First Class,Central,Los Angeles,Technology,Copiers,132.53,2,0.0,-6.36,34.19,,,,No,,0,0
ORD-10156,CUST-0156,2024-04-26,2024-04-28,2024-04-30,2024-04-30,Same Day,Central,Los Angeles,Furniture,Tables,1010.36,4,0.0,-145.98,45.47,,,,No,,0,0
ORD-10157,CUST-0157,2024-08-12,2024-08-15,2024-08-19,2024-08-22,First Class,East,Chicago,Office Supplies,Binders,777.39,2,0.1,-63.04,40.46,Wrong Size,2024-08-23,752.34,Yes,1.0,3,1
ORD-10158,CUST-0158,2024-03-09,2024-03-11,2024-03-13,2024-03-13,Same Day,South,Miami,Office Supplies,Storage,584.95,6,0.1,-68.77,35.64,,,,No,,0,0
ORD-10159,CUST-0159,2023-12-07,2023-12-10,2023-12-14,2023-12-14,Same Day,South,Los Angeles,Technology,Phones,769.24,3,0.3,171.51,58.95,,,,No,,0,0
ORD-10160,CUST-0160,2023-11-05,2023-11-06,2023-11-10,2023-11-10,Standard Class,East,New York,Office Supplies,Storage,276.43,3,0.2,60.22,59.9,,,,No,,0,0
ORD-10161,CUST-0161,2024-03-22,2024-03-25,2024-03-29,2024-03-29,Second Class,West,Los Angeles,Office Supplies,Paper,900.46,7,0.0,292.79,13.77,,,,No,,0,0
ORD-10162,CUST-0162,2023-01-19,2023-01-20,2023-01-23,2023-01-23,Standard Class,South,Seattle,Office Supplies,Storage,368.99,5,0.1,-7.51,26.92,,,,No,,0,0
ORD-10163,CUST-0163,2023-12-03,2023-12-06,2023-12-08,2023-12-08,Second Class,West,Houston,Office Supplies,Paper,877.61,2,0.1,60.05,44.31,,,,No,,0,0
ORD-10164,CUST-0164,2023-04-02,2023-04-04,2023-04-06,2023-04-09,Second Class,South,Miami,Furniture,Furnishings,67.84,6,0.2,-0.82,17.99,,,,No,,3,1
ORD-10165,CUST-0165,2023-10-28,2023-11-02,2023-11-05,2023-11-05,First Class,Central,Miami,Office Supplies,Art,70.1,2,0.0,9.18,22.06,,,,No,,0,0
ORD-10166,CUST-0166,2024-09-21,2024-09-22,2024-09-26,2024-09-29,Standard Class,West,Seattle,Office Supplies,Storage,481.24,2,0.2,117.35,38.22,,,,No,,3,1
ORD-10167,CUST-0167,2024-04-02,2024-04-04,2024-04-06,2024-04-06,Standard Class,Central,Miami,Technology,Copiers,1161.32,5,0.0,-161.4,43.76,,,,No,,0,0
ORD-10168,CUST-0168,2024-01-28,2024-01-31,2024-02-02,2024-02-02,Standard Class,West,Seattle,Office Supplies,Storage,95.19,6,0.0,11.59,6.74,,,,No,,0,0
ORD-10169,CUST-0169,2023-04-09,2023-04-13,2023-04-15,2023-04-15,Second Class,Central,Los Angeles,Office Supplies,Art,560.29,7,0.2,-66.6,31.73,,,,No,,0,0
ORD-10170,CUST-0170,2024-07-04,2024-07-06,2024-07-10,2024-07-12,Standard Class,East,Chicago,Office Supplies,Art,911.75,6,0.3,163.95,11.37,,,,No,,2,1
ORD-10171,CUST-0171,2024-06-09,2024-06-12,2024-06-15,2024-06-15,First Class,West,Los Angeles,Office Supplies,Art,349.68,2,0.2,87.13,23.57,,,,No,,0,0
ORD-10172,CUST-0172,2024-06-26,2024-07-03,2024-07-06,2024-07-06,Second Class,South,Houston,Office Supplies,Binders,699.45,5,0.0,33.56,55.08,,,,No,,0,0
ORD-10173,CUST-0173,2024-01-26,2024-01-28,2024-02-01,2024-02-01,Same Day,South,Los Angeles,Technology,Machines,1180.47,1,0.2,-57.83,12.69,,,,No,,0,0
ORD-10174,CUST-0174,2023-08-08,2023-08-12,2023-08-15,2023-08-15,Standard Class,West,Houston,Technology,Copiers,891.58,7,0.0,52.5,59.08,,,,No,,0,0
ORD-10175,CUST-0175,2024-11-28,2024-12-05,2024-12-09,2024-12-09,First Class,East,Houston,Furniture,Chairs,125.24,4,0.0,32.75,14.17,,,,No,,0,0
ORD-10176,CUST-0176,2024-08-23,2024-08-28,2024-08-31,2024-08-31,First Class,South,Houston,Technology,Phones,573.33,7,0.2,45.66,22.75,,,,No,,0,0
ORD-10177,CUST-0177,2024-01-03,2024-01-05,2024-01-08,2024-01-08,Second Class,East,Seattle,Office Supplies,Art,1087.85,3,0.0,244.13,39.77,,,,No,,0,0
ORD-10178,CUST-0178,2024-07-18,2024-07-23,2024-07-27,2024-07-27,Standard Class,South,Los Angeles,Furniture,Furnishings,141.02,3,0.2,26.91,11.69,,,,No,,0,0
ORD-10179,CUST-0179,2024-04-30,2024-05-03,2024-05-06,2024-05-06,First Class,South,Seattle,Furniture,Chairs,375.18,6,0.2,119.74,52.53,,,,No,,0,0
ORD-10180,CUST-0180,2024-09-21,2024-09-25,2024-09-28,2024-09-28,First Class,West,Los Angeles,Office Supplies,Storage,476.86,6,0.2,19.46,9.47,,,,No,,0,0
ORD-10181,CUST-0181,2023-10-23,2023-10-24,2023-10-27,2023-10-29,Standard Class,Central,Miami,Office Supplies,Art,853.61,6,0.1,224.52,42.56,,,,No,,2,1
ORD-10182,CUST-0182,2024-05-23,2024-05-25,2024-05-29,2024-05-29,Same Day,East,Houston,Office Supplies,Art,148.41,6,0.3,17.86,7.6,,,,No,,0,0
ORD-10183,CUST-0183,2023-07-30,2023-08-02,2023-08-06,2023-08-06,Standard Class,South,Seattle,Technology,Phones,72.05,4,0.2,19.9,40.73,,,,No,,0,0
ORD-10184,CUST-0184,2024-08-09,2024-08-11,2024-08-15,2024-08-15,Standard Class,East,New York,Technology,Phones,632.91,5,0.2,-25.25,30.33,,,,No,,0,0
ORD-10185,CUST-0185,2024-04-13,2024-04-18,2024-04-20,2024-04-20,Standard Class,Central,Miami,Office Supplies,Art,390.58,4,0.0,7.97,11.56,,,,No,,0,0
ORD-10186,CUST-0186,2024-02-19,2024-02-23,2024-02-27,2024-02-27,Standard Class,South,Miami,Furniture,Tables,947.3,3,0.2,308.12,36.84,,,,No,,0,0
ORD-10187,CUST-0187,2023-02-19,2023-02-21,2023-02-23,2023-02-23,Same Day,West,Los Angeles,Office Supplies,Storage,180.93,4,0.0,60.75,21.22,,,,No,,0,0
ORD-10188,CUST-0188,2023-11-10,2023-11-13,2023-11-15,2023-11-15,Standard Class,South,Miami,Furniture,Tables,73.65,3,0.2,-7.07,21.65,,,,No,,0,0
ORD-10189,CUST-0189,2023-10-05,2023-10-06,2023-10-08,2023-10-08,Same Day,Central,Miami,Furniture,Chairs,984.57,5,0.1,285.46,35.34,Defective,2023-10-16,916.38,Yes,8.0,0,0
ORD-10190,CUST-0190,2024-11-25,2024-11-26,2024-11-29,2024-11-29,Second Class,Central,Houston,Office Supplies,Storage,502.06,5,0.3,-10.5,41.13,,,,No,,0,0
ORD-10191,CUST-0191,2024-07-28,2024-07-29,2024-08-02,2024-08-02,First Class,South,Chicago,Technology,Machines,85.54,7,0.2,16.53,8.64,,,,No,,0,0
ORD-10192,CUST-0192,2023-03-06,2023-03-09,2023-03-11,2023-03-11,Second Class,West,Chicago,Furniture,Bookcases,903.57,2,0.3,171.08,22.99,,,,No,,0,0
ORD-10193,CUST-0193,2023-04-08,2023-04-09,2023-04-13,2023-04-15,Second Class,South,Los Angeles,Technology,Machines,893.06,5,0.1,104.47,10.24,Wrong Size,2023-04-17,892.03,Yes,2.0,2,1
ORD-10194,CUST-0194,2023-11-11,2023-11-12,2023-11-16,2023-11-16,Same Day,Central,Seattle,Furniture,Chairs,271.02,1,0.0,-31.52,24.47,,,,No,,0,0
ORD-10195,CUST-0195,2023-07-12,2023-07-14,2023-07-17,2023-07-17,Same Day,South,Chicago,Office Supplies,Art,989.57,4,0.2,305.1,27.0,,,,No,,0,0
ORD-10196,CUST-0196,2023-09-17,2023-09-18,2023-09-20,2023-09-20,Standard Class,West,Houston,Office Supplies,Art,525.18,4,0.3,154.95,22.06,,,,No,,0,0
ORD-10197,CUST-0197,2023-09-23,2023-09-24,2023-09-28,2023-09-28,First Class,South,New York,Office Supplies,Binders,134.99,5,0.0,36.56,35.65,,,,No,,0,0
ORD-10198,CUST-0198,2023-04-09,2023-04-12,2023-04-16,2023-04-16,First Class,East,Seattle,Furniture,Tables,61.21,6,0.1,2.69,11.28,Defective,2023-04-24,47.51,Yes,8.0,0,0
ORD-10199,CUST-0199,2023-07-22,2023-07-29,2023-07-31,2023-07-31,First Class,West,Houston,Office Supplies,Storage,1067.76,4,0.0,281.2,59.07,,,,No,,0,0
ORD-10200,CUST-0200,2023-01-22,2023-01-29,2023-02-01,2023-02-01,Same Day,East,Los Angeles,Furniture,Chairs,645.73,5,0.3,172.3,27.55,,,,No,,0,0
ORD-10201,CUST-0201,2023-05-05,2023-05-08,2023-05-12,2023-05-12,Second Class,Central,Houston,Technology,Machines,660.62,1,0.2,93.47,59.98,No Longer Needed,2023-05-15,559.11,Yes,3.0,0,0
ORD-10202,CUST-0202,2023-10-09,2023-10-16,2023-10-19,2023-10-19,Second Class,Central,Los Angeles,Office Supplies,Paper,561.81,7,0.3,-42.7,51.45,,,,No,,0,0
ORD-10203,CUST-0203,2024-09-28,2024-10-02,2024-10-04,2024-10-04,Same Day,West,New York,Furniture,Tables,951.75,4,0.3,235.18,17.99,,,,No,,0,0
ORD-10204,CUST-0204,2024-10-26,2024-10-29,2024-11-01,2024-11-01,First Class,East,Miami,Office Supplies,Paper,634.1,6,0.1,66.98,30.55,,,,No,,0,0
ORD-10205,CUST-0205,2023-11-16,2023-11-19,2023-11-23,2023-11-24,Standard Class,South,Los Angeles,Office Supplies,Binders,579.63,7,0.0,-69.71,2.18,,,,No,,1,1
ORD-10206,CUST-0206,2023-08-07,2023-08-09,2023-08-11,2023-08-11,Same Day,West,Seattle,Office Supplies,Storage,884.83,2,0.3,-119.21,52.58,,,,No,,0,0
ORD-10207,CUST-0207,2023-09-09,2023-09-14,2023-09-18,2023-09-18,Standard Class,South,New York,Technology,Machines,1188.8,2,0.0,314.12,19.09,Damaged in Transit,2023-09-26,916.49,Yes,8.0,0,0
ORD-10208,CUST-0208,2024-03-19,2024-03-20,2024-03-22,2024-03-23,Second Class,West,Miami,Technology,Copiers,973.88,1,0.2,194.79,8.06,,,,No,,1,1
ORD-10209,CUST-0209,2023-10-13,2023-10-16,2023-10-19,2023-10-19,Second Class,South,New York,Office Supplies,Paper,972.76,5,0.0,-142.95,7.85,,,,No,,0,0
ORD-10210,CUST-0210,2023-12-17,2023-12-21,2023-12-24,2023-12-24,Same Day,West,Los Angeles,Furniture,Chairs,805.22,7,0.2,226.83,25.28,,,,No,,0,0
ORD-10211,CUST-0211,2023-01-16,2023-01-19,2023-01-23,2023-01-23,First Class,Central,Miami,Office Supplies,Binders,54.9,3,0.3,3.19,46.06,,,,No,,0,0
ORD-10212,CUST-0212,2023-11-14,2023-11-19,2023-11-22,2023-11-22,Same Day,East,Los Angeles,Office Supplies,Paper,563.86,6,0.2,0.9,18.82,,,,No,,0,0
ORD-10213,CUST-0213,2024-06-26,2024-06-28,2024-07-02,2024-07-02,Second Class,East,Chicago,Technology,Copiers,761.03,3,0.0,170.72,20.42,Damaged in Transit,2024-07-08,674.91,Yes,6.0,0,0
ORD-10214,CUST-0214,2024-05-15,2024-05-18,2024-05-20,2024-05-20,First Class,Central,New York,Technology,Phones,418.34,4,0.0,-45.45,55.99,,,,No,,0,0
ORD-10215,CUST-0215,2024-08-12,2024-08-14,2024-08-17,2024-08-19,Standard Class,South,Los Angeles,Office Supplies,Binders,462.12,4,0.1,-48.69,41.85,,,,No,,2,1
ORD-10216,CUST-0216,2024-08-13,2024-08-17,2024-08-21,2024-08-21,Standard Class,South,Los Angeles,Technology,Phones,231.63,4,0.1,75.37,42.75,,,,No,,0,0
ORD-10217,CUST-0217,2024-03-20,2024-03-27,2024-03-29,2024-03-29,First Class,East,Seattle,Technology,Copiers,1041.0,3,0.0,174.07,46.71,Wrong Size,2024-03-30,764.74,Yes,1.0,0,0
ORD-10218,CUST-0218,2023-10-19,2023-10-24,2023-10-28,2023-10-28,Standard Class,South,Houston,Office Supplies,Paper,574.65,6,0.0,142.58,45.73,Damaged in Transit,2023-11-04,424.19,Yes,7.0,0,0
ORD-10219,CUST-0219,2024-06-01,2024-06-03,2024-06-05,2024-06-05,Second Class,East,Houston,Office Supplies,Binders,1069.9,4,0.1,36.26,5.37,,,,No,,0,0
ORD-10220,CUST-0220,2023-03-11,2023-03-15,2023-03-17,2023-03-17,Same Day,West,Houston,Office Supplies,Paper,855.62,6,0.0,-114.9,44.7,,,,No,,0,0
ORD-10221,CUST-0221,2023-01-07,2023-01-10,2023-01-13,2023-01-13,Standard Class,West,Los Angeles,Office Supplies,Art,554.08,7,0.0,61.31,58.61,,,,No,,0,0
ORD-10222,CUST-0222,2023-09-25,2023-09-27,2023-09-29,2023-09-29,Same Day,Central,Seattle,Furniture,Chairs,420.04,7,0.0,-16.12,39.23,,,,No,,0,0
ORD-10223,CUST-0223,2024-03-28,2024-04-04,2024-04-08,2024-04-08,Standard Class,East,Chicago,Office Supplies,Art,943.09,1,0.3,46.21,19.57,Defective,2024-04-21,680.5,Yes,13.0,0,0
ORD-10224,CUST-0224,2024-02-27,2024-03-01,2024-03-05,2024-03-05,Standard Class,East,Los Angeles,Office Supplies,Art,1132.13,5,0.2,138.39,57.84,No Longer Needed,2024-03-12,1028.06,Yes,7.0,0,0
ORD-10225,CUST-0225,2024-05-22,2024-05-25,2024-05-27,2024-05-27,First Class,Central,New York,Technology,Phones,342.34,5,0.3,38.9,54.57,Wrong Size,2024-06-02,290.38,Yes,6.0,0,0
ORD-10226,CUST-0226,2023-08-30,2023-09-06,2023-09-09,2023-09-09,Same Day,West,New York,Technology,Phones,832.65,2,0.0,262.54,30.84,,,,No,,0,0
ORD-10227,CUST-0227,2024-11-01,2024-11-04,2024-11-08,2024-11-08,First Class,West,Miami,Technology,Accessories,105.34,6,0.0,13.0,12.46,,,,No,,0,0
ORD-10228,CUST-0228,2023-11-08,2023-11-10,2023-11-14,2023-11-14,Same Day,South,Los Angeles,Furniture,Bookcases,954.87,3,0.2,171.45,8.32,,,,No,,0,0
ORD-10229,CUST-0229,2024-11-17,2024-11-20,2024-11-24,2024-11-24,First Class,East,Chicago,Technology,Machines,101.6,6,0.0,34.6,13.03,,,,No,,0,0
ORD-10230,CUST-0230,2024-05-03,2024-05-05,2024-05-08,2024-05-11,Second Class,West,Seattle,Office Supplies,Paper,580.13,4,0.0,45.9,47.32,,,,No,,3,1
ORD-10231,CUST-0231,2023-12-16,2023-12-17,2023-12-20,2023-12-21,Same Day,South,Los Angeles,Office Supplies,Art,285.98,3,0.3,-11.14,20.66,,,,No,,1,1
ORD-10232,CUST-0232,2023-06-27,2023-06-29,2023-07-01,2023-07-01,First Class,East,Los Angeles,Office Supplies,Paper,1083.14,6,0.1,354.65,30.69,,,,No,,0,0
ORD-10233,CUST-0233,2023-10-02,2023-10-06,2023-10-10,2023-10-10,Same Day,East,Chicago,Office Supplies,Paper,438.19,2,0.3,-10.74,34.72,,,,No,,0,0
ORD-10234,CUST-0234,2024-09-23,2024-09-28,2024-10-02,2024-10-02,Same Day,East,Los Angeles,Office Supplies,Binders,286.0,1,0.0,-21.71,41.41,,,,No,,0,0
ORD-10235,CUST-0235,2024-01-30,2024-02-02,2024-02-05,2024-02-06,Second Class,South,Chicago,Furniture,Bookcases,1074.5,7,0.0,318.35,26.33,,,,No,,1,1
ORD-10236,CUST-0236,2023-05-24,2023-05-27,2023-05-29,2023-05-29,First Class,Central,Los Angeles,Office Supplies,Paper,260.38,1,0.1,-30.07,56.57,,,,No,,0,0
ORD-10237,CUST-0237,2024-08-08,2024-08-10,2024-08-13,2024-08-14,Standard Class,Central,Miami,Office Supplies,Art,194.64,1,0.0,23.27,18.38,,,,No,,1,1
ORD-10238,CUST-0238,2024-01-18,2024-01-21,2024-01-23,2024-01-23,First Class,South,Houston,Office Supplies,Binders,871.91,7,0.3,1.72,15.36,Not as Described,2024-01-24,771.92,Yes,1.0,0,0
ORD-10239,CUST-0239,2023-08-06,2023-08-10,2023-08-14,2023-08-14,Second Class,South,Los Angeles,Technology,Accessories,373.97,6,0.3,77.15,49.37,,,,No,,0,0
ORD-10240,CUST-0240,2024-11-30,2024-12-03,2024-12-06,2024-12-06,Standard Class,East,Los Angeles,Office Supplies,Binders,466.12,7,0.0,95.4,11.7,,,,No,,0,0
ORD-10241,CUST-0241,2024-03-15,2024-03-18,2024-03-20,2024-03-20,Standard Class,Central,Chicago,Office Supplies,Binders,168.98,5,0.0,18.07,31.52,,,,No,,0,0
ORD-10242,CUST-0242,2024-05-03,2024-05-07,2024-05-11,2024-05-12,Standard Class,West,Miami,Furniture,Tables,878.84,6,0.0,-11.39,48.81,,,,No,,1,1
ORD-10243,CUST-0243,2024-04-10,2024-04-12,2024-04-14,2024-04-14,Same Day,South,Chicago,Technology,Machines,530.86,1,0.0,21.37,11.46,,,,No,,0,0
ORD-10244,CUST-0244,2023-01-12,2023-01-16,2023-01-20,2023-01-20,Standard Class,East,Los Angeles,Technology,Accessories,1014.28,7,0.2,131.34,31.06,,,,No,,0,0
ORD-10245,CUST-0245,2023-10-28,2023-10-30,2023-11-02,2023-11-02,Same Day,Central,Chicago,Technology,Accessories,669.96,4,0.1,194.07,48.91,,,,No,,0,0
ORD-10246,CUST-0246,2024-09-01,2024-09-05,2024-09-07,2024-09-07,Standard Class,East,Houston,Office Supplies,Storage,692.52,7,0.1,113.57,16.36,,,,No,,0,0
ORD-10247,CUST-0247,2023-07-21,2023-07-23,2023-07-27,2023-07-27,Same Day,East,Los Angeles,Technology,Phones,883.25,6,0.3,-102.3,47.46,,,,No,,0,0
ORD-10248,CUST-0248,2024-04-19,2024-04-20,2024-04-23,2024-04-23,Same Day,West,Chicago,Technology,Phones,945.06,7,0.1,229.3,36.86,,,,No,,0,0
ORD-10249,CUST-0249,2024-10-02,2024-10-03,2024-10-06,2024-10-06,First Class,East,Houston,Furniture,Tables,664.12,4,0.0,145.4,42.86,,,,No,,0,0
ORD-10250,CUST-0250,2023-02-21,2023-02-24,2023-02-27,2023-02-27,Second Class,South,Los Angeles,Office Supplies,Art,666.28,6,0.0,101.15,6.46,Damaged in Transit,2023-03-04,642.15,Yes,5.0,0,0
ORD-10251,CUST-0251,2023-10-29,2023-11-02,2023-11-06,2023-11-06,Same Day,South,Miami,Office Supplies,Paper,775.33,6,0.1,28.4,34.69,,,,No,,0,0
ORD-10252,CUST-0252,2023-08-08,2023-08-10,2023-08-13,2023-08-15,Second Class,South,Chicago,Technology,Accessories,547.17,5,0.1,119.43,53.21,Damaged in Transit,2023-08-16,504.54,Yes,1.0,2,1
ORD-10253,CUST-0253,2023-09-19,2023-09-20,2023-09-22,2023-09-22,Same Day,South,Miami,Office Supplies,Binders,657.26,3,0.0,-26.13,44.09,,,,No,,0,0
ORD-10254,CUST-0254,2024-11-14,2024-11-15,2024-11-18,2024-11-18,Standard Class,Central,Chicago,Office Supplies,Art,901.84,7,0.0,60.43,17.01,,,,No,,0,0
ORD-10255,CUST-0255,2024-11-28,2024-11-30,2024-12-04,2024-12-04,Same Day,Central,New York,Office Supplies,Art,256.77,7,0.0,66.55,4.9,,,,No,,0,0
ORD-10256,CUST-0256,2023-05-31,2023-06-02,2023-06-05,2023-06-05,Second Class,West,Los Angeles,Office Supplies,Storage,270.18,1,0.1,39.82,23.59,,,,No,,0,0
ORD-10257,CUST-0257,2023-12-12,2023-12-14,2023-12-17,2023-12-17,First Class,East,New York,Office Supplies,Storage,889.43,6,0.1,209.35,26.79,,,,No,,0,0
ORD-10258,CUST-0258,2024-08-28,2024-09-04,2024-09-06,2024-09-06,Second Class,South,Los Angeles,Technology,Phones,502.44,2,0.1,84.9,50.35,,,,No,,0,0
ORD-10259,CUST-0259,2024-10-17,2024-10-18,2024-10-21,2024-10-21,Standard Class,Central,Los Angeles,Technology,Accessories,40.97,4,0.3,3.47,3.64,,,,No,,0,0
ORD-10260,CUST-0260,2023-10-14,2023-10-18,2023-10-20,2023-10-22,Same Day,Central,Los Angeles,Furniture,Chairs,98.53,2,0.2,17.94,53.14,,,,No,,2,1
ORD-10261,CUST-0261,2024-07-18,2024-07-19,2024-07-23,2024-07-23,First Class,South,Seattle,Office Supplies,Binders,894.9,2,0.2,256.23,50.03,,,,No,,0,0
ORD-10262,CUST-0262,2023-08-17,2023-08-19,2023-08-22,2023-08-22,Standard Class,West,New York,Office Supplies,Binders,136.54,1,0.1,36.11,22.24,,,,No,,0,0
ORD-10263,CUST-0263,2023-08-30,2023-09-02,2023-09-05,2023-09-05,Standard Class,East,Seattle,Office Supplies,Binders,559.14,7,0.3,117.96,24.32,,,,No,,0,0
ORD-10264,CUST-0264,2024-05-18,2024-05-22,2024-05-25,2024-05-25,First Class,South,Chicago,Office Supplies,Paper,37.67,3,0.0,10.96,9.05,,,,No,,0,0
ORD-10265,CUST-0265,2023-12-30,2024-01-02,2024-01-05,2024-01-05,Standard Class,West,New York,Office Supplies,Storage,292.53,7,0.2,39.77,59.2,,,,No,,0,0
ORD-10266,CUST-0266,2024-01-14,2024-01-18,2024-01-22,2024-01-23,Standard Class,East,Seattle,Office Supplies,Paper,503.17,6,0.0,83.38,32.89,Wrong Size,2024-01-24,421.92,Yes,1.0,1,1
ORD-10267,CUST-0267,2023-08-25,2023-08-26,2023-08-29,2023-08-29,Standard Class,Central,New York,Furniture,Tables,1076.37,7,0.0,111.84,26.32,Damaged in Transit,2023-09-04,1071.32,Yes,6.0,0,0
ORD-10268,CUST-0268,2024-04-16,2024-04-19,2024-04-21,2024-04-21,Second Class,South,New York,Office Supplies,Art,1059.65,6,0.2,210.49,45.65,,,,No,,0,0
ORD-10269,CUST-0269,2023-12-06,2023-12-08,2023-12-10,2023-12-10,Second Class,Central,Chicago,Office Supplies,Storage,1028.14,5,0.1,-147.35,25.76,,,,No,,0,0
ORD-10270,CUST-0270,2023-02-16,2023-02-21,2023-02-25,2023-02-25,Same Day,South,Seattle,Technology,Copiers,661.52,1,0.3,49.77,31.78,,,,No,,0,0
ORD-10271,CUST-0271,2024-01-27,2024-01-29,2024-02-02,2024-02-02,First Class,South,Los Angeles,Technology,Copiers,96.43,6,0.2,7.92,43.92,,,,No,,0,0
ORD-10272,CUST-0272,2023-09-23,2023-09-28,2023-09-30,2023-09-30,Same Day,East,Miami,Office Supplies,Paper,930.78,7,0.0,130.78,26.71,,,,No,,0,0
ORD-10273,CUST-0273,2024-07-16,2024-07-19,2024-07-21,2024-07-21,Standard Class,South,Los Angeles,Office Supplies,Art,894.57,7,0.2,-46.98,53.64,,,,No,,0,0
ORD-10274,CUST-0274,2023-10-31,2023-11-04,2023-11-07,2023-11-07,Standard Class,South,Seattle,Office Supplies,Paper,378.68,5,0.3,78.16,24.4,,,,No,,0,0
ORD-10275,CUST-0275,2023-05-31,2023-06-03,2023-06-06,2023-06-06,Standard Class,South,Miami,Furniture,Chairs,707.83,2,0.2,50.91,28.15,,,,No,,0,0
ORD-10276,CUST-0276,2024-04-29,2024-05-01,2024-05-04,2024-05-04,Second Class,West,Seattle,Office Supplies,Paper,334.37,4,0.3,65.98,14.69,,,,No,,0,0
ORD-10277,CUST-0277,2024-07-24,2024-07-28,2024-08-01,2024-08-04,Second Class,East,Seattle,Technology,Accessories,843.25,4,0.0,55.8,3.81,Damaged in Transit,2024-08-12,705.7,Yes,8.0,3,1
ORD-10278,CUST-0278,2024-09-13,2024-09-18,2024-09-21,2024-09-21,Same Day,Central,New York,Office Supplies,Art,253.26,7,0.3,17.27,40.67,Not as Described,2024-09-22,185.83,Yes,1.0,0,0
ORD-10279,CUST-0279,2024-02-08,2024-02-09,2024-02-13,2024-02-16,Same Day,East,Seattle,Office Supplies,Storage,964.6,5,0.0,-141.93,29.02,,,,No,,3,1
ORD-10280,CUST-0280,2023-04-02,2023-04-03,2023-04-07,2023-04-08,Standard Class,South,Houston,Office Supplies,Paper,385.64,5,0.1,-54.81,2.99,,,,No,,1,1
ORD-10281,CUST-0281,2023-01-28,2023-02-02,2023-02-06,2023-02-06,First Class,West,Chicago,Technology,Phones,1039.35,2,0.1,146.0,59.46,,,,No,,0,0
ORD-10282,CUST-0282,2023-04-07,2023-04-10,2023-04-14,2023-04-16,Second Class,East,Chicago,Office Supplies,Paper,420.16,5,0.1,35.56,27.7,,,,No,,2,1
ORD-10283,CUST-0283,2024-05-15,2024-05-18,2024-05-22,2024-05-24,First Class,East,New York,Technology,Machines,817.87,2,0.1,-54.24,31.02,,,,No,,2,1
ORD-10284,CUST-0284,2023-02-18,2023-02-21,2023-02-23,2023-02-23,Same Day,West,New York,Office Supplies,Storage,256.94,6,0.0,47.25,50.57,,,,No,,0,0
ORD-10285,CUST-0285,2024-03-02,2024-03-06,2024-03-09,2024-03-09,Same Day,West,Chicago,Technology,Copiers,593.87,6,0.3,-43.44,35.21,,,,No,,0,0
ORD-10286,CUST-0286,2024-06-02,2024-06-03,2024-06-07,2024-06-07,First Class,South,Seattle,Furniture,Furnishings,288.49,1,0.2,83.8,53.21,,,,No,,0,0
ORD-10287,CUST-0287,2024-11-14,2024-11-18,2024-11-22,2024-11-22,Standard Class,South,Seattle,Office Supplies,Storage,163.39,3,0.2,-6.84,42.09,,,,No,,0,0
ORD-10288,CUST-0288,2023-02-13,2023-02-15,2023-02-19,2023-02-19,Same Day,West,Chicago,Office Supplies,Binders,1025.27,6,0.3,-110.16,24.36,Defective,2023-02-21,1023.01,Yes,2.0,0,0
ORD-10289,CUST-0289,2023-11-29,2023-11-30,2023-12-03,2023-12-03,Same Day,Central,Miami,Office Supplies,Art,1168.1,6,0.0,390.01,27.5,,,,No,,0,0
ORD-10290,CUST-0290,2024-03-17,2024-03-19,2024-03-22,2024-03-22,Second Class,Central,Miami,Office Supplies,Binders,373.44,4,0.3,-24.25,54.1,,,,No,,0,0
ORD-10291,CUST-0291,2023-12-06,2023-12-08,2023-12-11,2023-12-12,Standard Class,Central,Chicago,Furniture,Tables,939.96,6,0.1,-139.52,12.11,,,,No,,1,1
ORD-10292,CUST-0292,2024-07-29,2024-07-30,2024-08-02,2024-08-02,First Class,East,New York,Technology,Copiers,663.48,4,0.0,186.51,20.2,,,,No,,0,0
ORD-10293,CUST-0293,2024-06-19,2024-06-26,2024-06-29,2024-06-29,Same Day,West,Houston,Office Supplies,Art,792.43,4,0.2,153.35,40.17,Wrong Size,2024-07-04,560.13,Yes,5.0,0,0
ORD-10294,CUST-0294,2023-10-19,2023-10-22,2023-10-24,2023-10-26,First Class,South,New York,Technology,Accessories,687.76,1,0.2,65.21,39.4,Wrong Size,2023-11-03,594.89,Yes,8.0,2,1
ORD-10295,CUST-0295,2024-06-03,2024-06-05,2024-06-09,2024-06-09,Second Class,South,Miami,Furniture,Tables,1027.3,3,0.3,54.73,54.39,,,,No,,0,0
ORD-10296,CUST-0296,2023-04-11,2023-04-13,2023-04-17,2023-04-19,Standard Class,Central,Miami,Technology,Copiers,674.79,7,0.3,167.32,12.16,,,,No,,2,1
ORD-10297,CUST-0297,2023-12-31,2024-01-03,2024-01-07,2024-01-07,Standard Class,Central,Seattle,Furniture,Bookcases,726.33,1,0.2,27.79,15.46,,,,No,,0,0
ORD-10298,CUST-0298,2023-03-07,2023-03-10,2023-03-13,2023-03-15,Standard Class,South,Chicago,Technology,Copiers,260.94,2,0.1,37.83,2.37,,,,No,,2,1
ORD-10299,CUST-0299,2024-06-16,2024-06-19,2024-06-22,2024-06-25,Standard Class,South,Los Angeles,Technology,Phones,854.12,2,0.3,159.89,46.25,Not as Described,2024-07-06,677.09,Yes,11.0,3,1
ORD-10300,CUST-0300,2024-03-06,2024-03-13,2024-03-16,2024-03-17,First Class,Central,Chicago,Furniture,Furnishings,56.37,1,0.0,3.89,50.67,,,,No,,1,1
ORD-10301,CUST-0301,2023-05-31,2023-06-02,2023-06-04,2023-06-05,First Class,Central,Los Angeles,Technology,Copiers,348.04,6,0.2,13.88,48.48,,,,No,,1,1
ORD-10302,CUST-0302,2024-04-01,2024-04-03,2024-04-06,2024-04-06,Same Day,East,New York,Office Supplies,Storage,1113.92,6,0.0,10.05,45.47,,,,No,,0,0
ORD-10303,CUST-0303,2023-06-14,2023-06-16,2023-06-18,2023-06-18,Second Class,West,Seattle,Office Supplies,Art,1120.85,4,0.1,174.55,41.35,,,,No,,0,0
ORD-10304,CUST-0304,2024-09-11,2024-09-15,2024-09-18,2024-09-20,Same Day,Central,Miami,Office Supplies,Binders,27.19,1,0.0,0.64,27.27,,,,No,,2,1
ORD-10305,CUST-0305,2023-02-25,2023-02-28,2023-03-02,2023-03-02,Same Day,South,Miami,Technology,Phones,1123.55,2,0.2,-57.03,11.56,,,,No,,0,0
ORD-10306,CUST-0306,2023-11-11,2023-11-18,2023-11-22,2023-11-22,First Class,South,New York,Office Supplies,Paper,1087.15,4,0.0,-66.76,19.07,,,,No,,0,0
ORD-10307,CUST-0307,2023-01-05,2023-01-07,2023-01-09,2023-01-09,Standard Class,West,New York,Technology,Machines,1063.24,4,0.2,323.85,20.2,,,,No,,0,0
ORD-10308,CUST-0308,2024-05-25,2024-06-01,2024-06-03,2024-06-03,Second Class,South,Miami,Technology,Accessories,220.41,5,0.0,-20.18,41.56,,,,No,,0,0
ORD-10309,CUST-0309,2024-03-18,2024-03-21,2024-03-24,2024-03-24,Same Day,Central,Los Angeles,Technology,Copiers,273.22,7,0.2,38.44,8.14,,,,No,,0,0
ORD-10310,CUST-0310,2023-10-15,2023-10-18,2023-10-20,2023-10-20,Standard Class,East,New York,Office Supplies,Art,138.78,5,0.3,11.38,8.89,,,,No,,0,0
ORD-10311,CUST-0311,2024-09-18,2024-09-22,2024-09-26,2024-09-26,Same Day,West,Miami,Office Supplies,Art,1049.63,5,0.1,235.2,34.55,,,,No,,0,0
ORD-10312,CUST-0312,2023-07-01,2023-07-08,2023-07-10,2023-07-10,Standard Class,East,Chicago,Furniture,Bookcases,77.53,4,0.0,6.12,15.14,,,,No,,0,0
ORD-10313,CUST-0313,2023-09-09,2023-09-14,2023-09-16,2023-09-16,Standard Class,South,Miami,Technology,Copiers,444.63,7,0.0,6.26,14.13,Not as Described,2023-09-20,378.41,Yes,4.0,0,0
ORD-10314,CUST-0314,2024-10-01,2024-10-04,2024-10-07,2024-10-07,Standard Class,West,Chicago,Technology,Accessories,917.83,5,0.0,-11.13,13.85,Defective,2024-10-12,796.32,Yes,5.0,0,0
ORD-10315,CUST-0315,2024-04-23,2024-04-26,2024-04-29,2024-05-01,First Class,South,Houston,Office Supplies,Paper,206.04,2,0.0,3.31,55.83,,,,No,,2,1
ORD-10316,CUST-0316,2023-03-23,2023-03-26,2023-03-30,2023-03-30,Standard Class,East,New York,Office Supplies,Storage,435.28,4,0.1,22.46,50.35,,,,No,,0,0
ORD-10317,CUST-0317,2024-09-21,2024-09-28,2024-10-02,2024-10-02,Same Day,East,Chicago,Office Supplies,Paper,652.27,5,0.2,83.6,3.69,,,,No,,0,0
ORD-10318,CUST-0318,2023-04-28,2023-05-03,2023-05-07,2023-05-07,First Class,West,Seattle,Office Supplies,Storage,881.81,1,0.3,236.54,4.91,,,,No,,0,0
ORD-10319,CUST-0319,2024-03-16,2024-03-19,2024-03-22,2024-03-22,Second Class,South,Chicago,Furniture,Chairs,522.72,4,0.0,137.08,10.49,,,,No,,0,0
ORD-10320,CUST-0320,2023-06-16,2023-06-17,2023-06-19,2023-06-21,First Class,Central,Los Angeles,Office Supplies,Paper,310.66,2,0.0,1.32,35.24,,,,No,,2,1
ORD-10321,CUST-0321,2024-08-02,2024-08-06,2024-08-10,2024-08-10,First Class,East,Los Angeles,Technology,Phones,1030.77,6,0.1,333.33,25.21,,,,No,,0,0
ORD-10322,CUST-0322,2024-06-30,2024-07-07,2024-07-11,2024-07-11,Same Day,Central,Miami,Office Supplies,Storage,1127.16,7,0.0,181.9,14.92,,,,No,,0,0
ORD-10323,CUST-0323,2024-06-27,2024-06-28,2024-07-02,2024-07-03,Second Class,Central,Los Angeles,Technology,Phones,833.13,6,0.0,-103.15,11.26,,,,No,,1,1
ORD-10324,CUST-0324,2023-01-17,2023-01-22,2023-01-24,2023-01-24,Standard Class,Central,Chicago,Office Supplies,Paper,1044.07,4,0.0,62.45,4.94,No Longer Needed,2023-02-03,806.05,Yes,10.0,0,0
ORD-10325,CUST-0325,2024-08-23,2024-08-27,2024-08-30,2024-08-31,First Class,Central,Los Angeles,Office Supplies,Storage,62.71,4,0.2,3.06,58.48,,,,No,,1,1
ORD-10326,CUST-0326,2024-02-01,2024-02-05,2024-02-09,2024-02-09,Standard Class,South,Seattle,Office Supplies,Art,125.44,5,0.1,31.71,15.01,,,,No,,0,0
ORD-10327,CUST-0327,2023-03-04,2023-03-06,2023-03-09,2023-03-09,Standard Class,Central,Houston,Technology,Accessories,346.5,6,0.0,62.85,52.5,,,,No,,0,0
ORD-10328,CUST-0328,2024-04-30,2024-05-03,2024-05-05,2024-05-05,Same Day,South,Chicago,Technology,Machines,1094.3,5,0.2,237.41,22.1,,,,No,,0,0
ORD-10329,CUST-0329,2023-02-09,2023-02-10,2023-02-12,2023-02-12,First Class,Central,Los Angeles,Technology,Machines,775.18,5,0.2,227.16,53.95,,,,No,,0,0
ORD-10330,CUST-0330,2024-03-29,2024-04-03,2024-04-07,2024-04-08,Same Day,East,Houston,Office Supplies,Art,140.13,5,0.2,24.97,33.04,Wrong Size,2024-04-13,121.5,Yes,5.0,1,1
ORD-10331,CUST-0331,2023-02-26,2023-03-05,2023-03-08,2023-03-08,Same Day,West,Los Angeles,Furniture,Tables,955.67,3,0.0,98.95,39.0,,,,No,,0,0
ORD-10332,CUST-0332,2023-10-15,2023-10-18,2023-10-20,2023-10-20,First Class,West,Houston,Office Supplies,Storage,1122.3,3,0.0,-95.86,7.77,,,,No,,0,0
ORD-10333,CUST-0333,2023-01-29,2023-02-03,2023-02-05,2023-02-05,First Class,East,Los Angeles,Technology,Machines,314.84,4,0.2,-37.62,18.69,Damaged in Transit,2023-02-08,291.8,Yes,3.0,0,0
ORD-10334,CUST-0334,2023-08-16,2023-08-20,2023-08-22,2023-08-24,Same Day,West,New York,Technology,Accessories,696.8,6,0.2,-8.39,46.58,Defective,2023-08-30,543.47,Yes,6.0,2,1
ORD-10335,CUST-0335,2024-03-13,2024-03-17,2024-03-20,2024-03-20,Second Class,East,Chicago,Office Supplies,Binders,733.11,4,0.0,-93.47,44.58,,,,No,,0,0
ORD-10336,CUST-0336,2023-10-15,2023-10-16,2023-10-19,2023-10-19,Second Class,Central,Chicago,Furniture,Tables,1012.79,7,0.2,241.78,41.03,,,,No,,0,0
ORD-10337,CUST-0337,2024-04-09,2024-04-16,2024-04-18,2024-04-19,Second Class,South,Chicago,Office Supplies,Art,683.24,5,0.0,84.28,50.71,Wrong Size,2024-04-24,556.86,Yes,5.0,1,1
ORD-10338,CUST-0338,2023-10-12,2023-10-13,2023-10-15,2023-10-15,First Class,South,Seattle,Office Supplies,Art,1193.38,1,0.0,320.74,37.64,,,,No,,0,0
ORD-10339,CUST-0339,2023-07-10,2023-07-12,2023-07-14,2023-07-14,Same Day,Central,Houston,Office Supplies,Storage,65.33,4,0.0,11.92,34.28,,,,No,,0,0
ORD-10340,CUST-0340,2024-10-08,2024-10-11,2024-10-14,2024-10-14,First Class,West,Miami,Technology,Machines,878.79,3,0.1,-131.81,43.3,,,,No,,0,0
ORD-10341,CUST-0341,2023-03-06,2023-03-11,2023-03-13,2023-03-16,First Class,East,New York,Office Supplies,Binders,670.44,7,0.0,28.17,40.64,,,,No,,3,1
ORD-10342,CUST-0342,2023-08-09,2023-08-10,2023-08-14,2023-08-15,Standard Class,Central,New York,Technology,Machines,645.27,2,0.1,190.78,28.9,,,,No,,1,1
ORD-10343,CUST-0343,2023-10-09,2023-10-13,2023-10-16,2023-10-16,Standard Class,Central,Houston,Office Supplies,Binders,764.39,3,0.3,106.44,42.22,,,,No,,0,0
ORD-10344,CUST-0344,2023-10-26,2023-11-02,2023-11-06,2023-11-06,Same Day,South,Chicago,Furniture,Furnishings,924.49,4,0.2,88.78,48.2,,,,No,,0,0
ORD-10345,CUST-0345,2024-01-02,2024-01-04,2024-01-08,2024-01-08,Second Class,West,Los Angeles,Office Supplies,Art,787.5,7,0.1,112.45,33.57,,,,No,,0,0
ORD-10346,CUST-0346,2024-10-14,2024-10-17,2024-10-21,2024-10-21,First Class,South,Los Angeles,Office Supplies,Paper,788.75,4,0.0,267.0,33.6,,,,No,,0,0
ORD-10347,CUST-0347,2024-09-27,2024-10-04,2024-10-07,2024-10-08,Second Class,West,New York,Office Supplies,Storage,1094.94,6,0.3,8.64,5.3,,,,No,,1,1
ORD-10348,CUST-0348,2024-11-07,2024-11-10,2024-11-12,2024-11-12,Second Class,East,Miami,Office Supplies,Art,1122.65,7,0.3,-100.79,35.9,,,,No,,0,0
ORD-10349,CUST-0349,2023-11-23,2023-11-24,2023-11-27,2023-11-27,First Class,West,Chicago,Office Supplies,Binders,141.01,6,0.2,7.1,8.68,,,,No,,0,0
ORD-10350,CUST-0350,2024-03-05,2024-03-08,2024-03-11,2024-03-11,First Class,South,Seattle,Furniture,Bookcases,506.73,7,0.0,165.84,10.78,,,,No,,0,0
ORD-10351,CUST-0351,2023-03-19,2023-03-24,2023-03-26,2023-03-26,Second Class,East,Seattle,Office Supplies,Paper,60.13,4,0.1,11.97,14.47,Defective,2023-03-28,46.93,Yes,2.0,0,0
ORD-10352,CUST-0352,2024-02-08,2024-02-10,2024-02-14,2024-02-14,First Class,Central,Los Angeles,Office Supplies,Storage,685.53,6,0.0,33.01,19.19,,,,No,,0,0
ORD-10353,CUST-0353,2023-09-18,2023-09-21,2023-09-25,2023-09-27,Second Class,East,Seattle,Technology,Machines,610.45,6,0.1,149.99,55.12,,,,No,,2,1
ORD-10354,CUST-0354,2023-03-29,2023-04-03,2023-04-07,2023-04-07,Standard Class,West,New York,Office Supplies,Art,62.74,6,0.1,6.78,35.68,,,,No,,0,0
ORD-10355,CUST-0355,2023-04-15,2023-04-19,2023-04-22,2023-04-22,First Class,East,Houston,Technology,Phones,30.3,5,0.0,4.04,22.39,,,,No,,0,0
ORD-10356,CUST-0356,2023-02-08,2023-02-11,2023-02-15,2023-02-15,Second Class,East,Miami,Technology,Accessories,539.45,3,0.0,38.07,13.57,,,,No,,0,0
ORD-10357,CUST-0357,2023-06-02,2023-06-09,2023-06-12,2023-06-13,Second Class,East,Miami,Office Supplies,Storage,308.17,7,0.2,17.74,2.83,,,,No,,1,1
ORD-10358,CUST-0358,2023-02-11,2023-02-14,2023-02-17,2023-02-17,Standard Class,Central,Los Angeles,Technology,Machines,804.83,7,0.3,-115.76,10.29,,,,No,,0,0
ORD-10359,CUST-0359,2023-02-05,2023-02-07,2023-02-09,2023-02-12,Same Day,East,Los Angeles,Technology,Copiers,1009.39,4,0.2,-147.71,3.5,,,,No,,3,1
ORD-10360,CUST-0360,2024-09-06,2024-09-09,2024-09-11,2024-09-11,Second Class,South,New York,Technology,Machines,67.22,1,0.0,11.61,4.64,,,,No,,0,0
ORD-10361,CUST-0361,2023-02-24,2023-02-26,2023-02-28,2023-03-01,Second Class,East,Los Angeles,Technology,Accessories,306.33,1,0.1,59.85,44.27,No Longer Needed,2023-03-11,289.84,Yes,10.0,1,1
ORD-10362,CUST-0362,2024-01-24,2024-01-25,2024-01-29,2024-01-29,Same Day,Central,Chicago,Office Supplies,Storage,922.68,1,0.2,129.0,3.29,,,,No,,0,0
ORD-10363,CUST-0363,2024-02-24,2024-02-28,2024-03-03,2024-03-03,First Class,South,Seattle,Office Supplies,Binders,75.41,2,0.0,14.24,33.72,,,,No,,0,0
ORD-10364,CUST-0364,2023-07-16,2023-07-18,2023-07-22,2023-07-23,First Class,West,Miami,Office Supplies,Paper,1051.05,6,0.3,-39.59,25.16,,,,No,,1,1
ORD-10365,CUST-0365,2023-05-17,2023-05-22,2023-05-26,2023-05-26,Same Day,West,Seattle,Office Supplies,Art,1041.71,1,0.3,204.2,10.12,,,,No,,0,0
ORD-10366,CUST-0366,2024-03-09,2024-03-12,2024-03-15,2024-03-15,Second Class,Central,Los Angeles,Office Supplies,Art,1192.99,4,0.3,79.96,9.4,,,,No,,0,0
ORD-10367,CUST-0367,2024-04-13,2024-04-16,2024-04-20,2024-04-20,Second Class,South,Los Angeles,Technology,Accessories,697.08,1,0.3,59.86,34.1,,,,No,,0,0
ORD-10368,CUST-0368,2024-08-02,2024-08-04,2024-08-08,2024-08-09,Standard Class,East,New York,Office Supplies,Paper,406.71,5,0.3,22.86,13.35,,,,No,,1,1
ORD-10369,CUST-0369,2023-04-04,2023-04-06,2023-04-08,2023-04-08,Standard Class,Central,Miami,Office Supplies,Paper,356.5,2,0.0,34.98,18.57,,,,No,,0,0
ORD-10370,CUST-0370,2023-03-15,2023-03-16,2023-03-18,2023-03-18,Standard Class,East,New York,Furniture,Tables,861.58,4,0.3,-75.23,16.71,,,,No,,0,0
ORD-10371,CUST-0371,2024-08-26,2024-08-29,2024-08-31,2024-08-31,Same Day,South,Chicago,Office Supplies,Storage,524.16,6,0.1,-11.6,20.99,,,,No,,0,0
ORD-10372,CUST-0372,2023-08-03,2023-08-06,2023-08-09,2023-08-09,Same Day,South,Seattle,Furniture,Chairs,111.67,7,0.0,26.39,43.46,,,,No,,0,0
ORD-10373,CUST-0373,2024-07-22,2024-07-23,2024-07-27,2024-07-29,First Class,West,Chicago,Office Supplies,Paper,1120.31,7,0.1,144.19,43.01,,,,No,,2,1
ORD-10374,CUST-0374,2024-07-25,2024-07-26,2024-07-28,2024-07-28,Second Class,East,Houston,Office Supplies,Art,771.61,7,0.0,-62.64,2.05,,,,No,,0,0
ORD-10375,CUST-0375,2023-12-17,2023-12-21,2023-12-24,2023-12-26,First Class,Central,New York,Furniture,Bookcases,385.43,4,0.3,122.29,19.6,,,,No,,2,1
ORD-10376,CUST-0376,2023-04-17,2023-04-19,2023-04-23,2023-04-23,First Class,West,Houston,Office Supplies,Binders,522.4,4,0.0,111.3,23.28,,,,No,,0,0
ORD-10377,CUST-0377,2024-06-05,2024-06-07,2024-06-11,2024-06-11,Second Class,East,Los Angeles,Office Supplies,Paper,943.31,1,0.2,233.5,20.78,,,,No,,0,0
ORD-10378,CUST-0378,2024-10-31,2024-11-02,2024-11-06,2024-11-07,Standard Class,East,Los Angeles,Technology,Accessories,144.18,2,0.2,21.62,30.17,,,,No,,1,1
ORD-10379,CUST-0379,2024-07-03,2024-07-05,2024-07-08,2024-07-08,Second Class,West,Houston,Technology,Phones,403.87,7,0.0,74.59,15.41,,,,No,,0,0
ORD-10380,CUST-0380,2024-07-15,2024-07-20,2024-07-23,2024-07-23,First Class,Central,New York,Furniture,Tables,799.84,6,0.1,204.74,56.85,,,,No,,0,0
ORD-10381,CUST-0381,2024-11-21,2024-11-24,2024-11-27,2024-11-27,First Class,East,Los Angeles,Technology,Accessories,378.97,7,0.1,124.96,14.63,Wrong Size,2024-12-01,347.7,Yes,4.0,0,0
ORD-10382,CUST-0382,2024-08-08,2024-08-11,2024-08-14,2024-08-14,First Class,South,Miami,Office Supplies,Storage,731.11,3,0.3,249.03,56.08,,,,No,,0,0
ORD-10383,CUST-0383,2024-04-14,2024-04-18,2024-04-22,2024-04-22,Same Day,Central,Los Angeles,Office Supplies,Art,148.42,2,0.0,-18.76,57.76,,,,No,,0,0
ORD-10384,CUST-0384,2024-03-16,2024-03-21,2024-03-24,2024-03-25,Second Class,East,Seattle,Office Supplies,Art,1194.64,4,0.0,-46.88,5.26,,,,No,,1,1
ORD-10385,CUST-0385,2023-12-31,2024-01-03,2024-01-05,2024-01-05,Standard Class,South,Seattle,Furniture,Chairs,178.97,3,0.0,-20.28,40.46,,,,No,,0,0
ORD-10386,CUST-0386,2023-10-15,2023-10-20,2023-10-22,2023-10-23,Standard Class,Central,New York,Office Supplies,Binders,177.77,2,0.0,56.07,40.33,,,,No,,1,1
ORD-10387,CUST-0387,2023-11-01,2023-11-08,2023-11-12,2023-11-12,Second Class,Central,Seattle,Office Supplies,Binders,1036.56,2,0.0,131.55,31.75,,,,No,,0,0
ORD-10388,CUST-0388,2023-03-26,2023-03-27,2023-03-30,2023-03-30,Same Day,West,New York,Office Supplies,Binders,156.18,4,0.3,3.81,23.74,,,,No,,0,0
ORD-10389,CUST-0389,2024-06-08,2024-06-15,2024-06-18,2024-06-18,First Class,Central,Seattle,Furniture,Tables,340.29,1,0.3,-37.23,28.23,,,,No,,0,0
ORD-10390,CUST-0390,2023-12-23,2023-12-28,2024-01-01,2024-01-01,Standard Class,South,Miami,Furniture,Tables,560.97,3,0.0,192.66,45.77,,,,No,,0,0
ORD-10391,CUST-0391,2023-10-07,2023-10-12,2023-10-14,2023-10-14,First Class,West,New York,Office Supplies,Storage,401.17,2,0.1,-35.73,3.06,,,,No,,0,0
ORD-10392,CUST-0392,2024-10-27,2024-10-28,2024-11-01,2024-11-01,Standard Class,West,Chicago,Office Supplies,Binders,360.26,3,0.3,103.74,54.51,,,,No,,0,0
ORD-10393,CUST-0393,2024-08-10,2024-08-12,2024-08-15,2024-08-15,First Class,West,Seattle,Office Supplies,Paper,813.71,7,0.1,136.26,9.18,Damaged in Transit,2024-08-26,782.27,Yes,11.0,0,0
ORD-10394,CUST-0394,2023-01-30,2023-02-04,2023-02-07,2023-02-07,Standard Class,South,Chicago,Technology,Machines,889.39,4,0.1,246.34,2.77,,,,No,,0,0
ORD-10395,CUST-0395,2023-12-18,2023-12-19,2023-12-23,2023-12-25,First Class,West,Chicago,Furniture,Bookcases,611.89,2,0.3,28.55,33.58,Wrong Size,2023-12-29,459.54,Yes,4.0,2,1
ORD-10396,CUST-0396,2023-05-16,2023-05-19,2023-05-22,2023-05-22,First Class,Central,Chicago,Office Supplies,Binders,199.59,5,0.0,-21.21,23.89,,,,No,,0,0
ORD-10397,CUST-0397,2023-05-27,2023-05-29,2023-06-02,2023-06-02,Same Day,Central,Miami,Furniture,Chairs,1025.72,3,0.0,208.2,31.21,,,,No,,0,0
ORD-10398,CUST-0398,2023-09-25,2023-09-29,2023-10-02,2023-10-03,Second Class,Central,New York,Office Supplies,Binders,188.03,1,0.0,58.07,53.47,,,,No,,1,1
ORD-10399,CUST-0399,2023-08-23,2023-08-25,2023-08-28,2023-08-28,Second Class,Central,Houston,Furniture,Tables,831.24,5,0.2,-69.71,13.41,,,,No,,0,0
ORD-10400,CUST-0000,2024-02-25,2024-02-29,2024-03-04,2024-03-05,First Class,East,Houston,Technology,Copiers,570.81,2,0.0,-34.2,8.37,,,,No,,1,1
ORD-10401,CUST-0001,2023-01-18,2023-01-22,2023-01-24,2023-01-26,Standard Class,South,Seattle,Technology,Copiers,300.35,6,0.0,-32.95,10.54,,,,No,,2,1
ORD-10402,CUST-0002,2024-08-17,2024-08-19,2024-08-22,2024-08-23,Same Day,West,Seattle,Office Supplies,Binders,206.61,6,0.0,45.62,33.71,,,,No,,1,1
ORD-10403,CUST-0003,2024-09-05,2024-09-09,2024-09-11,2024-09-11,First Class,South,New York,Office Supplies,Paper,915.39,7,0.2,298.45,44.8,,,,No,,0,0
ORD-10404,CUST-0004,2023-08-08,2023-08-11,2023-08-13,2023-08-15,Standard Class,West,Los Angeles,Furniture,Tables,517.17,2,0.2,83.84,50.1,Defective,2023-08-22,373.43,Yes,7.0,2,1
ORD-10405,CUST-0005,2024-02-03,2024-02-07,2024-02-09,2024-02-09,Same Day,South,Seattle,Technology,Phones,1020.44,3,0.2,250.66,36.88,,,,No,,0,0
ORD-10406,CUST-0006,2024-06-05,2024-06-08,2024-06-10,2024-06-10,Second Class,Central,Chicago,Office Supplies,Paper,706.35,7,0.2,112.73,29.86,,,,No,,0,0
ORD-10407,CUST-0007,2023-05-23,2023-05-25,2023-05-28,2023-05-28,Same Day,West,Houston,Office Supplies,Storage,1161.22,5,0.0,381.54,26.77,,,,No,,0,0
ORD-10408,CUST-0008,2024-01-10,2024-01-13,2024-01-16,2024-01-16,Second Class,South,Houston,Furniture,Furnishings,523.09,2,0.0,177.14,16.06,,,,No,,0,0
ORD-10409,CUST-0009,2024-05-31,2024-06-05,2024-06-08,2024-06-08,Same Day,South,Miami,Technology,Accessories,1028.83,6,0.1,21.42,39.61,No Longer Needed,2024-06-15,757.03,Yes,7.0,0,0
ORD-10410,CUST-0010,2023-03-17,2023-03-22,2023-03-25,2023-03-25,First Class,East,Los Angeles,Office Supplies,Storage,673.26,3,0.2,191.76,7.11,,,,No,,0,0
ORD-10411,CUST-0011,2023-07-11,2023-07-16,2023-07-18,2023-07-18,Second Class,South,Chicago,Office Supplies,Storage,181.55,6,0.0,19.8,45.38,,,,No,,0,0
ORD-10412,CUST-0012,2024-04-11,2024-04-14,2024-04-17,2024-04-17,Second Class,Central,Los Angeles,Office Supplies,Paper,640.19,6,0.0,-79.12,44.11,,,,No,,0,0
ORD-10413,CUST-0013,2023-12-04,2023-12-05,2023-12-08,2023-12-08,Second Class,South,Seattle,Office Supplies,Paper,1079.55,2,0.3,-94.94,9.04,,,,No,,0,0
ORD-10414,CUST-0014,2024-04-11,2024-04-14,2024-04-18,2024-04-18,Standard Class,West,Houston,Office Supplies,Paper,411.31,5,0.2,-21.07,48.7,,,,No,,0,0
ORD-10415,CUST-0015,2023-12-21,2023-12-26,2023-12-29,2023-12-29,Same Day,West,Houston,Office Supplies,Paper,97.62,4,0.0,1.36,44.75,Defective,2024-01-07,73.05,Yes,9.0,0,0
ORD-10416,CUST-0016,2024-08-19,2024-08-20,2024-08-23,2024-08-23,Second Class,South,Houston,Technology,Copiers,399.66,5,0.3,-3.73,28.54,,,,No,,0,0
ORD-10417,CUST-0017,2023-03-16,2023-03-21,2023-03-24,2023-03-24,Same Day,West,Seattle,Office Supplies,Art,462.92,2,0.0,38.48,47.93,,,,No,,0,0
ORD-10418,CUST-0018,2024-05-18,2024-05-21,2024-05-23,2024-05-24,Second Class,South,Seattle,Office Supplies,Binders,481.01,4,0.1,134.87,22.08,,,,No,,1,1
ORD-10419,CUST-0019,2024-09-11,2024-09-13,2024-09-17,2024-09-18,Standard Class,West,Los Angeles,Technology,Accessories,684.1,1,0.3,137.12,18.54,,,,No,,1,1
ORD-10420,CUST-0020,2023-05-22,2023-05-24,2023-05-26,2023-05-26,First Class,West,Los Angeles,Office Supplies,Binders,590.48,1,0.3,-39.98,5.71,,,,No,,0,0
ORD-10421,CUST-0021,2023-03-13,2023-03-17,2023-03-20,2023-03-20,Same Day,South,Miami,Technology,Phones,1034.89,4,0.0,-149.77,24.86,,,,No,,0,0
ORD-10422,CUST-0022,2024-06-20,2024-06-23,2024-06-25,2024-06-25,Same Day,South,Los Angeles,Furniture,Furnishings,753.85,5,0.0,205.41,29.63,,,,No,,0,0
ORD-10423,CUST-0023,2023-07-30,2023-08-01,2023-08-03,2023-08-03,First Class,South,Seattle,Office Supplies,Art,745.7,5,0.3,56.03,16.65,,,,No,,0,0
ORD-10424,CUST-0024,2023-04-02,2023-04-04,2023-04-06,2023-04-09,Same Day,East,Houston,Technology,Machines,39.9,1,0.2,2.91,49.37,,,,No,,3,1
ORD-10425,CUST-0025,2023-10-10,2023-10-13,2023-10-17,2023-10-17,Standard Class,Central,New York,Technology,Phones,542.65,5,0.0,17.2,56.41,,,,No,,0,0
ORD-10426,CUST-0026,2024-06-19,2024-06-26,2024-06-29,2024-06-29,Same Day,South,Houston,Office Supplies,Storage,90.6,3,0.1,-4.37,57.36,,,,No,,0,0
ORD-10427,CUST-0027,2024-11-14,2024-11-16,2024-11-18,2024-11-18,Standard Class,Central,Seattle,Technology,Accessories,892.93,6,0.0,11.71,45.86,,,,No,,0,0
ORD-10428,CUST-0028,2023-06-19,2023-06-21,2023-06-23,2023-06-23,Second Class,East,Miami,Office Supplies,Art,435.43,3,0.1,123.13,35.48,,,,No,,0,0
ORD-10429,CUST-0029,2024-04-10,2024-04-13,2024-04-15,2024-04-15,Second Class,South,New York,Office Supplies,Storage,23.71,7,0.1,2.54,51.7,,,,No,,0,0
ORD-10430,CUST-0030,2024-07-12,2024-07-17,2024-07-20,2024-07-20,Standard Class,South,Houston,Technology,Accessories,831.61,2,0.0,289.74,26.76,Defective,2024-07-30,715.12,Yes,10.0,0,0
ORD-10431,CUST-0031,2024-09-06,2024-09-08,2024-09-12,2024-09-12,Second Class,East,Chicago,Furniture,Bookcases,1166.64,5,0.3,-5.32,29.23,,,,No,,0,0
ORD-10432,CUST-0032,2023-05-03,2023-05-06,2023-05-10,2023-05-10,Standard Class,East,Seattle,Office Supplies,Art,104.23,3,0.0,27.13,2.41,,,,No,,0,0
ORD-10433,CUST-0033,2023-11-12,2023-11-14,2023-11-18,2023-11-21,Second Class,East,Miami,Furniture,Furnishings,162.71,1,0.3,37.9,6.59,Not as Described,2023-12-03,161.29,Yes,12.0,3,1
ORD-10434,CUST-0034,2023-11-24,2023-11-27,2023-11-30,2023-11-30,Same Day,West,Miami,Office Supplies,Paper,27.46,6,0.0,3.69,47.94,,,,No,,0,0
ORD-10435,CUST-0035,2024-09-28,2024-10-02,2024-10-06,2024-10-06,Standard Class,West,Miami,Technology,Copiers,1118.23,4,0.2,138.27,53.65,,,,No,,0,0
ORD-10436,CUST-0036,2024-10-28,2024-11-02,2024-11-04,2024-11-07,Same Day,South,Seattle,Furniture,Chairs,479.84,3,0.0,33.48,31.61,Defective,2024-11-09,387.31,Yes,2.0,3,1
ORD-10437,CUST-0037,2024-08-31,2024-09-03,2024-09-07,2024-09-07,First Class,West,Chicago,Office Supplies,Binders,1092.87,1,0.3,279.06,57.01,No Longer Needed,2024-09-13,1079.27,Yes,6.0,0,0
ORD-10438,CUST-0038,2024-10-21,2024-10-25,2024-10-29,2024-10-29,Same Day,South,Seattle,Office Supplies,Art,902.21,5,0.0,-5.63,33.22,,,,No,,0,0
ORD-10439,CUST-0039,2023-02-08,2023-02-09,2023-02-12,2023-02-12,Standard Class,West,Los Angeles,Office Supplies,Binders,336.92,6,0.3,36.25,59.44,,,,No,,0,0
ORD-10440,CUST-0040,2023-04-30,2023-05-02,2023-05-06,2023-05-06,Standard Class,East,New York,Office Supplies,Art,588.75,5,0.1,81.39,21.84,,,,No,,0,0
ORD-10441,CUST-0041,2024-06-09,2024-06-11,2024-06-15,2024-06-15,Second Class,South,Miami,Office Supplies,Art,622.74,6,0.1,126.71,39.95,,,,No,,0,0
ORD-10442,CUST-0042,2024-10-10,2024-10-14,2024-10-17,2024-10-17,Same Day,Central,Houston,Office Supplies,Binders,1042.47,6,0.1,343.04,16.36,,,,No,,0,0
ORD-10443,CUST-0043,2023-08-15,2023-08-20,2023-08-23,2023-08-23,First Class,South,Chicago,Office Supplies,Storage,156.64,5,0.2,40.86,10.06,,,,No,,0,0
ORD-10444,CUST-0044,2023-08-13,2023-08-15,2023-08-18,2023-08-19,First Class,Central,Houston,Office Supplies,Paper,541.98,6,0.2,185.18,16.01,,,,No,,1,1
ORD-10445,CUST-0045,2023-09-24,2023-09-27,2023-09-30,2023-09-30,Same Day,Central,Los Angeles,Office Supplies,Paper,344.75,2,0.2,66.74,49.26,,,,No,,0,0
ORD-10446,CUST-0046,2023-04-04,2023-04-11,2023-04-15,2023-04-15,First Class,East,Chicago,Office Supplies,Binders,749.98,2,0.2,-78.91,43.49,,,,No,,0,0
ORD-10447,CUST-0047,2023-01-06,2023-01-09,2023-01-11,2023-01-11,Same Day,South,New York,Technology,Machines,510.74,4,0.0,0.84,43.56,,,,No,,0,0
ORD-10448,CUST-0048,2024-06-28,2024-07-03,2024-07-06,2024-07-06,Same Day,South,Los Angeles,Office Supplies,Art,385.71,3,0.0,77.44,2.57,,,,No,,0,0
ORD-10449,CUST-0049,2024-08-29,2024-09-01,2024-09-05,2024-09-06,Standard Class,South,Seattle,Office Supplies,Paper,1180.93,5,0.2,325.81,5.05,Damaged in Transit,2024-09-08,840.18,Yes,2.0,1,1
ORD-10450,CUST-0050,2024-10-02,2024-10-04,2024-10-07,2024-10-07,Same Day,West,Los Angeles,Office Supplies,Storage,323.94,2,0.1,68.39,12.1,,,,No,,0,0
ORD-10451,CUST-0051,2023-02-05,2023-02-07,2023-02-11,2023-02-11,Standard Class,East,Los Angeles,Technology,Machines,612.4,1,0.0,-12.83,28.91,,,,No,,0,0
ORD-10452,CUST-0052,2023-04-25,2023-04-27,2023-04-30,2023-05-01,Standard Class,West,Chicago,Technology,Accessories,759.66,7,0.2,-99.23,30.97,,,,No,,1,1
ORD-10453,CUST-0053,2024-01-06,2024-01-07,2024-01-10,2024-01-10,Same Day,West,Miami,Technology,Machines,361.8,2,0.0,23.88,59.94,,,,No,,0,0
ORD-10454,CUST-0054,2023-04-12,2023-04-17,2023-04-20,2023-04-20,Standard Class,Central,Chicago,Office Supplies,Binders,784.72,5,0.3,173.54,39.3,,,,No,,0,0
ORD-10455,CUST-0055,2023-06-30,2023-07-01,2023-07-03,2023-07-03,Second Class,East,Chicago,Office Supplies,Art,738.3,7,0.0,76.41,35.19,,,,No,,0,0
ORD-10456,CUST-0056,2023-08-27,2023-09-03,2023-09-07,2023-09-08,Second Class,West,Los Angeles,Office Supplies,Storage,44.2,2,0.1,9.4,50.51,,,,No,,1,1
ORD-10457,CUST-0057,2023-03-06,2023-03-10,2023-03-14,2023-03-14,Second Class,West,Miami,Furniture,Bookcases,317.29,1,0.0,71.67,36.13,,,,No,,0,0
ORD-10458,CUST-0058,2024-05-06,2024-05-09,2024-05-11,2024-05-13,Second Class,South,New York,Office Supplies,Paper,1115.34,2,0.0,6.5,32.47,Not as Described,2024-05-22,1090.87,Yes,9.0,2,1
ORD-10459,CUST-0059,2024-11-17,2024-11-21,2024-11-24,2024-11-24,Standard Class,Central,Houston,Office Supplies,Paper,378.71,2,0.3,-33.09,40.02,Defective,2024-11-26,285.68,Yes,2.0,0,0
ORD-10460,CUST-0060,2024-05-16,2024-05-23,2024-05-27,2024-05-27,Standard Class,East,Miami,Technology,Machines,988.19,2,0.1,-80.43,56.38,,,,No,,0,0
ORD-10461,CUST-0061,2023-03-13,2023-03-20,2023-03-24,2023-03-24,Second Class,West,Seattle,Technology,Copiers,1014.82,7,0.0,21.51,33.7,Wrong Size,2023-03-30,988.17,Yes,6.0,0,0
ORD-10462,CUST-0062,2024-05-24,2024-05-29,2024-05-31,2024-05-31,Standard Class,East,New York,Furniture,Bookcases,484.96,5,0.2,-46.19,13.77,,,,No,,0,0
ORD-10463,CUST-0063,2024-02-22,2024-02-24,2024-02-27,2024-02-27,First Class,West,Miami,Office Supplies,Art,703.2,7,0.3,131.93,13.94,,,,No,,0,0
ORD-10464,CUST-0064,2023-08-03,2023-08-07,2023-08-11,2023-08-14,Second Class,West,Chicago,Office Supplies,Art,421.81,5,0.1,63.75,20.69,,,,No,,3,1
ORD-10465,CUST-0065,2024-08-07,2024-08-08,2024-08-10,2024-08-10,First Class,Central,Miami,Technology,Copiers,773.93,1,0.1,254.61,3.94,,,,No,,0,0
ORD-10466,CUST-0066,2024-06-26,2024-06-28,2024-06-30,2024-07-02,Second Class,Central,New York,Office Supplies,Storage,1106.56,4,0.2,338.49,10.5,,,,No,,2,1
ORD-10467,CUST-0067,2023-09-03,2023-09-08,2023-09-11,2023-09-11,First Class,Central,Los Angeles,Office Supplies,Storage,211.02,3,0.0,72.16,54.56,Not as Described,2023-09-19,151.27,Yes,8.0,0,0
ORD-10468,CUST-0068,2023-07-01,2023-07-06,2023-07-08,2023-07-08,Standard Class,South,Los Angeles,Office Supplies,Binders,742.21,4,0.2,56.74,56.85,,,,No,,0,0
ORD-10469,CUST-0069,2023-08-01,2023-08-02,2023-08-04,2023-08-04,Same Day,South,Houston,Office Supplies,Storage,957.76,3,0.1,207.66,50.72,,,,No,,0,0
ORD-10470,CUST-0070,2024-07-29,2024-07-31,2024-08-02,2024-08-02,First Class,Central,New York,Office Supplies,Art,823.97,7,0.3,-107.53,28.42,,,,No,,0,0
ORD-10471,CUST-0071,2023-10-25,2023-10-27,2023-10-30,2023-10-30,First Class,Central,Seattle,Office Supplies,Storage,827.5,2,0.0,-23.33,48.32,,,,No,,0,0
ORD-10472,CUST-0072,2024-07-25,2024-07-28,2024-07-30,2024-07-30,Second Class,East,New York,Office Supplies,Storage,694.52,2,0.0,51.84,56.55,,,,No,,0,0
ORD-10473,CUST-0073,2023-06-26,2023-06-27,2023-06-29,2023-06-29,Standard Class,East,Houston,Furniture,Tables,869.45,7,0.0,-118.19,23.77,,,,No,,0,0
ORD-10474,CUST-0074,2024-09-20,2024-09-27,2024-10-01,2024-10-01,Standard Class,West,Seattle,Office Supplies,Art,69.74,2,0.0,21.36,12.29,No Longer Needed,2024-10-07,68.66,Yes,6.0,0,0
ORD-10475,CUST-0075,2023-07-05,2023-07-09,2023-07-11,2023-07-11,Second Class,West,Houston,Technology,Phones,175.86,7,0.3,58.42,11.5,,,,No,,0,0
ORD-10476,CUST-0076,2024-07-01,2024-07-03,2024-07-05,2024-07-05,First Class,East,Chicago,Office Supplies,Paper,511.43,4,0.0,104.58,54.55,,,,No,,0,0
ORD-10477,CUST-0077,2023-02-19,2023-02-20,2023-02-24,2023-02-24,First Class,East,Chicago,Technology,Accessories,377.49,5,0.0,-44.7,37.45,,,,No,,0,0
ORD-10478,CUST-0078,2024-03-22,2024-03-23,2024-03-26,2024-03-26,Same Day,East,Houston,Office Supplies,Storage,577.32,6,0.3,12.92,24.64,,,,No,,0,0
ORD-10479,CUST-0079,2024-02-28,2024-03-02,2024-03-05,2024-03-05,Same Day,West,Chicago,Office Supplies,Art,34.76,6,0.3,-1.1,14.27,,,,No,,0,0
ORD-10480,CUST-0080,2023-04-24,2023-05-01,2023-05-03,2023-05-03,Same Day,West,Chicago,Office Supplies,Art,185.49,7,0.1,-25.97,36.02,,,,No,,0,0
ORD-10481,CUST-0081,2024-06-09,2024-06-13,2024-06-15,2024-06-15,Standard Class,East,New York,Technology,Machines,1178.97,7,0.0,-71.99,22.4,,,,No,,0,0
ORD-10482,CUST-0082,2023-10-18,2023-10-20,2023-10-22,2023-10-22,Second Class,South,New York,Office Supplies,Binders,593.16,2,0.3,96.92,22.81,,,,No,,0,0
ORD-10483,CUST-0083,2023-04-02,2023-04-04,2023-04-07,2023-04-08,Second Class,West,Miami,Office Supplies,Art,719.05,1,0.2,-38.72,28.91,,,,No,,1,1
ORD-10484,CUST-0084,2023-11-21,2023-11-24,2023-11-28,2023-11-28,First Class,East,Houston,Technology,Copiers,460.35,2,0.0,74.34,27.92,,,,No,,0,0
ORD-10485,CUST-0085,2023-10-12,2023-10-19,2023-10-23,2023-10-25,Same Day,East,Los Angeles,Furniture,Bookcases,114.79,3,0.0,23.81,26.93,,,,No,,2,1
ORD-10486,CUST-0086,2023-06-21,2023-06-25,2023-06-27,2023-06-30,First Class,West,Houston,Furniture,Chairs,1072.58,5,0.0,16.58,16.4,,,,No,,3,1
ORD-10487,CUST-0087,2024-11-28,2024-12-03,2024-12-05,2024-12-05,First Class,West,Chicago,Office Supplies,Art,260.06,1,0.1,8.6,8.01,,,,No,,0,0
ORD-10488,CUST-0088,2024-04-21,2024-04-26,2024-04-29,2024-05-02,First Class,East,New York,Office Supplies,Art,745.3,1,0.3,120.2,19.92,,,,No,,3,1
ORD-10489,CUST-0089,2023-03-23,2023-03-28,2023-04-01,2023-04-01,Same Day,West,Miami,Technology,Copiers,110.59,1,0.1,-11.75,56.32,,,,No,,0,0
ORD-10490,CUST-0090,2024-07-17,2024-07-22,2024-07-24,2024-07-26,Same Day,Central,Los Angeles,Furniture,Bookcases,192.64,7,0.0,-2.55,25.18,,,,No,,2,1
ORD-10491,CUST-0091,2023-04-11,2023-04-12,2023-04-14,2023-04-14,Second Class,South,Chicago,Furniture,Chairs,989.85,5,0.2,119.78,28.65,,,,No,,0,0
ORD-10492,CUST-0092,2023-03-29,2023-04-02,2023-04-05,2023-04-05,First Class,South,Miami,Furniture,Chairs,650.78,5,0.3,-28.3,37.25,Wrong Size,2023-04-17,494.75,Yes,12.0,0,0
ORD-10493,CUST-0093,2023-02-21,2023-02-24,2023-02-26,2023-02-26,Second Class,South,Houston,Furniture,Furnishings,1175.05,7,0.3,91.04,45.7,,,,No,,0,0
ORD-10494,CUST-0094,2024-07-24,2024-07-26,2024-07-28,2024-07-30,Standard Class,South,Los Angeles,Technology,Accessories,1102.29,6,0.2,-94.3,43.76,No Longer Needed,2024-08-02,871.71,Yes,3.0,2,1
ORD-10495,CUST-0095,2024-09-24,2024-09-28,2024-09-30,2024-09-30,First Class,South,Los Angeles,Office Supplies,Binders,919.33,2,0.0,39.12,26.24,Wrong Size,2024-10-05,778.93,Yes,5.0,0,0
ORD-10496,CUST-0096,2023-04-23,2023-04-27,2023-05-01,2023-05-03,Second Class,Central,Seattle,Office Supplies,Binders,980.33,1,0.0,30.14,22.81,,,,No,,2,1
ORD-10497,CUST-0097,2023-12-12,2023-12-15,2023-12-19,2023-12-19,Same Day,East,Chicago,Furniture,Furnishings,493.17,1,0.3,105.06,55.23,,,,No,,0,0
ORD-10498,CUST-0098,2023-08-22,2023-08-23,2023-08-26,2023-08-27,Same Day,West,Houston,Furniture,Furnishings,215.1,5,0.0,-28.48,20.74,,,,No,,1,1
ORD-10499,CUST-0099,2023-07-28,2023-08-01,2023-08-05,2023-08-05,Second Class,Central,Houston,Office Supplies,Binders,604.56,3,0.2,130.29,6.44,,,,No,,0,0
ORD-10500,CUST-0100,2024-06-27,2024-06-29,2024-07-01,2024-07-03,Second Class,Central,Los Angeles,Technology,Machines,76.95,2,0.0,-3.92,52.72,,,,No,,2,1
ORD-10501,CUST-0101,2024-09-26,2024-09-27,2024-09-29,2024-09-29,Second Class,East,Chicago,Office Supplies,Paper,247.24,5,0.1,9.43,55.55,,,,No,,0,0
ORD-10502,CUST-0102,2023-12-12,2023-12-15,2023-12-18,2023-12-18,First Class,Central,Houston,Furniture,Chairs,145.44,3,0.1,36.53,47.63,,,,No,,0,0
ORD-10503,CUST-0103,2024-02-16,2024-02-20,2024-02-22,2024-02-23,Second Class,Central,Los Angeles,Office Supplies,Paper,386.47,4,0.2,21.35,56.13,,,,No,,1,1
ORD-10504,CUST-0104,2023-11-26,2023-12-03,2023-12-05,2023-12-05,Same Day,Central,Seattle,Technology,Accessories,622.03,6,0.0,101.11,56.88,,,,No,,0,0
ORD-10505,CUST-0105,2024-05-22,2024-05-25,2024-05-29,2024-05-29,Standard Class,East,Houston,Technology,Machines,1194.81,6,0.3,-86.75,19.47,,,,No,,0,0
ORD-10506,CUST-0106,2023-02-13,2023-02-16,2023-02-18,2023-02-21,Second Class,West,Los Angeles,Furniture,Tables,373.61,3,0.0,-45.86,50.51,,,,No,,3,1
ORD-10507,CUST-0107,2024-09-09,2024-09-12,2024-09-15,2024-09-15,Second Class,Central,Miami,Office Supplies,Binders,606.44,6,0.2,27.14,15.98,Damaged in Transit,2024-09-19,493.77,Yes,4.0,0,0
ORD-10508,CUST-0108,2023-06-29,2023-06-30,2023-07-03,2023-07-04,Same Day,Central,Seattle,Technology,Machines,771.83,1,0.0,209.24,14.14,No Longer Needed,2023-07-05,694.85,Yes,1.0,1,1
ORD-10509,CUST-0109,2024-10-06,2024-10-10,2024-10-14,2024-10-15,Same Day,South,Los Angeles,Technology,Machines,414.6,2,0.2,-51.57,30.8,Wrong Size,2024-10-20,411.47,Yes,5.0,1,1
ORD-10510,CUST-0110,2024-10-14,2024-10-15,2024-10-18,2024-10-18,First Class,South,Miami,Office Supplies,Storage,33.14,5,0.0,1.02,25.57,,,,No,,0,0
ORD-10511,CUST-0111,2023-05-04,2023-05-11,2023-05-14,2023-05-15,First Class,South,Houston,Office Supplies,Storage,599.54,5,0.1,60.3,24.26,,,,No,,1,1
ORD-10512,CUST-0112,2024-03-31,2024-04-05,2024-04-09,2024-04-09,Second Class,East,Houston,Office Supplies,Paper,659.79,2,0.0,150.74,37.19,,,,No,,0,0
ORD-10513,CUST-0113,2023-03-05,2023-03-08,2023-03-12,2023-03-12,Second Class,East,Chicago,Office Supplies,Art,151.99,4,0.1,-19.97,55.22,,,,No,,0,0
ORD-10514,CUST-0114,2023-11-28,2023-12-01,2023-12-03,2023-12-06,Second Class,East,Chicago,Technology,Accessories,75.26,6,0.1,1.54,54.17,,,,No,,3,1
ORD-10515,CUST-0115,2023-11-13,2023-11-18,2023-11-22,2023-11-23,Standard Class,West,Seattle,Office Supplies,Binders,1014.76,4,0.3,133.27,46.21,,,,No,,1,1
ORD-10516,CUST-0116,2023-03-13,2023-03-16,2023-03-19,2023-03-19,Second Class,Central,Miami,Furniture,Bookcases,1157.85,7,0.3,400.98,42.5,,,,No,,0,0
ORD-10517,CUST-0117,2024-05-22,2024-05-24,2024-05-28,2024-05-28,Same Day,Central,New York,Furniture,Bookcases,936.82,6,0.3,35.69,23.31,,,,No,,0,0
ORD-10518,CUST-0118,2024-09-14,2024-09-17,2024-09-20,2024-09-20,First Class,East,Seattle,Office Supplies,Art,245.44,5,0.3,1.79,6.89,,,,No,,0,0
ORD-10519,CUST-0119,2024-01-18,2024-01-20,2024-01-23,2024-01-23,Second Class,South,Seattle,Office Supplies,Binders,499.31,4,0.0,-61.74,4.18,,,,No,,0,0
ORD-10520,CUST-0120,2023-06-20,2023-06-24,2023-06-26,2023-06-26,Same Day,South,Miami,Office Supplies,Paper,802.81,3,0.3,149.33,38.85,,,,No,,0,0
ORD-10521,CUST-0121,2023-10-17,2023-10-21,2023-10-24,2023-10-24,Second Class,East,Seattle,Furniture,Furnishings,26.99,3,0.0,1.98,27.96,,,,No,,0,0
ORD-10522,CUST-0122,2024-04-16,2024-04-17,2024-04-19,2024-04-19,Same Day,South,Miami,Office Supplies,Paper,704.84,3,0.0,186.85,40.51,,,,No,,0,0
ORD-10523,CUST-0123,2023-05-27,2023-05-28,2023-05-30,2023-05-30,First Class,Central,Miami,Technology,Accessories,1069.46,5,0.3,123.02,3.61,,,,No,,0,0
ORD-10524,CUST-0124,2023-12-22,2023-12-29,2024-01-02,2024-01-02,Second Class,West,Los Angeles,Office Supplies,Paper,783.75,4,0.1,130.79,10.15,,,,No,,0,0
ORD-10525,CUST-0125,2023-08-19,2023-08-22,2023-08-25,2023-08-25,Second Class,East,Seattle,Office Supplies,Paper,256.16,4,0.0,46.15,32.32,No Longer Needed,2023-09-04,225.91,Yes,10.0,0,0
ORD-10526,CUST-0126,2024-10-20,2024-10-21,2024-10-25,2024-10-25,Same Day,Central,Chicago,Furniture,Tables,1064.82,1,0.0,264.79,17.63,,,,No,,0,0
ORD-10527,CUST-0127,2023-07-03,2023-07-06,2023-07-09,2023-07-09,Same Day,East,Houston,Office Supplies,Binders,332.92,2,0.2,70.15,56.59,,,,No,,0,0
ORD-10528,CUST-0128,2024-03-08,2024-03-12,2024-03-16,2024-03-16,Second Class,Central,Miami,Furniture,Furnishings,853.91,6,0.1,152.34,13.5,,,,No,,0,0
ORD-10529,CUST-0129,2023-12-05,2023-12-06,2023-12-09,2023-12-09,Standard Class,South,Houston,Furniture,Tables,524.96,6,0.0,110.56,15.36,,,,No,,0,0
ORD-10530,CUST-0130,2024-09-10,2024-09-17,2024-09-21,2024-09-22,First Class,West,Miami,Furniture,Furnishings,437.58,6,0.1,141.47,44.13,,,,No,,1,1
ORD-10531,CUST-0131,2024-11-09,2024-11-13,2024-11-16,2024-11-17,First Class,West,Chicago,Office Supplies,Art,640.89,5,0.1,105.71,22.87,,,,No,,1,1
ORD-10532,CUST-0132,2023-12-11,2023-12-16,2023-12-18,2023-12-18,Standard Class,Central,Chicago,Furniture,Bookcases,501.82,1,0.0,167.11,9.58,,,,No,,0,0
ORD-10533,CUST-0133,2024-06-30,2024-07-02,2024-07-04,2024-07-07,Second Class,East,New York,Technology,Phones,115.45,7,0.2,27.22,55.08,,,,No,,3,1
ORD-10534,CUST-0134,2024-08-14,2024-08-18,2024-08-22,2024-08-24,Second Class,East,Seattle,Office Supplies,Storage,876.69,7,0.0,-63.26,15.09,,,,No,,2,1
ORD-10535,CUST-0135,2024-09-27,2024-10-01,2024-10-05,2024-10-05,First Class,Central,Miami,Office Supplies,Binders,672.23,6,0.1,210.47,2.53,Not as Described,2024-10-17,616.06,Yes,12.0,0,0
ORD-10536,CUST-0136,2023-12-16,2023-12-17,2023-12-20,2023-12-20,Standard Class,Central,Miami,Furniture,Chairs,677.36,5,0.2,74.18,58.8,,,,No,,0,0
ORD-10537,CUST-0137,2023-04-12,2023-04-15,2023-04-17,2023-04-17,Standard Class,South,Seattle,Office Supplies,Binders,25.07,2,0.0,5.18,23.24,No Longer Needed,2023-04-22,18.21,Yes,5.0,0,0
ORD-10538,CUST-0138,2024-09-08,2024-09-11,2024-09-13,2024-09-13,Second Class,Central,Houston,Office Supplies,Binders,240.07,6,0.2,-22.0,40.05,,,,No,,0,0
ORD-10539,CUST-0139,2023-11-13,2023-11-15,2023-11-17,2023-11-17,Second Class,Central,Miami,Technology,Copiers,86.11,5,0.2,26.93,31.18,,,,No,,0,0
ORD-10540,CUST-0140,2023-03-02,2023-03-06,2023-03-09,2023-03-09,First Class,East,Miami,Technology,Phones,241.41,3,0.0,18.58,19.5,,,,No,,0,0
ORD-10541,CUST-0141,2023-10-01,2023-10-08,2023-10-10,2023-10-12,Same Day,West,Houston,Office Supplies,Binders,721.73,4,0.1,79.44,29.53,,,,No,,2,1
ORD-10542,CUST-0142,2024-10-17,2024-10-19,2024-10-23,2024-10-23,Second Class,South,Los Angeles,Office Supplies,Binders,58.06,6,0.0,12.44,13.58,,,,No,,0,0
ORD-10543,CUST-0143,2023-08-02,2023-08-05,2023-08-08,2023-08-08,First Class,Central,Houston,Office Supplies,Art,1167.64,2,0.2,-133.63,22.05,,,,No,,0,0
ORD-10544,CUST-0144,2023-04-07,2023-04-11,2023-04-14,2023-04-16,First Class,Central,Miami,Furniture,Chairs,1089.64,7,0.3,-116.92,28.09,,,,No,,2,1
ORD-10545,CUST-0145,2024-09-18,2024-09-20,2024-09-24,2024-09-24,Same Day,West,Houston,Technology,Accessories,827.57,2,0.0,-87.4,52.17,,,,No,,0,0
ORD-10546,CUST-0146,2023-10-20,2023-10-22,2023-10-25,2023-10-25,Same Day,South,Houston,Technology,Phones,693.16,1,0.1,16.19,45.29,,,,No,,0,0
ORD-10547,CUST-0147,2024-06-05,2024-06-07,2024-06-10,2024-06-10,Second Class,South,Miami,Office Supplies,Art,306.92,4,0.3,47.18,32.34,,,,No,,0,0
ORD-10548,CUST-0148,2024-04-03,2024-04-05,2024-04-09,2024-04-09,First Class,West,Miami,Office Supplies,Binders,34.11,7,0.0,0.88,33.52,No Longer Needed,2024-04-16,30.3,Yes,7.0,0,0
ORD-10549,CUST-0149,2023-10-18,2023-10-20,2023-10-23,2023-10-23,First Class,East,Miami,Office Supplies,Art,737.9,2,0.0,1.67,3.44,Wrong Size,2023-11-04,617.0,Yes,12.0,0,0
ORD-10550,CUST-0150,2023-11-18,2023-11-23,2023-11-25,2023-11-25,First Class,Central,New York,Office Supplies,Art,1085.38,4,0.0,-36.86,43.12,,,,No,,0,0
ORD-10551,CUST-0151,2023-04-18,2023-04-22,2023-04-26,2023-04-26,Second Class,West,Seattle,Office Supplies,Binders,1065.91,7,0.1,237.56,4.04,,,,No,,0,0
ORD-10552,CUST-0152,2024-01-20,2024-01-25,2024-01-29,2024-01-29,First Class,South,Chicago,Office Supplies,Binders,508.71,4,0.3,66.94,56.74,No Longer Needed,2024-02-05,491.28,Yes,7.0,0,0
ORD-10553,CUST-0153,2023-04-10,2023-04-14,2023-04-16,2023-04-16,Standard Class,East,Chicago,Technology,Phones,888.79,2,0.3,59.5,45.36,,,,No,,0,0
ORD-10554,CUST-0154,2024-01-26,2024-01-28,2024-02-01,2024-02-01,First Class,South,Miami,Technology,Machines,1006.68,7,0.0,351.94,18.64,,,,No,,0,0
ORD-10555,CUST-0155,2023-02-15,2023-02-22,2023-02-25,2023-02-27,Second Class,South,Los Angeles,Technology,Copiers,738.72,2,0.2,-69.13,52.46,,,,No,,2,1
ORD-10556,CUST-0156,2023-07-21,2023-07-25,2023-07-27,2023-07-27,Second Class,Central,New York,Office Supplies,Storage,435.69,7,0.3,44.25,20.32,,,,No,,0,0
ORD-10557,CUST-0157,2024-10-20,2024-10-25,2024-10-27,2024-10-27,First Class,South,Seattle,Technology,Accessories,163.07,5,0.0,31.66,17.07,,,,No,,0,0
ORD-10558,CUST-0158,2023-03-10,2023-03-13,2023-03-15,2023-03-15,First Class,West,Seattle,Office Supplies,Art,565.26,3,0.0,124.21,26.73,,,,No,,0,0
ORD-10559,CUST-0159,2023-03-11,2023-03-12,2023-03-16,2023-03-17,Second Class,West,Los Angeles,Office Supplies,Binders,79.84,4,0.0,22.34,43.17,,,,No,,1,1
ORD-10560,CUST-0160,2024-06-23,2024-06-27,2024-06-30,2024-07-01,Same Day,South,Chicago,Furniture,Tables,162.45,1,0.3,-0.82,51.47,,,,No,,1,1
ORD-10561,CUST-0161,2024-09-24,2024-09-26,2024-09-30,2024-09-30,Standard Class,West,Los Angeles,Office Supplies,Storage,1162.11,5,0.0,-77.31,9.03,,,,No,,0,0
ORD-10562,CUST-0162,2024-08-09,2024-08-11,2024-08-13,2024-08-13,Standard Class,Central,Miami,Furniture,Tables,526.82,7,0.0,102.68,36.94,,,,No,,0,0
ORD-10563,CUST-0163,2024-11-25,2024-11-28,2024-12-02,2024-12-02,Second Class,South,New York,Technology,Machines,980.26,2,0.0,-48.7,43.48,,,,No,,0,0
ORD-10564,CUST-0164,2024-11-01,2024-11-04,2024-11-06,2024-11-06,Standard Class,East,New York,Office Supplies,Paper,1029.27,1,0.0,-61.43,30.17,,,,No,,0,0
ORD-10565,CUST-0165,2023-05-25,2023-05-27,2023-05-31,2023-06-02,First Class,East,Chicago,Furniture,Tables,260.14,5,0.0,-19.59,31.58,,,,No,,2,1
ORD-10566,CUST-0166,2024-08-07,2024-08-11,2024-08-13,2024-08-15,First Class,Central,Los Angeles,Technology,Accessories,964.82,2,0.0,-33.91,13.58,Damaged in Transit,2024-08-17,787.74,Yes,2.0,2,1
ORD-10567,CUST-0167,2024-06-19,2024-06-21,2024-06-23,2024-06-24,Same Day,South,Houston,Office Supplies,Paper,508.04,5,0.1,159.27,39.61,,,,No,,1,1
ORD-10568,CUST-0168,2024-09-29,2024-10-02,2024-10-06,2024-10-07,Same Day,East,Seattle,Technology,Machines,264.18,4,0.2,41.68,4.29,,,,No,,1,1
ORD-10569,CUST-0169,2024-05-20,2024-05-25,2024-05-28,2024-05-28,Second Class,West,Seattle,Office Supplies,Storage,78.35,1,0.3,-9.82,35.02,,,,No,,0,0
ORD-10570,CUST-0170,2024-07-22,2024-07-27,2024-07-29,2024-07-29,Standard Class,South,Los Angeles,Furniture,Chairs,919.5,6,0.3,188.91,58.46,,,,No,,0,0
ORD-10571,CUST-0171,2023-11-09,2023-11-10,2023-11-13,2023-11-13,Second Class,Central,Houston,Office Supplies,Storage,459.49,1,0.1,4.38,58.2,,,,No,,0,0
ORD-10572,CUST-0172,2023-03-30,2023-04-04,2023-04-06,2023-04-08,Standard Class,South,Miami,Office Supplies,Storage,250.73,6,0.0,30.92,27.29,,,,No,,2,1
ORD-10573,CUST-0173,2023-04-03,2023-04-07,2023-04-10,2023-04-10,Same Day,East,Houston,Technology,Accessories,400.96,1,0.3,25.95,29.3,Defective,2023-04-14,362.4,Yes,4.0,0,0
ORD-10574,CUST-0174,2024-07-15,2024-07-17,2024-07-21,2024-07-21,Standard Class,Central,Los Angeles,Technology,Accessories,494.32,2,0.1,100.29,49.61,,,,No,,0,0
ORD-10575,CUST-0175,2024-08-04,2024-08-08,2024-08-10,2024-08-10,Second Class,West,Los Angeles,Office Supplies,Storage,15.29,4,0.2,-0.39,2.9,,,,No,,0,0
ORD-10576,CUST-0176,2024-08-28,2024-08-30,2024-09-03,2024-09-03,First Class,South,Miami,Technology,Accessories,891.92,2,0.1,219.71,37.02,,,,No,,0,0
ORD-10577,CUST-0177,2024-03-07,2024-03-08,2024-03-12,2024-03-12,Same Day,East,Houston,Office Supplies,Art,768.82,5,0.2,216.59,55.18,,,,No,,0,0
ORD-10578,CUST-0178,2023-07-06,2023-07-09,2023-07-13,2023-07-13,First Class,South,Seattle,Furniture,Tables,107.82,3,0.2,26.15,48.13,,,,No,,0,0
ORD-10579,CUST-0179,2024-01-05,2024-01-12,2024-01-16,2024-01-16,First Class,South,Miami,Office Supplies,Art,966.15,6,0.0,50.23,28.69,Not as Described,2024-01-17,742.43,Yes,1.0,0,0
ORD-10580,CUST-0180,2024-03-19,2024-03-22,2024-03-26,2024-03-26,Standard Class,West,Seattle,Office Supplies,Storage,1110.53,7,0.0,-159.13,3.13,,,,No,,0,0
ORD-10581,CUST-0181,2023-05-08,2023-05-11,2023-05-13,2023-05-13,Same Day,Central,Los Angeles,Technology,Machines,320.51,4,0.3,29.52,39.59,Wrong Size,2023-05-26,249.3,Yes,13.0,0,0
ORD-10582,CUST-0182,2023-07-18,2023-07-19,2023-07-23,2023-07-23,First Class,West,New York,Technology,Copiers,550.99,7,0.2,2.64,20.57,,,,No,,0,0
ORD-10583,CUST-0183,2024-11-08,2024-11-10,2024-11-13,2024-11-16,Same Day,West,Seattle,Office Supplies,Art,385.6,7,0.0,70.2,32.63,,,,No,,3,1
ORD-10584,CUST-0184,2024-10-04,2024-10-07,2024-10-11,2024-10-11,Same Day,South,Miami,Technology,Copiers,968.18,1,0.0,194.13,8.57,,,,No,,0,0
ORD-10585,CUST-0185,2024-09-07,2024-09-10,2024-09-13,2024-09-14,First Class,Central,Miami,Furniture,Chairs,399.54,3,0.0,-3.46,28.73,,,,No,,1,1
ORD-10586,CUST-0186,2024-05-31,2024-06-05,2024-06-07,2024-06-10,First Class,Central,Miami,Technology,Accessories,1135.75,1,0.3,269.55,17.36,,,,No,,3,1
ORD-10587,CUST-0187,2023-12-20,2023-12-21,2023-12-25,2023-12-25,Standard Class,South,Chicago,Technology,Accessories,987.26,7,0.1,107.77,28.78,,,,No,,0,0
ORD-10588,CUST-0188,2023-02-19,2023-02-24,2023-02-26,2023-02-26,First Class,Central,Seattle,Technology,Machines,754.67,3,0.2,-9.08,54.49,,,,No,,0,0
ORD-10589,CUST-0189,2024-06-08,2024-06-09,2024-06-12,2024-06-15,Standard Class,South,Chicago,Office Supplies,Paper,264.48,2,0.3,-8.78,25.75,,,,No,,3,1
ORD-10590,CUST-0190,2023-12-01,2023-12-04,2023-12-07,2023-12-07,First Class,Central,Houston,Office Supplies,Paper,1098.71,3,0.0,251.29,45.94,,,,No,,0,0
ORD-10591,CUST-0191,2023-04-02,2023-04-06,2023-04-09,2023-04-11,First Class,Central,Houston,Office Supplies,Paper,1051.86,6,0.0,333.43,12.65,,,,No,,2,1
ORD-10592,CUST-0192,2024-07-10,2024-07-13,2024-07-15,2024-07-17,First Class,Central,New York,Furniture,Tables,189.73,4,0.1,25.21,43.45,,,,No,,2,1
ORD-10593,CUST-0193,2024-11-12,2024-11-15,2024-11-17,2024-11-20,Standard Class,Central,Houston,Office Supplies,Binders,1033.3,4,0.0,334.49,26.55,No Longer Needed,2024-11-25,839.9,Yes,5.0,3,1
ORD-10594,CUST-0194,2023-07-19,2023-07-24,2023-07-26,2023-07-26,First Class,Central,Chicago,Technology,Accessories,908.11,2,0.2,105.31,18.5,No Longer Needed,2023-07-31,718.51,Yes,5.0,0,0
ORD-10595,CUST-0195,2023-04-29,2023-05-01,2023-05-03,2023-05-05,Standard Class,East,Los Angeles,Office Supplies,Paper,759.68,3,0.0,-94.77,4.55,,,,No,,2,1
ORD-10596,CUST-0196,2023-08-17,2023-08-22,2023-08-25,2023-08-25,Second Class,South,Chicago,Technology,Accessories,109.39,3,0.0,8.09,27.85,,,,No,,0,0
ORD-10597,CUST-0197,2023-04-14,2023-04-15,2023-04-18,2023-04-20,Standard Class,East,New York,Office Supplies,Art,919.87,1,0.0,124.33,5.11,No Longer Needed,2023-04-24,713.97,Yes,4.0,2,1
ORD-10598,CUST-0198,2023-12-19,2023-12-22,2023-12-24,2023-12-26,First Class,East,Los Angeles,Technology,Phones,1154.81,6,0.0,-136.12,39.28,,,,No,,2,1
ORD-10599,CUST-0199,2023-12-08,2023-12-10,2023-12-13,2023-12-14,Standard Class,West,Houston,Office Supplies,Paper,340.53,1,0.0,-44.17,55.0,,,,No,,1,1
ORD-10600,CUST-0200,2023-10-09,2023-10-11,2023-10-14,2023-10-14,Standard Class,West,New York,Office Supplies,Storage,21.4,5,0.0,1.53,57.04,,,,No,,0,0
ORD-10601,CUST-0201,2023-10-09,2023-10-11,2023-10-15,2023-10-15,Standard Class,West,Houston,Office Supplies,Paper,295.06,4,0.0,-16.47,5.26,,,,No,,0,0
ORD-10602,CUST-0202,2023-07-07,2023-07-11,2023-07-15,2023-07-15,Second Class,East,Los Angeles,Office Supplies,Paper,837.23,7,0.0,88.99,17.53,,,,No,,0,0
ORD-10603,CUST-0203,2024-06-28,2024-07-01,2024-07-04,2024-07-04,First Class,West,Houston,Office Supplies,Art,1182.12,1,0.2,223.89,12.21,,,,No,,0,0
ORD-10604,CUST-0204,2023-11-14,2023-11-17,2023-11-19,2023-11-19,Same Day,South,Los Angeles,Technology,Phones,599.5,5,0.1,-33.25,54.25,,,,No,,0,0
ORD-10605,CUST-0205,2023-10-23,2023-10-25,2023-10-27,2023-10-27,Standard Class,Central,Chicago,Office Supplies,Art,312.42,7,0.0,59.97,31.11,,,,No,,0,0
ORD-10606,CUST-0206,2024-04-26,2024-04-28,2024-04-30,2024-05-02,Standard Class,Central,Los Angeles,Furniture,Tables,517.21,7,0.3,-30.21,36.18,,,,No,,2,1
ORD-10607,CUST-0207,2023-04-01,2023-04-02,2023-04-06,2023-04-06,Same Day,Central,New York,Furniture,Bookcases,193.4,6,0.3,27.57,31.76,,,,No,,0,0
ORD-10608,CUST-0208,2024-02-22,2024-02-25,2024-02-29,2024-02-29,Second Class,South,Seattle,Office Supplies,Storage,590.03,2,0.1,1.4,12.54,,,,No,,0,0
ORD-10609,CUST-0209,2023-05-12,2023-05-16,2023-05-20,2023-05-20,Standard Class,West,Los Angeles,Office Supplies,Art,381.91,7,0.0,69.85,18.6,,,,No,,0,0
ORD-10610,CUST-0210,2023-01-17,2023-01-22,2023-01-24,2023-01-26,Second Class,South,Los Angeles,Furniture,Furnishings,165.98,2,0.0,-18.66,9.78,,,,No,,2,1
ORD-10611,CUST-0211,2024-08-12,2024-08-16,2024-08-18,2024-08-19,Standard Class,South,Seattle,Furniture,Tables,533.02,3,0.1,152.27,59.94,,,,No,,1,1
ORD-10612,CUST-0212,2023-08-13,2023-08-20,2023-08-23,2023-08-23,First Class,East,New York,Technology,Accessories,1083.21,1,0.3,307.89,50.4,,,,No,,0,0
ORD-10613,CUST-0213,2024-07-26,2024-07-27,2024-07-31,2024-07-31,Second Class,East,Houston,Office Supplies,Binders,1026.83,2,0.0,293.44,27.91,,,,No,,0,0
ORD-10614,CUST-0214,2023-02-26,2023-03-02,2023-03-04,2023-03-04,First Class,West,Houston,Office Supplies,Binders,1150.03,5,0.2,364.17,51.81,,,,No,,0,0
ORD-10615,CUST-0215,2024-08-25,2024-08-26,2024-08-30,2024-08-30,Second Class,West,Chicago,Technology,Phones,807.47,4,0.2,215.15,9.26,Not as Described,2024-09-09,577.26,Yes,10.0,0,0
ORD-10616,CUST-0216,2024-04-22,2024-04-24,2024-04-27,2024-04-27,Same Day,East,Chicago,Furniture,Furnishings,1194.65,7,0.0,184.85,49.59,,,,No,,0,0
ORD-10617,CUST-0217,2024-07-02,2024-07-04,2024-07-07,2024-07-07,Second Class,Central,Seattle,Office Supplies,Art,1118.34,5,0.1,236.75,17.89,,,,No,,0,0
ORD-10618,CUST-0218,2023-03-25,2023-03-27,2023-03-31,2023-03-31,First Class,West,Houston,Office Supplies,Binders,950.01,4,0.0,252.12,18.96,,,,No,,0,0
ORD-10619,CUST-0219,2024-11-23,2024-11-25,2024-11-28,2024-11-28,Standard Class,Central,Seattle,Office Supplies,Art,998.13,3,0.1,136.09,31.03,,,,No,,0,0
ORD-10620,CUST-0220,2023-11-11,2023-11-13,2023-11-15,2023-11-15,Same Day,Central,New York,Office Supplies,Art,886.59,3,0.3,-82.72,43.8,,,,No,,0,0
ORD-10621,CUST-0221,2024-07-28,2024-07-29,2024-08-02,2024-08-05,Same Day,East,Los Angeles,Office Supplies,Binders,899.38,6,0.2,126.27,43.43,,,,No,,3,1
ORD-10622,CUST-0222,2023-10-04,2023-10-05,2023-10-07,2023-10-07,First Class,East,Los Angeles,Office Supplies,Binders,509.68,2,0.3,56.54,6.3,,,,No,,0,0
ORD-10623,CUST-0223,2024-08-18,2024-08-25,2024-08-27,2024-08-30,First Class,East,Chicago,Office Supplies,Storage,289.11,2,0.3,0.66,12.21,,,,No,,3,1
ORD-10624,CUST-0224,2024-08-11,2024-08-16,2024-08-20,2024-08-20,Standard Class,South,Houston,Office Supplies,Storage,728.98,5,0.0,197.04,29.43,Defective,2024-09-01,693.28,Yes,12.0,0,0
ORD-10625,CUST-0225,2024-06-05,2024-06-12,2024-06-14,2024-06-14,Standard Class,West,Chicago,Office Supplies,Art,201.32,3,0.0,21.48,39.74,,,,No,,0,0
ORD-10626,CUST-0226,2023-03-20,2023-03-23,2023-03-25,2023-03-25,Standard Class,East,New York,Office Supplies,Storage,1007.88,3,0.0,162.93,5.27,Damaged in Transit,2023-04-06,724.96,Yes,12.0,0,0
ORD-10627,CUST-0227,2023-11-03,2023-11-05,2023-11-07,2023-11-08,Second Class,Central,Seattle,Office Supplies,Paper,252.18,1,0.2,36.79,6.19,Damaged in Transit,2023-11-15,243.66,Yes,7.0,1,1
ORD-10628,CUST-0228,2024-07-22,2024-07-27,2024-07-29,2024-07-29,First Class,South,Seattle,Office Supplies,Storage,1022.18,7,0.3,-0.5,20.36,,,,No,,0,0
ORD-10629,CUST-0229,2024-04-29,2024-05-04,2024-05-08,2024-05-09,Standard Class,East,Seattle,Furniture,Bookcases,1061.16,3,0.0,115.47,35.52,,,,No,,1,1
ORD-10630,CUST-0230,2023-07-06,2023-07-13,2023-07-17,2023-07-17,Standard Class,East,Chicago,Office Supplies,Art,891.45,6,0.0,199.34,20.08,,,,No,,0,0
ORD-10631,CUST-0231,2024-05-31,2024-06-01,2024-06-05,2024-06-05,Standard Class,East,Miami,Technology,Phones,562.38,5,0.0,168.03,17.35,,,,No,,0,0
ORD-10632,CUST-0232,2024-03-27,2024-03-29,2024-04-02,2024-04-02,Second Class,West,Seattle,Office Supplies,Art,583.23,7,0.0,-77.74,23.27,,,,No,,0,0
ORD-10633,CUST-0233,2023-04-12,2023-04-16,2023-04-19,2023-04-19,Standard Class,Central,Los Angeles,Technology,Accessories,497.75,1,0.3,156.38,5.18,,,,No,,0,0
ORD-10634,CUST-0234,2024-01-15,2024-01-18,2024-01-22,2024-01-22,Same Day,South,Houston,Technology,Copiers,1051.41,5,0.3,113.79,44.16,,,,No,,0,0
ORD-10635,CUST-0235,2023-04-25,2023-04-29,2023-05-03,2023-05-03,Same Day,East,Houston,Office Supplies,Binders,70.02,5,0.0,21.76,9.46,,,,No,,0,0
ORD-10636,CUST-0236,2023-12-30,2024-01-02,2024-01-05,2024-01-05,Standard Class,West,Miami,Technology,Accessories,677.98,7,0.3,31.03,43.37,,,,No,,0,0
ORD-10637,CUST-0237,2023-09-22,2023-09-23,2023-09-27,2023-09-27,Second Class,Central,Seattle,Office Supplies,Paper,310.0,5,0.0,-10.88,45.47,,,,No,,0,0
ORD-10638,CUST-0238,2023-12-29,2024-01-01,2024-01-03,2024-01-03,Same Day,East,Houston,Office Supplies,Storage,594.72,3,0.3,-81.96,35.72,,,,No,,0,0
ORD-10639,CUST-0239,2024-02-27,2024-03-05,2024-03-07,2024-03-07,Standard Class,Central,Houston,Technology,Machines,821.89,7,0.0,-107.74,9.14,,,,No,,0,0
ORD-10640,CUST-0240,2023-09-24,2023-10-01,2023-10-04,2023-10-04,Standard Class,Central,Houston,Technology,Accessories,279.36,1,0.1,-27.46,27.03,,,,No,,0,0
ORD-10641,CUST-0241,2024-03-13,2024-03-17,2024-03-21,2024-03-21,First Class,East,Houston,Office Supplies,Binders,656.07,7,0.0,84.22,51.57,,,,No,,0,0
ORD-10642,CUST-0242,2024-01-28,2024-01-29,2024-02-01,2024-02-02,Second Class,East,Miami,Furniture,Chairs,202.57,1,0.1,30.96,42.13,,,,No,,1,1
ORD-10643,CUST-0243,2023-06-15,2023-06-19,2023-06-23,2023-06-23,Standard Class,Central,Houston,Technology,Copiers,285.74,6,0.0,-25.94,2.79,,,,No,,0,0
ORD-10644,CUST-0244,2023-07-27,2023-07-30,2023-08-02,2023-08-02,Standard Class,West,Houston,Office Supplies,Art,176.6,3,0.0,-0.89,2.84,,,,No,,0,0
ORD-10645,CUST-0245,2024-11-12,2024-11-14,2024-11-17,2024-11-20,Standard Class,West,Houston,Office Supplies,Paper,1009.46,3,0.0,14.52,37.43,,,,No,,3,1
ORD-10646,CUST-0246,2023-06-06,2023-06-08,2023-06-11,2023-06-11,First Class,East,Miami,Office Supplies,Binders,622.41,3,0.3,162.65,14.18,,,,No,,0,0
ORD-10647,CUST-0247,2023-04-16,2023-04-19,2023-04-23,2023-04-23,Standard Class,Central,Los Angeles,Technology,Machines,1020.79,5,0.0,50.58,26.1,,,,No,,0,0
ORD-10648,CUST-0248,2023-07-08,2023-07-13,2023-07-15,2023-07-18,First Class,East,New York,Furniture,Chairs,976.14,4,0.1,180.19,44.48,,,,No,,3,1
ORD-10649,CUST-0249,2023-06-21,2023-06-25,2023-06-29,2023-06-29,Second Class,Central,Seattle,Office Supplies,Paper,782.69,4,0.2,6.26,20.22,,,,No,,0,0
ORD-10650,CUST-0250,2024-06-24,2024-06-26,2024-06-29,2024-06-29,Second Class,Central,Chicago,Office Supplies,Art,414.58,6,0.0,-36.92,31.57,,,,No,,0,0
ORD-10651,CUST-0251,2024-03-29,2024-03-31,2024-04-02,2024-04-02,First Class,Central,Miami,Furniture,Tables,1190.39,2,0.1,-12.58,57.11,Wrong Size,2024-04-08,878.08,Yes,6.0,0,0
ORD-10652,CUST-0252,2024-09-17,2024-09-20,2024-09-23,2024-09-25,Standard Class,South,Seattle,Technology,Machines,60.73,7,0.2,0.45,9.48,,,,No,,2,1
ORD-10653,CUST-0253,2023-01-19,2023-01-23,2023-01-25,2023-01-25,Standard Class,East,Seattle,Technology,Machines,115.0,5,0.1,34.84,31.94,,,,No,,0,0
ORD-10654,CUST-0254,2023-01-13,2023-01-15,2023-01-18,2023-01-18,Same Day,East,New York,Office Supplies,Storage,544.95,4,0.0,6.29,50.66,,,,No,,0,0
ORD-10655,CUST-0255,2024-04-25,2024-05-02,2024-05-06,2024-05-06,Second Class,West,Los Angeles,Furniture,Tables,758.46,3,0.2,-2.89,42.91,,,,No,,0,0
ORD-10656,CUST-0256,2023-03-09,2023-03-16,2023-03-18,2023-03-18,Same Day,Central,Houston,Furniture,Furnishings,319.98,7,0.1,-38.96,41.03,,,,No,,0,0
ORD-10657,CUST-0257,2024-04-18,2024-04-22,2024-04-25,2024-04-26,First Class,West,Chicago,Office Supplies,Art,1074.5,2,0.1,19.59,36.17,,,,No,,1,1
ORD-10658,CUST-0258,2024-08-01,2024-08-03,2024-08-07,2024-08-08,Same Day,Central,Miami,Office Supplies,Paper,463.18,1,0.3,133.03,51.36,,,,No,,1,1
ORD-10659,CUST-0259,2023-08-31,2023-09-07,2023-09-09,2023-09-09,Same Day,South,Los Angeles,Technology,Accessories,850.5,4,0.0,-84.73,43.04,Defective,2023-09-22,612.0,Yes,13.0,0,0
ORD-10660,CUST-0260,2023-11-04,2023-11-05,2023-11-07,2023-11-10,Same Day,South,Houston,Office Supplies,Binders,931.95,3,0.2,159.72,21.01,,,,No,,3,1
ORD-10661,CUST-0261,2024-10-26,2024-10-28,2024-10-30,2024-10-30,Second Class,West,Seattle,Furniture,Bookcases,410.04,1,0.2,55.49,27.26,,,,No,,0,0
ORD-10662,CUST-0262,2023-08-20,2023-08-22,2023-08-25,2023-08-25,Same Day,South,Los Angeles,Office Supplies,Storage,1118.27,1,0.1,-88.43,14.4,,,,No,,0,0
ORD-10663,CUST-0263,2024-10-27,2024-10-31,2024-11-03,2024-11-03,Same Day,West,Seattle,Office Supplies,Binders,540.33,6,0.3,182.65,32.87,,,,No,,0,0
ORD-10664,CUST-0264,2024-06-07,2024-06-08,2024-06-12,2024-06-13,Second Class,West,Seattle,Technology,Phones,71.19,4,0.2,10.83,13.52,,,,No,,1,1
ORD-10665,CUST-0265,2024-04-24,2024-04-25,2024-04-28,2024-05-01,Second Class,Central,Seattle,Office Supplies,Paper,407.25,2,0.0,-11.77,11.96,,,,No,,3,1
ORD-10666,CUST-0266,2024-04-20,2024-04-27,2024-04-29,2024-04-29,Standard Class,West,Seattle,Furniture,Bookcases,1121.33,5,0.2,-37.22,47.15,,,,No,,0,0
ORD-10667,CUST-0267,2024-07-07,2024-07-08,2024-07-12,2024-07-12,Standard Class,East,Chicago,Technology,Accessories,493.92,2,0.3,99.66,39.4,,,,No,,0,0
ORD-10668,CUST-0268,2023-03-22,2023-03-24,2023-03-28,2023-03-28,Second Class,West,Houston,Office Supplies,Storage,811.56,4,0.1,260.92,48.11,,,,No,,0,0
ORD-10669,CUST-0269,2023-03-30,2023-04-03,2023-04-07,2023-04-10,Same Day,West,Chicago,Furniture,Bookcases,870.54,1,0.1,-83.5,59.23,,,,No,,3,1
ORD-10670,CUST-0270,2023-12-07,2023-12-09,2023-12-11,2023-12-11,Same Day,East,New York,Office Supplies,Storage,173.93,1,0.0,-25.93,14.98,,,,No,,0,0
ORD-10671,CUST-0271,2024-10-17,2024-10-20,2024-10-23,2024-10-23,Standard Class,South,Los Angeles,Furniture,Tables,411.99,6,0.0,16.03,20.37,,,,No,,0,0
ORD-10672,CUST-0272,2024-04-23,2024-04-24,2024-04-26,2024-04-28,Same Day,Central,Seattle,Office Supplies,Binders,928.68,1,0.0,-112.12,19.71,Defective,2024-05-08,806.93,Yes,10.0,2,1
ORD-10673,CUST-0273,2024-09-20,2024-09-24,2024-09-27,2024-09-27,First Class,East,Chicago,Office Supplies,Art,876.03,5,0.0,220.89,11.46,,,,No,,0,0
ORD-10674,CUST-0274,2024-01-21,2024-01-23,2024-01-27,2024-01-28,Standard Class,Central,Miami,Office Supplies,Art,255.55,5,0.0,3.1,8.44,,,,No,,1,1
ORD-10675,CUST-0275,2024-07-08,2024-07-11,2024-07-14,2024-07-14,First Class,South,Houston,Office Supplies,Art,43.95,5,0.3,1.32,40.73,Not as Described,2024-07-17,37.39,Yes,3.0,0,0
ORD-10676,CUST-0276,2024-07-16,2024-07-20,2024-07-23,2024-07-23,First Class,West,Houston,Office Supplies,Paper,137.5,1,0.0,1.9,14.19,,,,No,,0,0
ORD-10677,CUST-0277,2023-01-16,2023-01-21,2023-01-25,2023-01-25,Second Class,East,New York,Office Supplies,Binders,739.62,7,0.2,15.71,8.26,No Longer Needed,2023-01-27,626.73,Yes,2.0,0,0
ORD-10678,CUST-0278,2024-03-30,2024-04-01,2024-04-05,2024-04-05,Same Day,East,Chicago,Office Supplies,Paper,412.64,1,0.1,6.06,36.09,,,,No,,0,0
ORD-10679,CUST-0279,2024-04-15,2024-04-20,2024-04-22,2024-04-25,Second Class,West,Chicago,Office Supplies,Art,125.56,5,0.3,33.67,50.15,,,,No,,3,1
ORD-10680,CUST-0280,2024-08-02,2024-08-06,2024-08-08,2024-08-08,Second Class,Central,Chicago,Office Supplies,Binders,62.79,4,0.1,1.19,26.27,,,,No,,0,0
ORD-10681,CUST-0281,2024-03-23,2024-03-28,2024-04-01,2024-04-01,Same Day,South,New York,Office Supplies,Storage,108.21,2,0.2,-13.03,8.11,,,,No,,0,0
ORD-10682,CUST-0282,2023-11-05,2023-11-06,2023-11-10,2023-11-10,First Class,South,Los Angeles,Technology,Phones,1039.11,7,0.3,261.38,27.04,,,,No,,0,0
ORD-10683,CUST-0283,2023-08-23,2023-08-26,2023-08-29,2023-08-30,Same Day,Central,Chicago,Office Supplies,Storage,46.61,2,0.3,13.51,4.62,,,,No,,1,1
ORD-10684,CUST-0284,2024-03-28,2024-04-02,2024-04-06,2024-04-07,Standard Class,East,New York,Office Supplies,Binders,248.82,6,0.1,-2.25,32.79,Defective,2024-04-11,217.06,Yes,4.0,1,1
ORD-10685,CUST-0285,2023-09-11,2023-09-12,2023-09-14,2023-09-14,First Class,West,Los Angeles,Technology,Accessories,1161.92,1,0.1,-83.47,27.35,,,,No,,0,0
ORD-10686,CUST-0286,2023-11-25,2023-11-27,2023-12-01,2023-12-01,First Class,South,Miami,Office Supplies,Art,418.71,5,0.3,60.11,5.87,,,,No,,0,0
ORD-10687,CUST-0287,2024-11-13,2024-11-15,2024-11-17,2024-11-17,Second Class,South,Los Angeles,Technology,Phones,121.21,3,0.1,25.19,47.71,,,,No,,0,0
ORD-10688,CUST-0288,2023-07-12,2023-07-17,2023-07-19,2023-07-19,First Class,South,Miami,Technology,Phones,1017.85,6,0.3,-46.17,2.22,,,,No,,0,0
ORD-10689,CUST-0289,2024-01-02,2024-01-04,2024-01-08,2024-01-09,Second Class,South,Chicago,Technology,Accessories,71.83,4,0.1,16.55,10.69,,,,No,,1,1
ORD-10690,CUST-0290,2023-01-09,2023-01-10,2023-01-14,2023-01-14,Same Day,West,Seattle,Furniture,Furnishings,169.43,7,0.1,-21.5,17.44,,,,No,,0,0
ORD-10691,CUST-0291,2023-11-12,2023-11-13,2023-11-17,2023-11-17,Second Class,West,Miami,Furniture,Bookcases,260.1,1,0.2,15.11,12.42,,,,No,,0,0
ORD-10692,CUST-0292,2023-06-19,2023-06-21,2023-06-25,2023-06-25,Standard Class,Central,Seattle,Office Supplies,Storage,1102.84,7,0.0,-56.34,50.92,,,,No,,0,0
ORD-10693,CUST-0293,2024-09-23,2024-09-25,2024-09-29,2024-09-29,Same Day,South,Seattle,Technology,Phones,532.58,3,0.1,-75.82,14.77,,,,No,,0,0
ORD-10694,CUST-0294,2024-09-27,2024-10-01,2024-10-04,2024-10-04,Standard Class,Central,Houston,Office Supplies,Binders,199.44,5,0.3,-5.19,55.81,,,,No,,0,0
ORD-10695,CUST-0295,2023-04-06,2023-04-10,2023-04-12,2023-04-12,Same Day,South,Seattle,Furniture,Furnishings,962.1,1,0.3,307.19,12.78,,,,No,,0,0
ORD-10696,CUST-0296,2023-04-08,2023-04-09,2023-04-13,2023-04-13,Same Day,West,Seattle,Office Supplies,Paper,1113.48,6,0.3,217.6,47.64,No Longer Needed,2023-04-22,875.33,Yes,9.0,0,0
ORD-10697,CUST-0297,2024-10-08,2024-10-13,2024-10-17,2024-10-17,Standard Class,Central,Houston,Office Supplies,Binders,190.99,5,0.0,17.51,17.28,,,,No,,0,0
ORD-10698,CUST-0298,2023-10-25,2023-10-27,2023-10-30,2023-10-30,Standard Class,Central,New York,Office Supplies,Art,541.27,4,0.3,102.85,38.84,,,,No,,0,0
ORD-10699,CUST-0299,2023-10-12,2023-10-15,2023-10-18,2023-10-18,Same Day,Central,Houston,Furniture,Furnishings,1147.71,2,0.2,207.56,49.38,Not as Described,2023-10-28,1031.66,Yes,10.0,0,0
ORD-10700,CUST-0300,2023-12-26,2023-12-31,2024-01-03,2024-01-04,Same Day,South,Chicago,Furniture,Furnishings,1098.78,5,0.1,191.3,25.97,,,,No,,1,1
ORD-10701,CUST-0301,2024-02-20,2024-02-24,2024-02-26,2024-02-26,Standard Class,Central,New York,Office Supplies,Binders,792.53,4,0.1,-2.88,6.59,,,,No,,0,0
ORD-10702,CUST-0302,2024-10-28,2024-10-31,2024-11-03,2024-11-03,Same Day,West,Chicago,Office Supplies,Storage,1199.19,6,0.1,17.27,40.24,,,,No,,0,0
ORD-10703,CUST-0303,2024-06-21,2024-06-26,2024-06-30,2024-06-30,Second Class,South,Seattle,Office Supplies,Storage,934.53,1,0.3,111.17,19.96,,,,No,,0,0
ORD-10704,CUST-0304,2024-06-02,2024-06-05,2024-06-07,2024-06-07,Same Day,East,Miami,Office Supplies,Binders,791.63,2,0.3,163.93,51.95,,,,No,,0,0
ORD-10705,CUST-0305,2024-04-26,2024-04-28,2024-04-30,2024-04-30,Same Day,West,Los Angeles,Office Supplies,Storage,1094.55,1,0.0,-106.12,15.52,,,,No,,0,0
ORD-10706,CUST-0306,2023-12-25,2023-12-28,2023-12-30,2024-01-02,Second Class,Central,Los Angeles,Furniture,Chairs,1183.49,2,0.2,316.06,48.39,,,,No,,3,1
ORD-10707,CUST-0307,2023-11-24,2023-11-26,2023-11-28,2023-11-28,First Class,South,Seattle,Office Supplies,Paper,974.87,3,0.1,76.54,37.18,,,,No,,0,0
ORD-10708,CUST-0308,2023-10-20,2023-10-23,2023-10-25,2023-10-25,Second Class,South,Houston,Office Supplies,Binders,1113.74,1,0.2,60.0,39.77,,,,No,,0,0
ORD-10709,CUST-0309,2024-02-13,2024-02-15,2024-02-17,2024-02-17,Same Day,Central,Miami,Technology,Accessories,199.57,5,0.0,13.34,25.9,Wrong Size,2024-02-22,169.78,Yes,5.0,0,0
ORD-10710,CUST-0310,2024-01-27,2024-01-31,2024-02-04,2024-02-04,First Class,West,Los Angeles,Furniture,Bookcases,1137.4,2,0.2,139.84,3.99,,,,No,,0,0
ORD-10711,CUST-0311,2024-05-11,2024-05-14,2024-05-16,2024-05-18,Second Class,Central,Seattle,Technology,Machines,223.79,7,0.0,4.13,35.96,,,,No,,2,1
ORD-10712,CUST-0312,2024-02-29,2024-03-03,2024-03-06,2024-03-06,Same Day,Central,New York,Office Supplies,Storage,362.39,6,0.0,13.81,5.66,,,,No,,0,0
ORD-10713,CUST-0313,2024-10-11,2024-10-16,2024-10-19,2024-10-19,Second Class,South,Seattle,Office Supplies,Binders,1088.58,7,0.1,230.55,48.75,,,,No,,0,0
ORD-10714,CUST-0314,2024-06-03,2024-06-08,2024-06-12,2024-06-12,Second Class,South,Houston,Office Supplies,Binders,1082.29,4,0.0,207.11,42.64,,,,No,,0,0
ORD-10715,CUST-0315,2024-05-22,2024-05-25,2024-05-28,2024-05-28,Same Day,East,Seattle,Furniture,Furnishings,970.59,4,0.0,331.01,24.68,Wrong Size,2024-05-29,776.88,Yes,1.0,0,0
ORD-10716,CUST-0316,2023-07-21,2023-07-23,2023-07-26,2023-07-26,First Class,West,Houston,Furniture,Bookcases,51.47,1,0.2,11.86,29.88,,,,No,,0,0
ORD-10717,CUST-0317,2023-05-18,2023-05-20,2023-05-23,2023-05-24,Second Class,South,New York,Office Supplies,Storage,288.14,7,0.0,16.95,44.73,No Longer Needed,2023-06-04,273.14,Yes,11.0,1,1
ORD-10718,CUST-0318,2023-06-24,2023-06-27,2023-06-29,2023-06-30,Same Day,Central,Miami,Furniture,Tables,652.61,7,0.3,178.3,30.45,No Longer Needed,2023-07-03,599.3,Yes,3.0,1,1
ORD-10719,CUST-0319,2023-03-30,2023-04-06,2023-04-08,2023-04-08,Same Day,Central,Seattle,Technology,Machines,184.55,4,0.2,0.82,40.21,,,,No,,0,0
ORD-10720,CUST-0320,2023-03-23,2023-03-25,2023-03-29,2023-03-29,Second Class,East,Chicago,Technology,Phones,618.43,2,0.2,7.26,3.34,,,,No,,0,0
ORD-10721,CUST-0321,2023-11-30,2023-12-04,2023-12-07,2023-12-07,First Class,South,Los Angeles,Technology,Accessories,907.09,4,0.3,100.66,11.01,,,,No,,0,0
ORD-10722,CUST-0322,2023-01-26,2023-01-29,2023-01-31,2023-01-31,First Class,West,Miami,Office Supplies,Art,387.14,3,0.3,63.36,19.49,,,,No,,0,0
ORD-10723,CUST-0323,2023-07-31,2023-08-04,2023-08-06,2023-08-06,Same Day,Central,Seattle,Technology,Phones,421.51,4,0.1,-61.48,47.24,,,,No,,0,0
ORD-10724,CUST-0324,2024-02-13,2024-02-20,2024-02-22,2024-02-22,Second Class,West,New York,Office Supplies,Art,301.68,1,0.0,-42.38,44.48,,,,No,,0,0
ORD-10725,CUST-0325,2024-04-01,2024-04-02,2024-04-04,2024-04-04,First Class,Central,Chicago,Furniture,Chairs,1105.52,6,0.3,-130.18,35.31,,,,No,,0,0
ORD-10726,CUST-0326,2024-08-07,2024-08-11,2024-08-14,2024-08-14,First Class,West,Seattle,Technology,Copiers,685.19,5,0.3,17.21,55.19,Defective,2024-08-23,560.54,Yes,9.0,0,0
ORD-10727,CUST-0327,2024-10-03,2024-10-06,2024-10-10,2024-10-10,First Class,South,Houston,Office Supplies,Storage,215.93,6,0.0,68.37,56.42,,,,No,,0,0
ORD-10728,CUST-0328,2024-04-27,2024-05-01,2024-05-03,2024-05-03,Second Class,East,Seattle,Furniture,Furnishings,483.64,3,0.2,-70.2,10.12,,,,No,,0,0
ORD-10729,CUST-0329,2024-10-22,2024-10-24,2024-10-26,2024-10-26,Second Class,Central,Miami,Furniture,Tables,733.96,3,0.3,120.63,34.12,,,,No,,0,0
ORD-10730,CUST-0330,2024-07-17,2024-07-18,2024-07-21,2024-07-21,Standard Class,South,New York,Office Supplies,Art,730.59,5,0.1,-69.23,52.0,,,,No,,0,0
ORD-10731,CUST-0331,2023-04-21,2023-04-24,2023-04-28,2023-04-28,Same Day,West,Miami,Technology,Accessories,1176.36,4,0.3,-42.69,11.94,,,,No,,0,0
ORD-10732,CUST-0332,2024-07-11,2024-07-12,2024-07-14,2024-07-14,Same Day,West,Houston,Office Supplies,Art,150.74,6,0.3,42.5,47.33,,,,No,,0,0
ORD-10733,CUST-0333,2023-07-14,2023-07-16,2023-07-20,2023-07-20,Second Class,South,Los Angeles,Office Supplies,Binders,1052.02,2,0.0,137.8,14.43,,,,No,,0,0
ORD-10734,CUST-0334,2023-11-12,2023-11-13,2023-11-15,2023-11-16,Second Class,West,Seattle,Technology,Phones,887.49,6,0.1,110.71,41.35,,,,No,,1,1
ORD-10735,CUST-0335,2023-10-28,2023-10-31,2023-11-03,2023-11-03,Second Class,Central,Houston,Office Supplies,Binders,909.52,1,0.0,115.25,2.66,,,,No,,0,0
ORD-10736,CUST-0336,2024-04-26,2024-04-29,2024-05-03,2024-05-03,Same Day,West,Seattle,Office Supplies,Binders,677.09,4,0.2,220.65,47.86,,,,No,,0,0
ORD-10737,CUST-0337,2023-01-29,2023-01-31,2023-02-02,2023-02-02,Same Day,West,New York,Office Supplies,Binders,645.58,1,0.2,-44.67,8.86,,,,No,,0,0
ORD-10738,CUST-0338,2023-02-28,2023-03-01,2023-03-03,2023-03-03,First Class,South,Houston,Technology,Accessories,978.32,6,0.1,175.58,17.81,,,,No,,0,0
ORD-10739,CUST-0339,2023-03-12,2023-03-17,2023-03-20,2023-03-20,Standard Class,South,Chicago,Furniture,Bookcases,163.22,7,0.0,-1.51,16.17,,,,No,,0,0
ORD-10740,CUST-0340,2024-05-18,2024-05-19,2024-05-21,2024-05-21,Second Class,East,Miami,Office Supplies,Binders,187.16,5,0.0,-4.04,28.46,Not as Described,2024-05-28,178.6,Yes,7.0,0,0
ORD-10741,CUST-0341,2023-10-30,2023-11-06,2023-11-09,2023-11-09,Second Class,Central,Los Angeles,Furniture,Tables,388.28,7,0.0,11.22,56.61,,,,No,,0,0
ORD-10742,CUST-0342,2024-10-07,2024-10-12,2024-10-16,2024-10-16,Standard Class,Central,Seattle,Office Supplies,Storage,992.25,6,0.3,312.74,23.15,,,,No,,0,0
ORD-10743,CUST-0343,2023-10-24,2023-10-27,2023-10-31,2023-10-31,Standard Class,Central,Chicago,Office Supplies,Storage,871.29,1,0.3,16.54,29.25,,,,No,,0,0
ORD-10744,CUST-0344,2024-05-28,2024-05-31,2024-06-03,2024-06-06,Standard Class,East,Houston,Office Supplies,Binders,463.98,4,0.0,-45.92,36.88,,,,No,,3,1
ORD-10745,CUST-0345,2023-07-22,2023-07-23,2023-07-27,2023-07-27,Standard Class,East,Miami,Technology,Accessories,953.52,3,0.0,-53.22,22.35,,,,No,,0,0
ORD-10746,CUST-0346,2023-06-05,2023-06-09,2023-06-13,2023-06-13,Same Day,Central,Houston,Technology,Machines,561.32,1,0.1,49.3,36.96,,,,No,,0,0
ORD-10747,CUST-0347,2023-06-25,2023-06-27,2023-06-30,2023-06-30,Standard Class,East,Houston,Technology,Phones,1073.21,3,0.0,152.93,41.98,,,,No,,0,0
ORD-10748,CUST-0348,2024-06-06,2024-06-09,2024-06-12,2024-06-13,Standard Class,West,Chicago,Office Supplies,Paper,577.97,5,0.1,91.71,25.48,,,,No,,1,1
ORD-10749,CUST-0349,2023-04-30,2023-05-03,2023-05-07,2023-05-07,Standard Class,South,Los Angeles,Furniture,Tables,659.85,1,0.0,65.05,9.82,,,,No,,0,0
ORD-10750,CUST-0350,2024-04-04,2024-04-06,2024-04-08,2024-04-08,Second Class,East,Los Angeles,Office Supplies,Binders,143.25,6,0.1,2.4,14.7,,,,No,,0,0
ORD-10751,CUST-0351,2023-05-01,2023-05-03,2023-05-05,2023-05-05,First Class,South,Seattle,Office Supplies,Art,52.78,3,0.0,-0.69,13.59,,,,No,,0,0
ORD-10752,CUST-0352,2023-01-05,2023-01-08,2023-01-12,2023-01-12,Same Day,Central,Houston,Furniture,Furnishings,846.99,6,0.1,-30.96,20.03,,,,No,,0,0
ORD-10753,CUST-0353,2023-01-11,2023-01-18,2023-01-20,2023-01-21,Same Day,South,Miami,Furniture,Furnishings,652.26,3,0.0,36.92,52.86,Wrong Size,2023-01-24,636.66,Yes,3.0,1,1
ORD-10754,CUST-0354,2024-10-14,2024-10-15,2024-10-18,2024-10-18,Same Day,Central,Miami,Technology,Machines,705.88,5,0.0,226.58,5.73,,,,No,,0,0
ORD-10755,CUST-0355,2024-01-11,2024-01-18,2024-01-21,2024-01-21,Second Class,South,Houston,Furniture,Bookcases,480.14,5,0.2,143.91,55.79,,,,No,,0,0
ORD-10756,CUST-0356,2023-06-29,2023-06-30,2023-07-04,2023-07-04,Same Day,West,Seattle,Technology,Copiers,80.97,3,0.2,-8.08,30.78,,,,No,,0,0
ORD-10757,CUST-0357,2024-08-11,2024-08-14,2024-08-16,2024-08-16,First Class,South,Seattle,Office Supplies,Binders,548.56,5,0.0,146.08,25.31,,,,No,,0,0
ORD-10758,CUST-0358,2024-06-23,2024-06-25,2024-06-28,2024-06-28,Same Day,Central,Los Angeles,Technology,Accessories,316.94,5,0.1,61.39,38.73,,,,No,,0,0
ORD-10759,CUST-0359,2024-02-01,2024-02-08,2024-02-11,2024-02-11,Standard Class,Central,Houston,Office Supplies,Binders,913.71,7,0.3,233.23,58.64,,,,No,,0,0
ORD-10760,CUST-0360,2023-02-25,2023-02-28,2023-03-03,2023-03-04,Same Day,West,Seattle,Technology,Copiers,1017.89,4,0.3,158.25,49.58,,,,No,,1,1
ORD-10761,CUST-0361,2024-11-09,2024-11-12,2024-11-14,2024-11-14,First Class,East,Los Angeles,Technology,Phones,761.46,6,0.1,244.97,7.71,,,,No,,0,0
ORD-10762,CUST-0362,2023-08-27,2023-08-28,2023-08-31,2023-08-31,Standard Class,East,Chicago,Office Supplies,Art,1058.59,7,0.1,-16.57,22.16,,,,No,,0,0
ORD-10763,CUST-0363,2024-01-24,2024-01-25,2024-01-29,2024-01-29,Same Day,West,Los Angeles,Office Supplies,Storage,311.1,3,0.0,107.2,28.82,Defective,2024-01-30,267.88,Yes,1.0,0,0
ORD-10764,CUST-0364,2023-05-26,2023-05-28,2023-06-01,2023-06-01,Second Class,West,Miami,Technology,Machines,643.19,1,0.3,-28.54,38.7,,,,No,,0,0
ORD-10765,CUST-0365,2023-08-29,2023-09-02,2023-09-06,2023-09-07,First Class,South,Los Angeles,Technology,Accessories,312.62,3,0.2,90.64,20.83,,,,No,,1,1
ORD-10766,CUST-0366,2023-09-01,2023-09-06,2023-09-08,2023-09-08,Second Class,East,Houston,Technology,Phones,1005.05,4,0.0,194.36,32.16,,,,No,,0,0
ORD-10767,CUST-0367,2023-02-18,2023-02-23,2023-02-26,2023-02-27,Second Class,South,Los Angeles,Technology,Copiers,540.17,7,0.0,-67.5,52.67,Damaged in Transit,2023-03-03,412.95,Yes,4.0,1,1
ORD-10768,CUST-0368,2024-04-02,2024-04-09,2024-04-11,2024-04-11,Same Day,Central,Seattle,Furniture,Bookcases,1183.94,7,0.0,186.26,4.73,,,,No,,0,0
ORD-10769,CUST-0369,2023-11-20,2023-11-23,2023-11-25,2023-11-25,First Class,South,Los Angeles,Technology,Phones,876.47,6,0.0,203.45,33.3,,,,No,,0,0
ORD-10770,CUST-0370,2024-04-25,2024-04-27,2024-05-01,2024-05-01,Second Class,East,Houston,Furniture,Tables,128.77,1,0.3,-15.82,36.6,Defective,2024-05-10,125.52,Yes,9.0,0,0
ORD-10771,CUST-0371,2024-06-11,2024-06-12,2024-06-14,2024-06-16,Same Day,East,Seattle,Office Supplies,Paper,328.32,6,0.3,-47.91,14.36,,,,No,,2,1
ORD-10772,CUST-0372,2024-10-26,2024-10-30,2024-11-03,2024-11-03,Standard Class,South,Seattle,Office Supplies,Art,996.97,2,0.2,-55.4,42.67,,,,No,,0,0
ORD-10773,CUST-0373,2024-02-08,2024-02-12,2024-02-15,2024-02-15,Second Class,East,Miami,Office Supplies,Paper,138.81,6,0.2,-19.83,36.88,,,,No,,0,0
ORD-10774,CUST-0374,2023-08-12,2023-08-15,2023-08-18,2023-08-18,Second Class,West,Chicago,Furniture,Furnishings,100.97,2,0.0,26.51,19.68,,,,No,,0,0
ORD-10775,CUST-0375,2023-01-14,2023-01-18,2023-01-21,2023-01-22,Same Day,West,New York,Technology,Machines,870.07,5,0.3,232.88,20.38,,,,No,,1,1
ORD-10776,CUST-0376,2023-05-25,2023-06-01,2023-06-03,2023-06-06,First Class,West,New York,Technology,Phones,457.76,2,0.1,-2.01,37.62,,,,No,,3,1
ORD-10777,CUST-0377,2023-01-02,2023-01-05,2023-01-07,2023-01-07,Second Class,Central,Miami,Office Supplies,Art,856.85,5,0.2,148.69,28.93,,,,No,,0,0
ORD-10778,CUST-0378,2023-05-31,2023-06-03,2023-06-06,2023-06-09,First Class,East,Chicago,Technology,Phones,462.89,6,0.0,-60.31,36.08,No Longer Needed,2023-06-21,350.34,Yes,12.0,3,1
ORD-10779,CUST-0379,2024-05-03,2024-05-06,2024-05-10,2024-05-10,First Class,West,Seattle,Office Supplies,Paper,642.38,6,0.2,7.17,37.4,,,,No,,0,0
ORD-10780,CUST-0380,2023-09-12,2023-09-15,2023-09-18,2023-09-21,First Class,East,Miami,Technology,Machines,1157.27,4,0.3,-42.02,15.09,Damaged in Transit,2023-09-28,826.9,Yes,7.0,3,1
ORD-10781,CUST-0381,2024-06-26,2024-06-27,2024-07-01,2024-07-01,Second Class,West,Houston,Office Supplies,Storage,427.34,4,0.0,-54.68,24.85,,,,No,,0,0
ORD-10782,CUST-0382,2024-10-30,2024-10-31,2024-11-04,2024-11-04,Standard Class,West,Houston,Office Supplies,Paper,779.65,5,0.0,-75.27,31.28,,,,No,,0,0
ORD-10783,CUST-0383,2023-02-20,2023-02-24,2023-02-26,2023-02-26,First Class,Central,Chicago,Technology,Accessories,750.69,2,0.2,73.63,49.83,,,,No,,0,0
ORD-10784,CUST-0384,2023-05-25,2023-05-29,2023-06-01,2023-06-01,First Class,East,Seattle,Technology,Phones,313.94,3,0.0,102.49,25.51,,,,No,,0,0
ORD-10785,CUST-0385,2024-10-22,2024-10-27,2024-10-31,2024-10-31,Second Class,East,Miami,Office Supplies,Art,796.87,2,0.0,38.6,17.25,,,,No,,0,0
ORD-10786,CUST-0386,2023-02-08,2023-02-10,2023-02-12,2023-02-12,Second Class,Central,Chicago,Technology,Accessories,67.03,5,0.0,15.88,49.2,,,,No,,0,0
ORD-10787,CUST-0387,2024-08-24,2024-08-27,2024-08-29,2024-08-31,First Class,Central,New York,Furniture,Chairs,1022.57,5,0.0,215.92,13.05,,,,No,,2,1
ORD-10788,CUST-0388,2024-06-03,2024-06-05,2024-06-09,2024-06-10,Standard Class,Central,Chicago,Office Supplies,Binders,71.39,5,0.1,19.4,41.93,,,,No,,1,1
ORD-10789,CUST-0389,2023-05-20,2023-05-27,2023-05-29,2023-05-29,First Class,South,Los Angeles,Technology,Machines,588.06,1,0.0,-60.73,31.46,,,,No,,0,0
ORD-10790,CUST-0390,2024-01-07,2024-01-10,2024-01-12,2024-01-12,First Class,West,Los Angeles,Office Supplies,Art,310.41,2,0.3,96.5,23.66,,,,No,,0,0
ORD-10791,CUST-0391,2024-07-26,2024-07-29,2024-08-01,2024-08-03,Standard Class,Central,Los Angeles,Office Supplies,Art,376.95,6,0.0,-47.59,14.72,,,,No,,2,1
ORD-10792,CUST-0392,2023-12-27,2023-12-31,2024-01-04,2024-01-04,Standard Class,South,New York,Office Supplies,Art,181.82,4,0.1,18.85,21.08,,,,No,,0,0
ORD-10793,CUST-0393,2024-10-02,2024-10-03,2024-10-07,2024-10-07,First Class,West,Miami,Office Supplies,Paper,318.89,1,0.0,-4.02,8.35,,,,No,,0,0
ORD-10794,CUST-0394,2023-10-26,2023-10-29,2023-11-02,2023-11-02,Same Day,West,Houston,Technology,Phones,251.63,4,0.2,46.79,54.87,,,,No,,0,0
ORD-10795,CUST-0395,2023-11-12,2023-11-14,2023-11-16,2023-11-16,First Class,South,New York,Office Supplies,Binders,320.44,2,0.3,28.68,3.01,,,,No,,0,0
ORD-10796,CUST-0396,2024-05-17,2024-05-21,2024-05-23,2024-05-23,Same Day,South,Houston,Technology,Copiers,178.86,2,0.2,46.6,13.86,,,,No,,0,0
ORD-10797,CUST-0397,2023-07-07,2023-07-12,2023-07-15,2023-07-16,Same Day,South,Houston,Office Supplies,Art,828.34,5,0.0,4.88,38.99,Defective,2023-07-21,661.22,Yes,5.0,1,1
ORD-10798,CUST-0398,2023-12-29,2024-01-03,2024-01-07,2024-01-07,Same Day,Central,Houston,Technology,Machines,776.28,1,0.2,17.54,8.18,,,,No,,0,0
ORD-10799,CUST-0399,2024-11-20,2024-11-22,2024-11-25,2024-11-28,First Class,South,Miami,Furniture,Chairs,1128.02,3,0.0,378.37,56.95,,,,No,,3,1
ORD-10800,CUST-0000,2024-06-12,2024-06-14,2024-06-17,2024-06-18,First Class,South,New York,Office Supplies,Binders,514.33,3,0.0,61.08,59.72,,,,No,,1,1
ORD-10801,CUST-0001,2024-09-26,2024-09-27,2024-09-29,2024-09-29,Second Class,South,Seattle,Furniture,Chairs,120.71,3,0.0,-16.9,16.67,,,,No,,0,0
ORD-10802,CUST-0002,2023-12-08,2023-12-12,2023-12-14,2023-12-16,Same Day,East,Chicago,Office Supplies,Storage,1117.47,6,0.0,-55.87,9.59,,,,No,,2,1
ORD-10803,CUST-0003,2023-08-02,2023-08-04,2023-08-06,2023-08-09,Standard Class,Central,Chicago,Office Supplies,Art,798.74,2,0.1,-2.64,52.91,,,,No,,3,1
ORD-10804,CUST-0004,2023-09-13,2023-09-15,2023-09-17,2023-09-18,Standard Class,South,Chicago,Office Supplies,Art,1193.42,5,0.2,347.38,35.34,,,,No,,1,1
ORD-10805,CUST-0005,2023-10-14,2023-10-19,2023-10-21,2023-10-21,Second Class,West,Houston,Technology,Copiers,32.72,1,0.0,7.03,49.04,,,,No,,0,0
ORD-10806,CUST-0006,2024-07-30,2024-08-03,2024-08-05,2024-08-06,First Class,West,Miami,Furniture,Bookcases,715.45,2,0.2,123.76,58.43,Not as Described,2024-08-19,656.85,Yes,13.0,1,1
ORD-10807,CUST-0007,2024-08-31,2024-09-03,2024-09-07,2024-09-07,Standard Class,South,Seattle,Furniture,Chairs,449.29,1,0.2,152.38,44.25,,,,No,,0,0
ORD-10808,CUST-0008,2023-07-21,2023-07-25,2023-07-28,2023-07-28,Same Day,West,Miami,Office Supplies,Art,218.65,4,0.3,21.46,26.27,,,,No,,0,0
ORD-10809,CUST-0009,2023-10-24,2023-10-27,2023-10-31,2023-11-03,Same Day,West,Chicago,Office Supplies,Storage,812.97,2,0.2,-48.62,34.05,Wrong Size,2023-11-14,794.26,Yes,11.0,3,1
ORD-10810,CUST-0010,2024-07-15,2024-07-19,2024-07-21,2024-07-21,Second Class,East,Miami,Office Supplies,Art,1036.72,5,0.2,59.25,29.47,,,,No,,0,0
ORD-10811,CUST-0011,2024-11-05,2024-11-12,2024-11-15,2024-11-15,Same Day,Central,Chicago,Office Supplies,Binders,166.23,3,0.0,-12.48,17.31,,,,No,,0,0
ORD-10812,CUST-0012,2023-08-02,2023-08-05,2023-08-07,2023-08-07,Same Day,East,New York,Office Supplies,Paper,292.65,4,0.0,102.36,50.44,,,,No,,0,0
ORD-10813,CUST-0013,2024-11-18,2024-11-23,2024-11-27,2024-11-27,Same Day,South,Seattle,Technology,Phones,817.4,7,0.3,154.12,13.54,Damaged in Transit,2024-12-03,728.46,Yes,6.0,0,0
ORD-10814,CUST-0014,2023-07-22,2023-07-24,2023-07-26,2023-07-26,Same Day,South,Los Angeles,Technology,Accessories,536.58,7,0.0,61.78,22.51,,,,No,,0,0
ORD-10815,CUST-0015,2024-06-03,2024-06-07,2024-06-09,2024-06-10,Standard Class,West,Chicago,Technology,Accessories,691.27,6,0.0,86.4,30.52,,,,No,,1,1
ORD-10816,CUST-0016,2024-06-08,2024-06-09,2024-06-13,2024-06-13,First Class,Central,Los Angeles,Technology,Machines,86.62,5,0.2,7.37,24.61,,,,No,,0,0
ORD-10817,CUST-0017,2023-09-05,2023-09-08,2023-09-11,2023-09-13,Second Class,South,New York,Technology,Copiers,275.7,7,0.0,39.07,56.98,,,,No,,2,1
ORD-10818,CUST-0018,2024-08-23,2024-08-28,2024-08-31,2024-08-31,First Class,West,New York,Office Supplies,Storage,457.76,4,0.0,-28.35,37.22,,,,No,,0,0
ORD-10819,CUST-0019,2024-10-19,2024-10-21,2024-10-23,2024-10-25,Standard Class,East,Miami,Technology,Copiers,595.52,2,0.1,96.65,26.18,,,,No,,2,1
ORD-10820,CUST-0020,2023-07-02,2023-07-04,2023-07-08,2023-07-10,Standard Class,East,New York,Furniture,Tables,55.64,1,0.3,16.49,39.93,,,,No,,2,1
ORD-10821,CUST-0021,2024-11-13,2024-11-16,2024-11-18,2024-11-21,First Class,West,Chicago,Office Supplies,Binders,360.45,6,0.3,-36.09,55.47,Not as Described,2024-11-22,355.24,Yes,1.0,3,1
ORD-10822,CUST-0022,2024-03-12,2024-03-15,2024-03-18,2024-03-18,Same Day,South,Chicago,Furniture,Furnishings,776.65,1,0.3,62.21,54.42,,,,No,,0,0
ORD-10823,CUST-0023,2023-08-27,2023-08-29,2023-09-01,2023-09-01,Same Day,West,Houston,Office Supplies,Binders,877.4,7,0.3,135.35,42.76,,,,No,,0,0
ORD-10824,CUST-0024,2024-06-10,2024-06-13,2024-06-17,2024-06-18,First Class,Central,Los Angeles,Technology,Accessories,768.18,6,0.2,262.31,17.9,Defective,2024-06-25,559.01,Yes,7.0,1,1
ORD-10825,CUST-0025,2023-07-01,2023-07-08,2023-07-10,2023-07-10,Same Day,Central,Houston,Technology,Machines,53.0,6,0.0,3.09,45.92,,,,No,,0,0
ORD-10826,CUST-0026,2023-09-01,2023-09-04,2023-09-08,2023-09-09,Same Day,East,New York,Office Supplies,Paper,329.62,1,0.0,-5.15,32.87,,,,No,,1,1
ORD-10827,CUST-0027,2023-05-28,2023-05-31,2023-06-04,2023-06-04,Standard Class,West,Chicago,Office Supplies,Storage,765.47,6,0.0,98.0,18.52,No Longer Needed,2023-06-16,549.78,Yes,12.0,0,0
ORD-10828,CUST-0028,2023-05-01,2023-05-02,2023-05-05,2023-05-07,Second Class,South,Miami,Technology,Copiers,39.31,1,0.1,-4.46,49.63,,,,No,,2,1
ORD-10829,CUST-0029,2024-03-28,2024-03-31,2024-04-03,2024-04-03,First Class,South,Chicago,Office Supplies,Art,161.12,4,0.2,26.2,49.99,,,,No,,0,0
ORD-10830,CUST-0030,2023-07-21,2023-07-28,2023-07-30,2023-07-30,First Class,Central,Seattle,Office Supplies,Paper,1074.52,2,0.1,298.04,51.01,,,,No,,0,0
ORD-10831,CUST-0031,2023-07-16,2023-07-17,2023-07-19,2023-07-19,Same Day,West,Los Angeles,Office Supplies,Storage,1083.16,1,0.1,137.31,37.73,,,,No,,0,0
ORD-10832,CUST-0032,2023-01-24,2023-01-28,2023-02-01,2023-02-01,Standard Class,Central,Chicago,Office Supplies,Paper,562.27,3,0.0,59.92,16.06,,,,No,,0,0
ORD-10833,CUST-0033,2024-04-27,2024-04-30,2024-05-03,2024-05-03,Standard Class,East,Seattle,Office Supplies,Storage,653.22,1,0.2,-49.8,7.6,No Longer Needed,2024-05-08,575.66,Yes,5.0,0,0
ORD-10834,CUST-0034,2024-03-17,2024-03-19,2024-03-22,2024-03-24,First Class,Central,Houston,Office Supplies,Storage,896.2,5,0.3,164.54,16.2,,,,No,,2,1
ORD-10835,CUST-0035,2024-08-18,2024-08-21,2024-08-23,2024-08-23,Second Class,West,Seattle,Office Supplies,Storage,48.72,5,0.2,16.47,21.21,Not as Described,2024-08-30,48.22,Yes,7.0,0,0
ORD-10836,CUST-0036,2024-11-14,2024-11-18,2024-11-20,2024-11-20,Standard Class,East,Chicago,Office Supplies,Paper,360.52,2,0.1,-11.12,52.76,,,,No,,0,0
ORD-10837,CUST-0037,2024-05-09,2024-05-13,2024-05-15,2024-05-15,Standard Class,West,New York,Office Supplies,Binders,406.76,3,0.1,30.86,58.18,,,,No,,0,0
ORD-10838,CUST-0038,2023-01-12,2023-01-14,2023-01-17,2023-01-17,Same Day,West,Chicago,Office Supplies,Art,875.53,1,0.0,-61.25,47.66,,,,No,,0,0
ORD-10839,CUST-0039,2023-08-14,2023-08-21,2023-08-24,2023-08-26,Same Day,East,Seattle,Office Supplies,Storage,711.64,6,0.1,-30.93,17.72,,,,No,,2,1
ORD-10840,CUST-0040,2024-10-21,2024-10-26,2024-10-30,2024-11-02,Standard Class,Central,Houston,Technology,Accessories,382.52,6,0.2,59.59,47.19,,,,No,,3,1
ORD-10841,CUST-0041,2023-12-03,2023-12-06,2023-12-09,2023-12-09,Same Day,East,Miami,Technology,Copiers,500.28,7,0.0,112.27,40.7,,,,No,,0,0
ORD-10842,CUST-0042,2023-03-11,2023-03-14,2023-03-17,2023-03-17,Same Day,West,Miami,Office Supplies,Storage,390.17,4,0.0,101.62,47.39,,,,No,,0,0
ORD-10843,CUST-0043,2024-08-14,2024-08-21,2024-08-25,2024-08-25,Same Day,South,Chicago,Technology,Accessories,860.45,1,0.0,-109.04,2.25,,,,No,,0,0
ORD-10844,CUST-0044,2023-07-16,2023-07-23,2023-07-25,2023-07-25,Standard Class,West,Miami,Technology,Copiers,581.28,4,0.3,117.88,13.07,,,,No,,0,0
ORD-10845,CUST-0045,2023-10-23,2023-10-27,2023-10-31,2023-10-31,Second Class,Central,Houston,Technology,Phones,597.25,5,0.0,123.05,35.64,No Longer Needed,2023-11-05,508.15,Yes,5.0,0,0
ORD-10846,CUST-0046,2024-07-04,2024-07-06,2024-07-09,2024-07-10,Second Class,South,Miami,Office Supplies,Paper,164.96,6,0.0,-13.03,42.88,,,,No,,1,1
ORD-10847,CUST-0047,2024-10-11,2024-10-14,2024-10-17,2024-10-17,Same Day,West,Miami,Office Supplies,Art,141.66,1,0.2,1.23,38.11,,,,No,,0,0
ORD-10848,CUST-0048,2024-03-19,2024-03-24,2024-03-28,2024-03-31,Standard Class,South,New York,Technology,Phones,406.5,2,0.0,9.39,21.62,,,,No,,3,1
ORD-10849,CUST-0049,2024-01-24,2024-01-26,2024-01-30,2024-01-30,Same Day,West,New York,Office Supplies,Paper,622.99,2,0.1,148.54,47.74,,,,No,,0,0
ORD-10850,CUST-0050,2023-08-31,2023-09-01,2023-09-04,2023-09-04,Second Class,West,Los Angeles,Office Supplies,Art,1073.48,5,0.0,273.38,29.29,,,,No,,0,0
ORD-10851,CUST-0051,2023-12-20,2023-12-23,2023-12-25,2023-12-28,Second Class,South,New York,Office Supplies,Storage,246.86,2,0.1,-18.13,17.62,,,,No,,3,1
ORD-10852,CUST-0052,2024-07-09,2024-07-13,2024-07-15,2024-07-15,First Class,Central,Miami,Office Supplies,Art,993.42,2,0.2,-108.17,26.26,,,,No,,0,0
ORD-10853,CUST-0053,2023-12-02,2023-12-06,2023-12-08,2023-12-09,Same Day,East,Miami,Technology,Copiers,899.87,7,0.0,34.37,19.2,,,,No,,1,1
ORD-10854,CUST-0054,2023-11-27,2023-12-04,2023-12-07,2023-12-07,Second Class,South,Miami,Office Supplies,Paper,555.3,7,0.3,109.32,46.05,,,,No,,0,0
ORD-10855,CUST-0055,2024-05-16,2024-05-18,2024-05-21,2024-05-21,Second Class,East,Miami,Technology,Accessories,726.22,3,0.3,210.8,20.98,,,,No,,0,0
ORD-10856,CUST-0056,2023-09-17,2023-09-18,2023-09-20,2023-09-20,First Class,Central,Chicago,Office Supplies,Binders,1169.23,7,0.1,40.27,26.59,,,,No,,0,0
ORD-10857,CUST-0057,2023-11-02,2023-11-05,2023-11-08,2023-11-09,Standard Class,Central,New York,Furniture,Bookcases,562.2,2,0.0,7.52,30.93,,,,No,,1,1
ORD-10858,CUST-0058,2024-05-01,2024-05-05,2024-05-09,2024-05-09,Same Day,East,Houston,Office Supplies,Art,26.8,2,0.2,4.39,20.67,,,,No,,0,0
ORD-10859,CUST-0059,2024-02-25,2024-02-29,2024-03-04,2024-03-04,Standard Class,Central,Houston,Office Supplies,Binders,563.14,7,0.1,137.89,14.48,Wrong Size,2024-03-09,402.9,Yes,5.0,0,0
ORD-10860,CUST-0060,2024-06-20,2024-06-24,2024-06-27,2024-06-27,Standard Class,East,Seattle,Technology,Copiers,314.99,1,0.0,-20.93,42.51,,,,No,,0,0
ORD-10861,CUST-0061,2024-03-10,2024-03-13,2024-03-15,2024-03-15,Second Class,South,Los Angeles,Office Supplies,Paper,1190.67,4,0.1,-103.25,49.95,,,,No,,0,0
ORD-10862,CUST-0062,2024-09-16,2024-09-17,2024-09-19,2024-09-19,First Class,East,Houston,Technology,Accessories,79.15,6,0.2,1.42,2.18,,,,No,,0,0
ORD-10863,CUST-0063,2023-03-15,2023-03-18,2023-03-20,2023-03-21,Same Day,Central,Miami,Technology,Machines,795.66,5,0.0,-1.39,11.24,,,,No,,1,1
ORD-10864,CUST-0064,2023-03-31,2023-04-03,2023-04-07,2023-04-07,Second Class,East,New York,Technology,Copiers,690.43,2,0.2,-100.52,13.04,,,,No,,0,0
ORD-10865,CUST-0065,2024-05-08,2024-05-13,2024-05-17,2024-05-17,Second Class,Central,Houston,Office Supplies,Art,761.56,6,0.1,-1.22,22.55,,,,No,,0,0
ORD-10866,CUST-0066,2024-09-23,2024-09-24,2024-09-28,2024-09-28,First Class,South,Miami,Technology,Phones,26.68,4,0.3,2.36,11.34,,,,No,,0,0
ORD-10867,CUST-0067,2024-06-27,2024-06-30,2024-07-04,2024-07-04,Second Class,West,New York,Office Supplies,Binders,844.72,4,0.2,160.56,5.29,,,,No,,0,0
ORD-10868,CUST-0068,2024-04-07,2024-04-14,2024-04-18,2024-04-20,Standard Class,Central,Houston,Office Supplies,Storage,1047.36,7,0.3,309.42,16.87,,,,No,,2,1
ORD-10869,CUST-0069,2023-12-24,2023-12-31,2024-01-03,2024-01-03,Same Day,West,Miami,Office Supplies,Storage,145.09,4,0.0,0.24,43.43,Not as Described,2024-01-06,111.19,Yes,3.0,0,0
ORD-10870,CUST-0070,2024-03-08,2024-03-11,2024-03-13,2024-03-13,Standard Class,South,New York,Technology,Phones,541.07,3,0.0,125.7,11.74,,,,No,,0,0
ORD-10871,CUST-0071,2024-10-23,2024-10-25,2024-10-28,2024-10-28,First Class,South,Seattle,Office Supplies,Binders,1191.22,5,0.1,379.22,49.96,,,,No,,0,0
ORD-10872,CUST-0072,2024-02-25,2024-02-27,2024-03-02,2024-03-02,First Class,East,Chicago,Office Supplies,Paper,1001.55,2,0.0,215.46,31.72,,,,No,,0,0
ORD-10873,CUST-0073,2023-06-21,2023-06-25,2023-06-29,2023-06-29,Same Day,Central,Miami,Office Supplies,Art,257.44,4,0.1,57.74,27.35,,,,No,,0,0
ORD-10874,CUST-0074,2023-11-30,2023-12-07,2023-12-11,2023-12-11,Same Day,West,Chicago,Technology,Copiers,367.95,6,0.0,100.58,19.9,,,,No,,0,0
ORD-10875,CUST-0075,2024-10-30,2024-11-01,2024-11-05,2024-11-07,Standard Class,Central,Miami,Furniture,Furnishings,581.3,4,0.0,-48.54,3.3,Not as Described,2024-11-12,449.6,Yes,5.0,2,1
ORD-10876,CUST-0076,2023-03-09,2023-03-12,2023-03-16,2023-03-16,Same Day,West,Miami,Technology,Copiers,152.67,7,0.1,34.33,9.9,,,,No,,0,0
ORD-10877,CUST-0077,2023-07-19,2023-07-21,2023-07-25,2023-07-25,Same Day,Central,New York,Technology,Accessories,288.84,5,0.2,84.89,42.24,,,,No,,0,0
ORD-10878,CUST-0078,2023-05-04,2023-05-07,2023-05-09,2023-05-09,First Class,East,Seattle,Office Supplies,Storage,738.46,1,0.0,-33.26,47.02,,,,No,,0,0
ORD-10879,CUST-0079,2023-10-03,2023-10-06,2023-10-08,2023-10-08,Same Day,West,Chicago,Office Supplies,Binders,792.92,6,0.2,210.87,12.13,,,,No,,0,0
ORD-10880,CUST-0080,2024-02-29,2024-03-03,2024-03-05,2024-03-05,Standard Class,East,Seattle,Technology,Accessories,231.44,6,0.1,4.52,43.17,No Longer Needed,2024-03-13,185.47,Yes,8.0,0,0
ORD-10881,CUST-0081,2023-06-26,2023-06-28,2023-06-30,2023-06-30,Second Class,Central,Seattle,Office Supplies,Paper,281.4,1,0.3,18.81,13.73,,,,No,,0,0
ORD-10882,CUST-0082,2024-06-08,2024-06-12,2024-06-15,2024-06-15,Same Day,Central,Seattle,Office Supplies,Binders,1101.62,3,0.1,232.68,6.93,,,,No,,0,0
ORD-10883,CUST-0083,2024-08-26,2024-08-29,2024-08-31,2024-08-31,Standard Class,East,Miami,Technology,Machines,810.92,2,0.0,150.61,16.64,Not as Described,2024-09-08,578.25,Yes,8.0,0,0
ORD-10884,CUST-0084,2023-09-03,2023-09-08,2023-09-12,2023-09-14,First Class,West,New York,Technology,Accessories,90.73,3,0.2,0.04,33.28,,,,No,,2,1
ORD-10885,CUST-0085,2023-03-24,2023-03-29,2023-04-01,2023-04-03,Second Class,East,Chicago,Office Supplies,Storage,844.86,4,0.0,81.97,5.2,,,,No,,2,1
ORD-10886,CUST-0086,2023-12-21,2023-12-22,2023-12-26,2023-12-26,Standard Class,Central,Miami,Furniture,Bookcases,286.3,5,0.1,94.72,33.84,,,,No,,0,0
ORD-10887,CUST-0087,2023-10-06,2023-10-10,2023-10-13,2023-10-13,First Class,West,Chicago,Technology,Phones,360.52,6,0.2,-30.22,41.27,,,,No,,0,0
ORD-10888,CUST-0088,2023-12-12,2023-12-17,2023-12-21,2023-12-22,Standard Class,South,New York,Office Supplies,Storage,139.0,6,0.2,35.73,37.15,,,,No,,1,1
ORD-10889,CUST-0089,2024-04-16,2024-04-19,2024-04-23,2024-04-26,Second Class,West,Seattle,Furniture,Chairs,780.23,2,0.0,166.56,59.96,,,,No,,3,1
ORD-10890,CUST-0090,2023-08-01,2023-08-04,2023-08-08,2023-08-08,First Class,Central,Houston,Technology,Machines,531.47,3,0.2,27.94,14.21,,,,No,,0,0
ORD-10891,CUST-0091,2023-06-14,2023-06-18,2023-06-21,2023-06-23,First Class,East,Los Angeles,Furniture,Tables,1013.7,4,0.0,1.39,30.69,Defective,2023-06-25,984.78,Yes,2.0,2,1
ORD-10892,CUST-0092,2023-12-27,2023-12-30,2024-01-03,2024-01-04,Second Class,South,New York,Office Supplies,Art,502.96,4,0.3,136.34,15.34,Damaged in Transit,2024-01-15,429.86,Yes,11.0,1,1
ORD-10893,CUST-0093,2024-09-15,2024-09-20,2024-09-23,2024-09-23,Second Class,Central,Chicago,Furniture,Furnishings,340.77,2,0.0,-49.4,29.9,,,,No,,0,0
ORD-10894,CUST-0094,2024-07-17,2024-07-19,2024-07-21,2024-07-21,Same Day,East,Chicago,Office Supplies,Art,933.55,5,0.0,282.13,13.49,Damaged in Transit,2024-07-22,841.39,Yes,1.0,0,0
ORD-10895,CUST-0095,2023-06-19,2023-06-21,2023-06-25,2023-06-25,Second Class,South,New York,Office Supplies,Storage,993.52,3,0.1,300.98,58.94,,,,No,,0,0
ORD-10896,CUST-0096,2023-05-12,2023-05-13,2023-05-17,2023-05-19,Second Class,Central,Los Angeles,Office Supplies,Paper,498.17,2,0.2,89.92,24.9,,,,No,,2,1
ORD-10897,CUST-0097,2024-09-16,2024-09-18,2024-09-21,2024-09-23,Same Day,West,Chicago,Furniture,Furnishings,245.62,7,0.0,79.4,16.3,,,,No,,2,1
ORD-10898,CUST-0098,2024-10-18,2024-10-22,2024-10-25,2024-10-25,First Class,Central,Chicago,Office Supplies,Binders,679.93,4,0.3,34.08,42.01,,,,No,,0,0
ORD-10899,CUST-0099,2024-09-01,2024-09-05,2024-09-07,2024-09-07,First Class,East,Houston,Office Supplies,Storage,584.12,1,0.1,116.43,16.92,,,,No,,0,0
ORD-10900,CUST-0100,2024-01-18,2024-01-21,2024-01-25,2024-01-25,Second Class,West,New York,Technology,Machines,1045.58,6,0.1,362.63,7.34,,,,No,,0,0
ORD-10901,CUST-0101,2023-06-27,2023-07-02,2023-07-06,2023-07-06,First Class,East,Seattle,Furniture,Furnishings,486.49,7,0.0,-60.68,40.62,No Longer Needed,2023-07-08,350.35,Yes,2.0,0,0
ORD-10902,CUST-0102,2024-02-01,2024-02-02,2024-02-04,2024-02-04,Same Day,West,Miami,Technology,Copiers,338.41,7,0.1,19.58,44.24,,,,No,,0,0
ORD-10903,CUST-0103,2024-03-17,2024-03-20,2024-03-24,2024-03-27,Second Class,Central,New York,Technology,Copiers,1110.31,1,0.0,89.46,20.05,,,,No,,3,1
ORD-10904,CUST-0104,2023-01-17,2023-01-18,2023-01-20,2023-01-22,First Class,Central,New York,Furniture,Tables,425.44,4,0.0,135.53,11.69,,,,No,,2,1
ORD-10905,CUST-0105,2023-07-10,2023-07-14,2023-07-18,2023-07-18,First Class,West,Chicago,Furniture,Chairs,112.01,7,0.0,13.01,17.52,,,,No,,0,0
ORD-10906,CUST-0106,2023-11-07,2023-11-11,2023-11-14,2023-11-14,Standard Class,Central,Miami,Office Supplies,Paper,272.08,7,0.2,-19.6,27.63,,,,No,,0,0
ORD-10907,CUST-0107,2023-10-02,2023-10-09,2023-10-12,2023-10-12,First Class,South,Houston,Technology,Phones,1144.07,1,0.2,-148.72,21.27,,,,No,,0,0
ORD-10908,CUST-0108,2024-02-16,2024-02-17,2024-02-21,2024-02-24,First Class,Central,Houston,Office Supplies,Art,69.56,7,0.0,23.28,20.48,,,,No,,3,1
ORD-10909,CUST-0109,2023-07-24,2023-07-28,2023-08-01,2023-08-01,Standard Class,East,Houston,Furniture,Chairs,516.76,4,0.3,133.25,25.39,,,,No,,0,0
ORD-10910,CUST-0110,2024-10-31,2024-11-02,2024-11-04,2024-11-04,Second Class,South,Los Angeles,Furniture,Tables,775.29,1,0.0,233.43,31.48,,,,No,,0,0
ORD-10911,CUST-0111,2023-08-15,2023-08-19,2023-08-22,2023-08-22,Second Class,East,New York,Office Supplies,Paper,1081.48,2,0.0,-96.49,8.75,,,,No,,0,0
ORD-10912,CUST-0112,2023-11-25,2023-11-27,2023-11-30,2023-12-01,First Class,East,Chicago,Technology,Copiers,737.26,4,0.0,-22.27,38.04,Wrong Size,2023-12-12,528.05,Yes,11.0,1,1
ORD-10913,CUST-0113,2024-04-08,2024-04-12,2024-04-16,2024-04-16,First Class,East,Houston,Technology,Copiers,605.74,6,0.0,-27.64,30.18,Wrong Size,2024-04-23,530.59,Yes,7.0,0,0
ORD-10914,CUST-0114,2024-04-30,2024-05-07,2024-05-09,2024-05-09,Second Class,South,Los Angeles,Technology,Phones,222.02,6,0.1,-11.16,38.76,,,,No,,0,0
ORD-10915,CUST-0115,2023-03-05,2023-03-09,2023-03-12,2023-03-12,Standard Class,Central,Seattle,Technology,Accessories,196.85,4,0.3,31.75,12.94,,,,No,,0,0
ORD-10916,CUST-0116,2023-12-08,2023-12-15,2023-12-17,2023-12-18,Second Class,East,Houston,Technology,Accessories,1083.46,7,0.1,-23.81,8.95,,,,No,,1,1
ORD-10917,CUST-0117,2024-05-12,2024-05-16,2024-05-18,2024-05-19,Second Class,West,Chicago,Office Supplies,Binders,527.19,5,0.0,34.11,27.59,No Longer Needed,2024-05-22,509.37,Yes,3.0,1,1
ORD-10918,CUST-0118,2023-12-12,2023-12-16,2023-12-20,2023-12-20,Standard Class,Central,Los Angeles,Technology,Machines,27.28,7,0.0,-0.02,40.14,,,,No,,0,0
ORD-10919,CUST-0119,2023-12-24,2023-12-27,2023-12-31,2023-12-31,Standard Class,West,Los Angeles,Office Supplies,Paper,288.7,5,0.0,-18.62,26.7,,,,No,,0,0
ORD-10920,CUST-0120,2024-11-04,2024-11-06,2024-11-09,2024-11-11,Standard Class,West,Los Angeles,Office Supplies,Storage,1179.95,1,0.3,-162.32,23.86,,,,No,,2,1
ORD-10921,CUST-0121,2024-07-28,2024-07-31,2024-08-04,2024-08-04,Second Class,South,Houston,Technology,Machines,261.54,5,0.3,82.74,17.34,No Longer Needed,2024-08-12,224.54,Yes,8.0,0,0
ORD-10922,CUST-0122,2024-04-10,2024-04-12,2024-04-16,2024-04-16,Second Class,East,Chicago,Office Supplies,Storage,304.87,7,0.0,-5.72,16.23,,,,No,,0,0
ORD-10923,CUST-0123,2023-02-07,2023-02-10,2023-02-13,2023-02-13,Standard Class,East,New York,Technology,Accessories,1087.02,2,0.3,234.09,4.46,Not as Described,2023-02-17,1047.18,Yes,4.0,0,0
ORD-10924,CUST-0124,2023-08-05,2023-08-08,2023-08-11,2023-08-11,Second Class,East,Seattle,Furniture,Tables,873.58,3,0.2,-1.92,56.81,,,,No,,0,0
ORD-10925,CUST-0125,2023-11-22,2023-11-29,2023-12-01,2023-12-02,Same Day,East,New York,Office Supplies,Storage,169.82,3,0.0,40.09,51.91,Wrong Size,2023-12-12,160.19,Yes,10.0,1,1
ORD-10926,CUST-0126,2024-10-23,2024-10-25,2024-10-29,2024-10-29,Standard Class,South,Chicago,Technology,Accessories,47.74,3,0.0,-3.81,53.42,,,,No,,0,0
ORD-10927,CUST-0127,2023-11-21,2023-11-23,2023-11-26,2023-11-28,Same Day,West,New York,Office Supplies,Paper,1023.2,4,0.2,256.2,30.62,Damaged in Transit,2023-12-08,739.52,Yes,10.0,2,1
ORD-10928,CUST-0128,2023-05-05,2023-05-10,2023-05-12,2023-05-12,Same Day,West,Chicago,Technology,Machines,723.19,4,0.2,-62.44,47.36,,,,No,,0,0
ORD-10929,CUST-0129,2024-06-22,2024-06-25,2024-06-29,2024-06-29,Second Class,West,Chicago,Technology,Machines,878.88,1,0.0,21.75,55.46,,,,No,,0,0
ORD-10930,CUST-0130,2023-10-31,2023-11-01,2023-11-03,2023-11-03,First Class,West,Seattle,Technology,Copiers,284.94,4,0.0,17.87,45.82,,,,No,,0,0
ORD-10931,CUST-0131,2023-09-02,2023-09-04,2023-09-06,2023-09-07,First Class,South,Chicago,Technology,Machines,437.16,5,0.2,2.55,59.45,,,,No,,1,1
ORD-10932,CUST-0132,2024-04-26,2024-04-28,2024-04-30,2024-05-02,Second Class,East,New York,Technology,Copiers,1059.22,6,0.1,285.76,36.23,No Longer Needed,2024-05-10,805.63,Yes,8.0,2,1
ORD-10933,CUST-0133,2023-10-07,2023-10-08,2023-10-11,2023-10-11,First Class,East,Chicago,Furniture,Chairs,119.12,3,0.0,4.51,45.96,,,,No,,0,0
ORD-10934,CUST-0134,2023-06-29,2023-07-02,2023-07-05,2023-07-06,Standard Class,Central,Seattle,Office Supplies,Binders,713.41,3,0.2,24.94,28.04,,,,No,,1,1
ORD-10935,CUST-0135,2023-11-22,2023-11-27,2023-11-30,2023-12-02,Standard Class,West,Los Angeles,Office Supplies,Art,1069.61,5,0.1,-97.81,19.36,,,,No,,2,1
ORD-10936,CUST-0136,2024-09-19,2024-09-22,2024-09-26,2024-09-26,Same Day,South,Miami,Technology,Accessories,751.93,7,0.0,37.41,59.19,Damaged in Transit,2024-09-28,674.72,Yes,2.0,0,0
ORD-10937,CUST-0137,2023-11-25,2023-11-28,2023-11-30,2023-11-30,Second Class,South,Miami,Furniture,Chairs,480.06,4,0.0,151.56,41.63,,,,No,,0,0
ORD-10938,CUST-0138,2024-08-23,2024-08-24,2024-08-28,2024-08-28,Standard Class,Central,Houston,Technology,Copiers,848.01,4,0.3,291.71,47.45,,,,No,,0,0
ORD-10939,CUST-0139,2023-09-30,2023-10-03,2023-10-07,2023-10-07,Standard Class,West,Seattle,Technology,Accessories,421.97,2,0.3,135.71,43.93,,,,No,,0,0
ORD-10940,CUST-0140,2024-07-04,2024-07-07,2024-07-10,2024-07-10,First Class,West,Miami,Office Supplies,Paper,558.45,5,0.0,194.77,20.79,,,,No,,0,0
ORD-10941,CUST-0141,2024-08-11,2024-08-16,2024-08-18,2024-08-18,Same Day,Central,Houston,Office Supplies,Storage,64.82,2,0.0,17.98,24.13,,,,No,,0,0
ORD-10942,CUST-0142,2024-07-13,2024-07-20,2024-07-23,2024-07-23,Same Day,Central,New York,Furniture,Furnishings,967.77,2,0.0,32.86,21.53,,,,No,,0,0
ORD-10943,CUST-0143,2023-05-21,2023-05-22,2023-05-25,2023-05-27,First Class,West,New York,Furniture,Furnishings,280.87,2,0.2,48.5,33.71,,,,No,,2,1
ORD-10944,CUST-0144,2023-03-27,2023-04-01,2023-04-05,2023-04-05,First Class,East,Seattle,Office Supplies,Binders,618.42,3,0.2,76.75,57.28,,,,No,,0,0
ORD-10945,CUST-0145,2023-11-21,2023-11-25,2023-11-27,2023-11-27,Second Class,West,Houston,Technology,Phones,596.07,7,0.3,34.0,16.71,,,,No,,0,0
ORD-10946,CUST-0146,2023-03-19,2023-03-21,2023-03-23,2023-03-23,First Class,West,New York,Furniture,Chairs,972.93,7,0.0,-103.6,18.63,,,,No,,0,0
ORD-10947,CUST-0147,2024-10-25,2024-10-28,2024-10-31,2024-11-01,First Class,East,Houston,Furniture,Tables,42.6,7,0.3,7.23,40.5,,,,No,,1,1
ORD-10948,CUST-0148,2024-01-03,2024-01-06,2024-01-08,2024-01-10,First Class,East,New York,Office Supplies,Binders,976.88,4,0.1,105.0,9.58,,,,No,,2,1
ORD-10949,CUST-0149,2024-10-26,2024-10-31,2024-11-02,2024-11-04,Second Class,East,Los Angeles,Office Supplies,Storage,213.01,3,0.3,57.34,51.62,,,,No,,2,1
ORD-10950,CUST-0150,2023-06-02,2023-06-09,2023-06-12,2023-06-12,Standard Class,West,Chicago,Technology,Machines,362.63,1,0.0,-42.57,4.9,Damaged in Transit,2023-06-25,302.09,Yes,13.0,0,0
ORD-10951,CUST-0151,2023-12-06,2023-12-08,2023-12-11,2023-12-11,Second Class,East,New York,Furniture,Furnishings,1063.35,1,0.3,295.85,42.28,,,,No,,0,0
ORD-10952,CUST-0152,2024-11-21,2024-11-26,2024-11-30,2024-11-30,First Class,West,Seattle,Office Supplies,Storage,468.7,2,0.2,88.67,18.6,,,,No,,0,0
ORD-10953,CUST-0153,2023-02-21,2023-02-23,2023-02-25,2023-02-25,Standard Class,West,Seattle,Technology,Accessories,555.27,1,0.2,155.02,59.92,,,,No,,0,0
ORD-10954,CUST-0154,2023-01-31,2023-02-02,2023-02-04,2023-02-04,Second Class,Central,Los Angeles,Furniture,Chairs,1062.71,3,0.0,367.83,25.01,,,,No,,0,0
ORD-10955,CUST-0155,2024-03-07,2024-03-10,2024-03-12,2024-03-12,Standard Class,East,Miami,Technology,Machines,610.5,4,0.3,197.68,28.9,Wrong Size,2024-03-17,480.59,Yes,5.0,0,0
ORD-10956,CUST-0156,2024-04-02,2024-04-04,2024-04-06,2024-04-07,Same Day,Central,New York,Technology,Phones,68.25,5,0.1,21.4,54.28,Damaged in Transit,2024-04-13,56.35,Yes,6.0,1,1
ORD-10957,CUST-0157,2024-11-20,2024-11-23,2024-11-27,2024-11-27,Second Class,West,Los Angeles,Office Supplies,Art,719.38,7,0.0,107.55,51.66,,,,No,,0,0
ORD-10958,CUST-0158,2023-05-25,2023-05-28,2023-06-01,2023-06-01,Second Class,East,Seattle,Office Supplies,Binders,384.02,2,0.0,108.42,30.62,,,,No,,0,0
ORD-10959,CUST-0159,2023-05-15,2023-05-19,2023-05-22,2023-05-22,Second Class,South,Seattle,Furniture,Bookcases,262.47,5,0.3,23.0,28.06,,,,No,,0,0
ORD-10960,CUST-0160,2024-08-06,2024-08-13,2024-08-17,2024-08-17,First Class,South,New York,Office Supplies,Binders,382.95,4,0.0,-50.11,11.41,,,,No,,0,0
ORD-10961,CUST-0161,2024-01-09,2024-01-14,2024-01-16,2024-01-16,Standard Class,Central,Los Angeles,Office Supplies,Binders,1043.16,6,0.0,109.14,42.27,,,,No,,0,0
ORD-10962,CUST-0162,2024-03-23,2024-03-26,2024-03-30,2024-03-30,First Class,South,Chicago,Furniture,Bookcases,1147.7,3,0.3,286.06,57.94,,,,No,,0,0
ORD-10963,CUST-0163,2023-05-17,2023-05-18,2023-05-20,2023-05-22,Same Day,East,Houston,Office Supplies,Paper,376.73,1,0.2,76.18,43.31,Not as Described,2023-05-23,314.03,Yes,1.0,2,1
ORD-10964,CUST-0164,2024-02-10,2024-02-13,2024-02-15,2024-02-16,Second Class,West,Seattle,Furniture,Tables,883.33,3,0.1,66.07,46.03,Not as Described,2024-02-17,859.63,Yes,1.0,1,1
ORD-10965,CUST-0165,2023-10-04,2023-10-06,2023-10-09,2023-10-09,Same Day,West,Los Angeles,Office Supplies,Binders,1193.85,7,0.3,254.27,5.0,Wrong Size,2023-10-18,872.75,Yes,9.0,0,0
ORD-10966,CUST-0166,2023-07-30,2023-08-03,2023-08-07,2023-08-07,First Class,Central,Seattle,Office Supplies,Binders,931.37,4,0.3,289.72,40.09,,,,No,,0,0
ORD-10967,CUST-0167,2024-07-18,2024-07-19,2024-07-23,2024-07-23,First Class,Central,Seattle,Technology,Machines,553.06,2,0.0,193.32,50.67,,,,No,,0,0
ORD-10968,CUST-0168,2024-06-28,2024-06-29,2024-07-01,2024-07-01,First Class,West,Miami,Office Supplies,Binders,1065.78,7,0.0,363.45,5.66,,,,No,,0,0
ORD-10969,CUST-0169,2024-10-09,2024-10-16,2024-10-20,2024-10-22,Standard Class,East,Chicago,Technology,Machines,951.44,6,0.2,234.49,17.83,,,,No,,2,1
ORD-10970,CUST-0170,2024-07-20,2024-07-27,2024-07-31,2024-07-31,Same Day,East,Houston,Furniture,Tables,846.27,2,0.2,65.34,29.5,,,,No,,0,0
ORD-10971,CUST-0171,2023-04-19,2023-04-24,2023-04-26,2023-04-26,Standard Class,South,Houston,Furniture,Chairs,271.77,5,0.2,-40.74,43.66,Not as Described,2023-05-01,213.05,Yes,5.0,0,0
ORD-10972,CUST-0172,2023-11-06,2023-11-09,2023-11-13,2023-11-13,First Class,South,Chicago,Furniture,Furnishings,91.22,1,0.0,-2.7,28.71,,,,No,,0,0
ORD-10973,CUST-0173,2024-04-29,2024-05-03,2024-05-05,2024-05-05,Second Class,South,Seattle,Office Supplies,Storage,1149.42,3,0.2,247.41,15.2,No Longer Needed,2024-05-09,989.96,Yes,4.0,0,0
ORD-10974,CUST-0174,2024-02-27,2024-02-29,2024-03-03,2024-03-05,Standard Class,East,Miami,Technology,Machines,71.88,7,0.2,-2.05,44.59,,,,No,,2,1
ORD-10975,CUST-0175,2024-11-16,2024-11-18,2024-11-21,2024-11-21,Standard Class,West,Los Angeles,Office Supplies,Storage,567.06,2,0.1,125.71,49.3,,,,No,,0,0
ORD-10976,CUST-0176,2023-05-10,2023-05-14,2023-05-17,2023-05-17,Standard Class,South,Los Angeles,Technology,Accessories,122.64,3,0.0,-2.37,45.58,,,,No,,0,0
ORD-10977,CUST-0177,2023-07-10,2023-07-13,2023-07-15,2023-07-15,Same Day,East,Chicago,Office Supplies,Storage,73.41,3,0.3,19.54,51.09,,,,No,,0,0
ORD-10978,CUST-0178,2023-02-01,2023-02-03,2023-02-07,2023-02-07,Standard Class,West,Chicago,Furniture,Furnishings,954.79,4,0.2,-95.46,16.95,,,,No,,0,0
ORD-10979,CUST-0179,2024-09-03,2024-09-05,2024-09-09,2024-09-09,First Class,South,Los Angeles,Technology,Accessories,48.56,4,0.3,12.32,40.49,Wrong Size,2024-09-10,44.16,Yes,1.0,0,0
ORD-10980,CUST-0180,2023-03-17,2023-03-19,2023-03-23,2023-03-23,Second Class,South,Miami,Furniture,Bookcases,37.63,7,0.3,7.24,50.59,,,,No,,0,0
ORD-10981,CUST-0181,2024-09-03,2024-09-05,2024-09-08,2024-09-08,First Class,West,Chicago,Office Supplies,Art,109.84,5,0.0,26.01,32.66,,,,No,,0,0
ORD-10982,CUST-0182,2024-01-04,2024-01-08,2024-01-10,2024-01-13,Second Class,West,Miami,Office Supplies,Storage,281.35,1,0.0,45.62,6.22,,,,No,,3,1
ORD-10983,CUST-0183,2023-08-19,2023-08-23,2023-08-27,2023-08-28,First Class,East,Miami,Office Supplies,Paper,86.63,4,0.0,11.49,27.98,,,,No,,1,1
ORD-10984,CUST-0184,2023-01-22,2023-01-29,2023-01-31,2023-02-02,First Class,Central,Miami,Office Supplies,Art,946.74,6,0.0,-48.86,39.27,,,,No,,2,1
ORD-10985,CUST-0185,2024-05-23,2024-05-24,2024-05-26,2024-05-29,First Class,West,Los Angeles,Technology,Phones,143.2,2,0.1,25.09,45.91,,,,No,,3,1
ORD-10986,CUST-0186,2023-10-11,2023-10-13,2023-10-17,2023-10-17,First Class,West,Miami,Technology,Phones,261.87,3,0.0,-14.46,3.84,,,,No,,0,0
ORD-10987,CUST-0187,2024-03-21,2024-03-28,2024-03-30,2024-03-30,Standard Class,South,Miami,Furniture,Bookcases,579.9,7,0.2,122.93,40.39,,,,No,,0,0
ORD-10988,CUST-0188,2024-02-11,2024-02-14,2024-02-18,2024-02-18,Standard Class,West,Miami,Office Supplies,Storage,357.36,3,0.0,47.56,37.5,,,,No,,0,0
ORD-10989,CUST-0189,2024-06-24,2024-06-26,2024-06-30,2024-06-30,Second Class,East,Miami,Furniture,Chairs,417.78,1,0.2,-52.27,22.31,Damaged in Transit,2024-07-03,371.49,Yes,3.0,0,0
ORD-10990,CUST-0190,2024-07-12,2024-07-14,2024-07-17,2024-07-18,Standard Class,West,Los Angeles,Office Supplies,Binders,1162.35,4,0.2,-18.88,49.56,,,,No,,1,1
ORD-10991,CUST-0191,2023-10-25,2023-10-30,2023-11-02,2023-11-02,Same Day,South,Miami,Technology,Phones,1169.12,2,0.1,-43.0,35.6,,,,No,,0,0
ORD-10992,CUST-0192,2024-03-05,2024-03-07,2024-03-10,2024-03-10,Standard Class,West,Chicago,Technology,Accessories,426.99,6,0.2,65.75,7.95,,,,No,,0,0
ORD-10993,CUST-0193,2023-11-13,2023-11-17,2023-11-19,2023-11-19,First Class,Central,Miami,Office Supplies,Paper,1149.67,1,0.0,-27.78,26.91,,,,No,,0,0
ORD-10994,CUST-0194,2024-02-22,2024-02-24,2024-02-28,2024-02-28,Standard Class,South,Seattle,Technology,Accessories,197.46,6,0.0,32.4,33.74,,,,No,,0,0
ORD-10995,CUST-0195,2023-09-21,2023-09-22,2023-09-24,2023-09-24,First Class,Central,New York,Furniture,Bookcases,1057.11,6,0.0,192.59,41.51,No Longer Needed,2023-10-07,1038.6,Yes,13.0,0,0
ORD-10996,CUST-0196,2023-03-16,2023-03-18,2023-03-21,2023-03-21,First Class,East,New York,Office Supplies,Binders,101.13,3,0.0,20.37,37.61,,,,No,,0,0
ORD-10997,CUST-0197,2023-06-13,2023-06-20,2023-06-22,2023-06-25,Standard Class,East,Seattle,Technology,Copiers,969.74,7,0.3,-3.47,41.41,Wrong Size,2023-06-29,910.28,Yes,4.0,3,1
ORD-10998,CUST-0198,2024-04-06,2024-04-13,2024-04-15,2024-04-15,First Class,Central,New York,Technology,Accessories,1074.33,3,0.2,224.68,17.36,,,,No,,0,0
ORD-10999,CUST-0199,2023-12-11,2023-12-12,2023-12-15,2023-12-15,Standard Class,Central,Houston,Furniture,Chairs,407.19,7,0.0,33.94,7.82,,,,No,,0,0
ORD-11000,CUST-0200,2023-02-27,2023-03-02,2023-03-05,2023-03-05,Second Class,East,New York,Office Supplies,Storage,146.91,6,0.0,12.71,58.18,,,,No,,0,0
ORD-11001,CUST-0201,2024-06-17,2024-06-18,2024-06-22,2024-06-22,Standard Class,Central,New York,Technology,Phones,173.07,5,0.0,-16.92,14.15,,,,No,,0,0
ORD-11002,CUST-0202,2023-05-29,2023-05-31,2023-06-03,2023-06-04,First Class,Central,Houston,Office Supplies,Paper,692.33,4,0.2,238.94,38.7,,,,No,,1,1
ORD-11003,CUST-0203,2024-06-27,2024-06-29,2024-07-01,2024-07-01,First Class,West,Miami,Technology,Phones,156.31,6,0.0,-17.38,55.94,,,,No,,0,0
ORD-11004,CUST-0204,2024-06-02,2024-06-05,2024-06-09,2024-06-11,Second Class,West,New York,Office Supplies,Paper,1187.99,4,0.2,70.01,18.93,,,,No,,2,1
ORD-11005,CUST-0205,2023-08-26,2023-08-28,2023-08-30,2023-08-30,First Class,Central,Houston,Office Supplies,Binders,1068.75,2,0.1,364.38,42.71,,,,No,,0,0
ORD-11006,CUST-0206,2023-09-26,2023-10-03,2023-10-06,2023-10-06,Second Class,South,Miami,Office Supplies,Storage,1187.18,3,0.2,16.59,26.53,,,,No,,0,0
ORD-11007,CUST-0207,2024-04-20,2024-04-22,2024-04-25,2024-04-25,First Class,East,Chicago,Office Supplies,Binders,512.29,5,0.0,-74.72,58.26,,,,No,,0,0
ORD-11008,CUST-0208,2023-01-06,2023-01-09,2023-01-12,2023-01-12,First Class,Central,Houston,Technology,Accessories,245.64,7,0.0,84.21,53.18,,,,No,,0,0
ORD-11009,CUST-0209,2024-08-04,2024-08-07,2024-08-10,2024-08-11,Standard Class,South,Los Angeles,Furniture,Chairs,429.75,7,0.1,138.67,52.15,Damaged in Transit,2024-08-22,372.65,Yes,11.0,1,1
ORD-11010,CUST-0210,2024-07-06,2024-07-07,2024-07-09,2024-07-11,Same Day,West,New York,Technology,Machines,314.43,2,0.0,37.28,14.27,,,,No,,2,1
ORD-11011,CUST-0211,2023-12-01,2023-12-05,2023-12-09,2023-12-09,Same Day,Central,Seattle,Office Supplies,Storage,107.22,4,0.0,28.44,22.62,,,,No,,0,0
ORD-11012,CUST-0212,2024-08-17,2024-08-24,2024-08-26,2024-08-26,Standard Class,South,Miami,Technology,Accessories,90.75,3,0.0,14.74,2.85,,,,No,,0,0
ORD-11013,CUST-0213,2024-01-22,2024-01-25,2024-01-27,2024-01-28,First Class,South,Seattle,Technology,Copiers,324.06,2,0.1,103.82,40.48,,,,No,,1,1
ORD-11014,CUST-0214,2024-02-14,2024-02-18,2024-02-20,2024-02-20,First Class,Central,Chicago,Office Supplies,Binders,646.46,7,0.0,1.25,33.35,,,,No,,0,0
ORD-11015,CUST-0215,2023-06-02,2023-06-09,2023-06-11,2023-06-11,Same Day,East,New York,Office Supplies,Art,268.54,7,0.2,-21.11,7.87,Damaged in Transit,2023-06-22,205.27,Yes,11.0,0,0
ORD-11016,CUST-0216,2024-04-28,2024-05-01,2024-05-03,2024-05-03,Second Class,Central,Chicago,Furniture,Chairs,329.13,6,0.0,23.42,34.27,,,,No,,0,0
ORD-11017,CUST-0217,2023-02-14,2023-02-17,2023-02-19,2023-02-19,Standard Class,Central,New York,Technology,Machines,460.07,2,0.3,122.57,37.64,,,,No,,0,0
ORD-11018,CUST-0218,2023-01-05,2023-01-08,2023-01-10,2023-01-10,Second Class,East,Miami,Office Supplies,Paper,952.42,6,0.2,246.13,19.43,,,,No,,0,0
ORD-11019,CUST-0219,2023-10-25,2023-10-27,2023-10-31,2023-11-02,Same Day,Central,New York,Technology,Machines,936.68,6,0.0,-38.56,9.93,,,,No,,2,1
ORD-11020,CUST-0220,2023-05-29,2023-05-31,2023-06-04,2023-06-04,Same Day,South,Los Angeles,Office Supplies,Art,490.11,3,0.0,21.56,24.25,Damaged in Transit,2023-06-09,409.37,Yes,5.0,0,0
ORD-11021,CUST-0221,2023-05-29,2023-05-31,2023-06-04,2023-06-05,Standard Class,South,New York,Office Supplies,Paper,968.21,4,0.0,-99.74,38.02,,,,No,,1,1
ORD-11022,CUST-0222,2024-01-15,2024-01-19,2024-01-23,2024-01-24,Same Day,Central,Miami,Furniture,Furnishings,806.09,2,0.1,264.62,13.68,,,,No,,1,1
ORD-11023,CUST-0223,2023-07-09,2023-07-11,2023-07-15,2023-07-16,First Class,East,Houston,Office Supplies,Binders,99.61,5,0.2,29.41,21.82,,,,No,,1,1
ORD-11024,CUST-0224,2023-01-12,2023-01-15,2023-01-19,2023-01-22,Standard Class,South,Seattle,Office Supplies,Paper,238.99,4,0.3,42.21,5.11,,,,No,,3,1
ORD-11025,CUST-0225,2023-05-16,2023-05-19,2023-05-21,2023-05-21,Standard Class,East,New York,Furniture,Bookcases,803.59,6,0.2,-33.06,16.89,Damaged in Transit,2023-05-31,729.67,Yes,10.0,0,0
ORD-11026,CUST-0226,2023-11-26,2023-11-27,2023-12-01,2023-12-01,First Class,Central,Miami,Furniture,Bookcases,150.91,4,0.0,17.43,41.61,,,,No,,0,0
ORD-11027,CUST-0227,2024-06-13,2024-06-15,2024-06-19,2024-06-19,Second Class,East,Los Angeles,Technology,Copiers,805.24,6,0.0,-5.98,54.24,,,,No,,0,0
ORD-11028,CUST-0228,2024-07-21,2024-07-22,2024-07-26,2024-07-26,First Class,South,Houston,Furniture,Bookcases,56.36,3,0.1,-5.76,11.3,,,,No,,0,0
ORD-11029,CUST-0229,2024-09-26,2024-09-27,2024-09-29,2024-09-29,Second Class,West,New York,Technology,Copiers,805.38,5,0.1,136.39,24.48,,,,No,,0,0
ORD-11030,CUST-0230,2023-07-12,2023-07-15,2023-07-19,2023-07-20,Standard Class,East,New York,Office Supplies,Storage,578.93,6,0.2,25.6,49.6,,,,No,,1,1
ORD-11031,CUST-0231,2024-10-17,2024-10-21,2024-10-25,2024-10-25,Standard Class,Central,New York,Furniture,Furnishings,889.75,4,0.0,305.35,32.28,,,,No,,0,0
ORD-11032,CUST-0232,2024-05-19,2024-05-22,2024-05-24,2024-05-26,First Class,South,Chicago,Office Supplies,Paper,129.44,7,0.0,11.59,36.76,Damaged in Transit,2024-06-07,123.15,Yes,12.0,2,1
ORD-11033,CUST-0233,2023-01-21,2023-01-22,2023-01-26,2023-01-26,Same Day,South,Seattle,Office Supplies,Storage,1013.59,7,0.3,226.24,25.43,,,,No,,0,0
ORD-11034,CUST-0234,2023-02-06,2023-02-08,2023-02-10,2023-02-10,First Class,West,Los Angeles,Office Supplies,Art,1028.54,2,0.2,-61.79,18.54,,,,No,,0,0
ORD-11035,CUST-0235,2024-08-14,2024-08-21,2024-08-25,2024-08-25,Standard Class,Central,New York,Technology,Machines,866.85,7,0.3,153.88,27.86,,,,No,,0,0
ORD-11036,CUST-0236,2023-04-22,2023-04-25,2023-04-29,2023-04-29,Standard Class,East,Chicago,Furniture,Tables,465.31,4,0.0,105.44,19.07,,,,No,,0,0
ORD-11037,CUST-0237,2023-06-05,2023-06-06,2023-06-10,2023-06-10,First Class,West,Houston,Office Supplies,Storage,457.9,6,0.1,-29.09,41.6,,,,No,,0,0
ORD-11038,CUST-0238,2024-11-22,2024-11-25,2024-11-27,2024-11-27,Same Day,East,Chicago,Office Supplies,Paper,180.59,2,0.2,-14.72,30.32,,,,No,,0,0
ORD-11039,CUST-0239,2023-05-22,2023-05-26,2023-05-30,2023-05-30,First Class,Central,Seattle,Technology,Machines,737.72,6,0.0,50.39,7.36,,,,No,,0,0
ORD-11040,CUST-0240,2024-06-04,2024-06-08,2024-06-11,2024-06-12,Standard Class,South,Chicago,Office Supplies,Binders,1085.94,1,0.0,112.59,44.59,Wrong Size,2024-06-17,1072.82,Yes,5.0,1,1
ORD-11041,CUST-0241,2023-08-03,2023-08-05,2023-08-09,2023-08-09,First Class,Central,Miami,Office Supplies,Binders,321.49,4,0.1,-10.76,36.14,,,,No,,0,0
ORD-11042,CUST-0242,2024-01-30,2024-02-03,2024-02-05,2024-02-07,Same Day,Central,Seattle,Office Supplies,Art,127.3,7,0.2,4.58,3.64,Not as Described,2024-02-17,112.23,Yes,10.0,2,1
ORD-11043,CUST-0243,2024-04-04,2024-04-09,2024-04-12,2024-04-14,Same Day,South,Los Angeles,Office Supplies,Art,445.57,4,0.1,-0.3,33.49,,,,No,,2,1
ORD-11044,CUST-0244,2024-03-15,2024-03-22,2024-03-24,2024-03-24,Second Class,Central,Seattle,Technology,Phones,739.4,5,0.1,-39.32,13.51,,,,No,,0,0
ORD-11045,CUST-0245,2023-04-12,2023-04-13,2023-04-15,2023-04-15,Second Class,West,Seattle,Office Supplies,Binders,476.62,1,0.1,94.14,26.95,,,,No,,0,0
ORD-11046,CUST-0246,2023-05-03,2023-05-07,2023-05-09,2023-05-09,Same Day,East,Seattle,Furniture,Tables,991.2,3,0.1,185.37,27.23,,,,No,,0,0
ORD-11047,CUST-0247,2024-06-04,2024-06-08,2024-06-11,2024-06-12,Standard Class,East,Seattle,Office Supplies,Paper,143.91,3,0.3,-0.91,36.36,,,,No,,1,1
ORD-11048,CUST-0248,2024-11-28,2024-11-30,2024-12-03,2024-12-06,Second Class,West,Miami,Office Supplies,Storage,505.72,7,0.0,-2.16,51.56,,,,No,,3,1
ORD-11049,CUST-0249,2023-01-17,2023-01-19,2023-01-23,2023-01-23,First Class,Central,Seattle,Technology,Machines,457.37,7,0.2,58.69,14.37,,,,No,,0,0
ORD-11050,CUST-0250,2023-07-09,2023-07-14,2023-07-18,2023-07-20,Same Day,West,New York,Technology,Machines,547.93,1,0.3,176.2,53.28,Damaged in Transit,2023-07-28,470.17,Yes,8.0,2,1
ORD-11051,CUST-0251,2024-07-15,2024-07-19,2024-07-21,2024-07-21,Standard Class,South,Seattle,Office Supplies,Storage,685.27,7,0.1,-62.61,39.91,,,,No,,0,0
ORD-11052,CUST-0252,2023-12-31,2024-01-03,2024-01-05,2024-01-05,Same Day,Central,Seattle,Office Supplies,Storage,803.27,6,0.1,233.75,23.53,No Longer Needed,2024-01-18,566.55,Yes,13.0,0,0
ORD-11053,CUST-0253,2024-03-12,2024-03-16,2024-03-20,2024-03-20,Standard Class,Central,Chicago,Office Supplies,Art,967.45,1,0.2,320.58,6.17,,,,No,,0,0
ORD-11054,CUST-0254,2024-10-29,2024-11-02,2024-11-06,2024-11-06,First Class,South,Chicago,Office Supplies,Art,1174.47,4,0.1,-113.38,30.64,,,,No,,0,0
ORD-11055,CUST-0255,2023-08-25,2023-08-27,2023-08-30,2023-08-30,Standard Class,South,Houston,Technology,Copiers,350.91,1,0.0,90.03,47.61,,,,No,,0,0
ORD-11056,CUST-0256,2023-07-24,2023-07-27,2023-07-29,2023-07-30,Second Class,West,Houston,Office Supplies,Art,460.42,3,0.3,131.42,14.38,,,,No,,1,1
ORD-11057,CUST-0257,2023-09-08,2023-09-11,2023-09-15,2023-09-15,First Class,East,Miami,Technology,Phones,1059.55,7,0.2,20.39,40.16,,,,No,,0,0
ORD-11058,CUST-0258,2023-02-15,2023-02-18,2023-02-21,2023-02-21,Standard Class,South,Los Angeles,Office Supplies,Binders,822.79,4,0.2,4.12,32.62,,,,No,,0,0
ORD-11059,CUST-0259,2024-02-27,2024-02-28,2024-03-01,2024-03-01,Standard Class,South,Seattle,Office Supplies,Storage,852.43,1,0.0,114.96,32.96,,,,No,,0,0
ORD-11060,CUST-0260,2023-05-20,2023-05-21,2023-05-25,2023-05-25,Same Day,East,Seattle,Office Supplies,Paper,754.84,7,0.0,76.72,55.72,,,,No,,0,0
ORD-11061,CUST-0261,2024-05-19,2024-05-21,2024-05-23,2024-05-23,First Class,West,Houston,Furniture,Tables,1106.57,3,0.2,-129.87,27.73,,,,No,,0,0
ORD-11062,CUST-0262,2024-09-21,2024-09-22,2024-09-26,2024-09-28,Same Day,East,Chicago,Office Supplies,Paper,147.24,1,0.2,46.74,11.01,Wrong Size,2024-10-11,106.25,Yes,13.0,2,1
ORD-11063,CUST-0263,2023-01-31,2023-02-07,2023-02-10,2023-02-11,First Class,South,Seattle,Technology,Copiers,26.96,2,0.1,8.97,11.33,,,,No,,1,1
ORD-11064,CUST-0264,2024-08-15,2024-08-18,2024-08-20,2024-08-20,First Class,Central,Miami,Technology,Machines,654.98,7,0.2,221.77,35.76,,,,No,,0,0
ORD-11065,CUST-0265,2024-03-17,2024-03-19,2024-03-23,2024-03-23,Standard Class,Central,New York,Office Supplies,Paper,148.38,7,0.0,-2.95,29.58,,,,No,,0,0
ORD-11066,CUST-0266,2024-06-10,2024-06-12,2024-06-15,2024-06-15,Second Class,West,Miami,Technology,Machines,658.8,1,0.3,201.52,12.14,,,,No,,0,0
ORD-11067,CUST-0267,2023-04-16,2023-04-23,2023-04-27,2023-04-27,Same Day,West,Seattle,Furniture,Bookcases,710.3,7,0.2,-95.01,49.61,,,,No,,0,0
ORD-11068,CUST-0268,2023-05-17,2023-05-24,2023-05-27,2023-05-27,Second Class,South,Chicago,Technology,Accessories,679.16,4,0.3,-10.61,32.72,,,,No,,0,0
ORD-11069,CUST-0269,2024-10-27,2024-10-30,2024-11-02,2024-11-02,Same Day,East,Los Angeles,Office Supplies,Art,1134.22,4,0.0,-73.92,30.07,,,,No,,0,0
ORD-11070,CUST-0270,2023-09-08,2023-09-09,2023-09-12,2023-09-12,Standard Class,East,Seattle,Office Supplies,Paper,436.97,5,0.1,-42.32,54.59,,,,No,,0,0
ORD-11071,CUST-0271,2023-11-20,2023-11-22,2023-11-25,2023-11-26,Standard Class,East,New York,Technology,Phones,859.4,2,0.0,37.48,54.72,,,,No,,1,1
ORD-11072,CUST-0272,2023-02-01,2023-02-03,2023-02-06,2023-02-06,First Class,West,Los Angeles,Office Supplies,Binders,686.78,6,0.2,121.84,41.72,,,,No,,0,0
ORD-11073,CUST-0273,2023-02-16,2023-02-19,2023-02-21,2023-02-21,Second Class,West,Chicago,Furniture,Bookcases,684.35,7,0.2,-33.37,40.76,,,,No,,0,0
ORD-11074,CUST-0274,2023-07-04,2023-07-08,2023-07-11,2023-07-11,First Class,South,Miami,Technology,Machines,93.79,7,0.3,-0.85,24.16,Defective,2023-07-14,70.05,Yes,3.0,0,0
ORD-11075,CUST-0275,2023-12-24,2023-12-26,2023-12-30,2023-12-30,Second Class,West,Miami,Technology,Machines,68.6,5,0.0,1.74,16.0,Not as Described,2024-01-06,49.15,Yes,7.0,0,0
ORD-11076,CUST-0276,2024-10-02,2024-10-03,2024-10-06,2024-10-06,Second Class,West,Los Angeles,Office Supplies,Paper,659.94,5,0.0,200.61,5.39,,,,No,,0,0
ORD-11077,CUST-0277,2024-08-06,2024-08-10,2024-08-12,2024-08-12,Standard Class,East,Chicago,Technology,Phones,757.73,7,0.3,250.47,12.84,,,,No,,0,0
ORD-11078,CUST-0278,2024-10-12,2024-10-14,2024-10-17,2024-10-17,Standard Class,West,New York,Technology,Accessories,1183.99,6,0.1,3.39,23.19,,,,No,,0,0
ORD-11079,CUST-0279,2024-08-17,2024-08-24,2024-08-27,2024-08-27,First Class,Central,Houston,Technology,Phones,20.69,1,0.2,2.64,49.85,,,,No,,0,0
ORD-11080,CUST-0280,2023-06-03,2023-06-07,2023-06-10,2023-06-12,First Class,West,Chicago,Office Supplies,Binders,1015.64,4,0.0,-135.99,28.83,,,,No,,2,1
ORD-11081,CUST-0281,2024-06-17,2024-06-21,2024-06-23,2024-06-26,First Class,South,Miami,Technology,Accessories,21.97,3,0.0,1.23,43.53,No Longer Needed,2024-07-09,18.02,Yes,13.0,3,1
ORD-11082,CUST-0282,2024-02-27,2024-02-28,2024-03-02,2024-03-02,Standard Class,Central,Miami,Office Supplies,Art,781.23,1,0.3,32.85,44.58,,,,No,,0,0
ORD-11083,CUST-0283,2023-04-14,2023-04-18,2023-04-20,2023-04-20,First Class,Central,Chicago,Office Supplies,Art,158.54,6,0.1,16.46,20.3,,,,No,,0,0
ORD-11084,CUST-0284,2023-05-29,2023-05-31,2023-06-04,2023-06-04,Second Class,Central,Los Angeles,Furniture,Furnishings,55.77,6,0.1,-2.94,12.68,,,,No,,0,0
ORD-11085,CUST-0285,2023-01-16,2023-01-20,2023-01-23,2023-01-25,Same Day,East,Miami,Furniture,Furnishings,1163.71,7,0.0,320.13,56.07,,,,No,,2,1
ORD-11086,CUST-0286,2024-08-20,2024-08-24,2024-08-26,2024-08-26,Second Class,Central,Los Angeles,Office Supplies,Art,675.66,6,0.3,35.31,18.91,,,,No,,0,0
ORD-11087,CUST-0287,2024-01-20,2024-01-21,2024-01-24,2024-01-24,Standard Class,East,Miami,Technology,Machines,876.78,2,0.3,118.41,39.61,,,,No,,0,0
ORD-11088,CUST-0288,2024-03-19,2024-03-22,2024-03-25,2024-03-25,Second Class,East,New York,Furniture,Chairs,377.32,5,0.3,63.45,31.01,Damaged in Transit,2024-03-31,302.26,Yes,6.0,0,0
ORD-11089,CUST-0289,2024-09-13,2024-09-16,2024-09-18,2024-09-18,Second Class,South,Miami,Office Supplies,Paper,545.15,4,0.0,-67.99,30.61,,,,No,,0,0
ORD-11090,CUST-0290,2023-11-18,2023-11-22,2023-11-26,2023-11-26,Standard Class,West,New York,Technology,Phones,1073.83,5,0.3,333.56,19.76,,,,No,,0,0
ORD-11091,CUST-0291,2024-07-20,2024-07-27,2024-07-31,2024-07-31,First Class,Central,New York,Office Supplies,Binders,525.4,2,0.0,-10.29,52.33,,,,No,,0,0
ORD-11092,CUST-0292,2024-04-18,2024-04-20,2024-04-23,2024-04-25,Same Day,East,Miami,Office Supplies,Storage,582.24,5,0.2,166.86,3.87,,,,No,,2,1
ORD-11093,CUST-0293,2023-01-02,2023-01-05,2023-01-09,2023-01-11,Standard Class,Central,Seattle,Office Supplies,Storage,673.71,1,0.0,90.0,54.16,,,,No,,2,1
ORD-11094,CUST-0294,2023-08-23,2023-08-26,2023-08-29,2023-08-29,Second Class,Central,Miami,Office Supplies,Binders,380.7,4,0.2,-21.86,38.36,,,,No,,0,0
ORD-11095,CUST-0295,2024-01-23,2024-01-30,2024-02-03,2024-02-03,First Class,East,Chicago,Technology,Copiers,69.33,2,0.2,23.85,40.21,,,,No,,0,0
ORD-11096,CUST-0296,2024-01-31,2024-02-04,2024-02-06,2024-02-08,Second Class,East,Seattle,Furniture,Chairs,1142.5,2,0.2,-150.14,10.17,,,,No,,2,1
ORD-11097,CUST-0297,2023-12-24,2023-12-28,2023-12-30,2023-12-31,Same Day,West,Chicago,Technology,Copiers,880.68,3,0.2,182.6,24.27,,,,No,,1,1
ORD-11098,CUST-0298,2023-07-03,2023-07-05,2023-07-08,2023-07-08,Second Class,East,Seattle,Technology,Copiers,631.94,6,0.0,27.81,30.52,,,,No,,0,0
ORD-11099,CUST-0299,2023-09-22,2023-09-26,2023-09-30,2023-09-30,Same Day,Central,Houston,Furniture,Furnishings,1067.64,5,0.0,147.46,50.22,,,,No,,0,0
ORD-11100,CUST-0300,2023-06-27,2023-06-30,2023-07-02,2023-07-02,First Class,Central,Miami,Technology,Machines,659.09,4,0.0,-6.46,58.58,,,,No,,0,0
ORD-11101,CUST-0301,2023-08-14,2023-08-16,2023-08-19,2023-08-19,Same Day,East,Seattle,Technology,Phones,370.93,6,0.1,54.89,16.53,,,,No,,0,0
ORD-11102,CUST-0302,2023-05-14,2023-05-19,2023-05-22,2023-05-22,Second Class,Central,Miami,Technology,Copiers,55.68,3,0.0,15.73,35.62,Wrong Size,2023-06-01,49.62,Yes,10.0,0,0
ORD-11103,CUST-0303,2023-06-18,2023-06-21,2023-06-23,2023-06-25,Same Day,East,Los Angeles,Furniture,Bookcases,830.97,7,0.0,-110.59,25.45,,,,No,,2,1
ORD-11104,CUST-0304,2023-06-08,2023-06-12,2023-06-16,2023-06-16,Same Day,Central,Los Angeles,Furniture,Chairs,805.2,6,0.1,155.92,20.59,,,,No,,0,0
ORD-11105,CUST-0305,2024-06-07,2024-06-11,2024-06-14,2024-06-14,Second Class,South,Chicago,Furniture,Furnishings,1114.49,2,0.2,-16.81,25.86,,,,No,,0,0
ORD-11106,CUST-0306,2024-04-14,2024-04-18,2024-04-22,2024-04-23,Standard Class,Central,Miami,Office Supplies,Art,391.51,6,0.3,23.95,9.61,,,,No,,1,1
ORD-11107,CUST-0307,2023-06-26,2023-06-28,2023-07-02,2023-07-02,Same Day,East,New York,Office Supplies,Paper,570.78,2,0.0,178.19,40.38,,,,No,,0,0
ORD-11108,CUST-0308,2024-08-24,2024-08-25,2024-08-27,2024-08-27,Same Day,West,Houston,Technology,Machines,1077.74,3,0.3,-59.86,46.02,Wrong Size,2024-09-07,927.61,Yes,11.0,0,0
ORD-11109,CUST-0309,2024-02-13,2024-02-17,2024-02-19,2024-02-19,First Class,Central,Los Angeles,Office Supplies,Storage,1145.37,7,0.2,366.41,24.96,,,,No,,0,0
ORD-11110,CUST-0310,2024-01-04,2024-01-07,2024-01-11,2024-01-11,Second Class,West,New York,Furniture,Tables,1162.87,4,0.3,-96.97,13.85,,,,No,,0,0
ORD-11111,CUST-0311,2023-10-11,2023-10-18,2023-10-22,2023-10-22,Same Day,East,Los Angeles,Technology,Machines,515.08,6,0.0,40.41,25.83,,,,No,,0,0
ORD-11112,CUST-0312,2023-02-10,2023-02-13,2023-02-15,2023-02-15,Standard Class,Central,Seattle,Office Supplies,Binders,250.76,1,0.3,9.8,41.66,,,,No,,0,0
ORD-11113,CUST-0313,2024-06-06,2024-06-13,2024-06-15,2024-06-15,Second Class,Central,Miami,Furniture,Chairs,458.99,4,0.0,-36.51,51.51,,,,No,,0,0
ORD-11114,CUST-0314,2023-12-15,2023-12-16,2023-12-20,2023-12-20,Second Class,East,Seattle,Office Supplies,Paper,185.14,7,0.2,50.72,45.61,,,,No,,0,0
ORD-11115,CUST-0315,2024-04-16,2024-04-17,2024-04-20,2024-04-20,Same Day,South,Seattle,Office Supplies,Paper,234.54,6,0.0,4.4,30.96,,,,No,,0,0
ORD-11116,CUST-0316,2023-01-01,2023-01-04,2023-01-06,2023-01-06,Same Day,West,Chicago,Office Supplies,Art,482.05,7,0.1,133.25,14.77,,,,No,,0,0
ORD-11117,CUST-0317,2023-11-26,2023-12-01,2023-12-04,2023-12-04,Second Class,West,Chicago,Furniture,Chairs,1035.95,6,0.0,-108.78,18.62,,,,No,,0,0
ORD-11118,CUST-0318,2024-03-11,2024-03-12,2024-03-16,2024-03-16,Same Day,East,Chicago,Technology,Copiers,76.91,7,0.0,0.05,18.53,,,,No,,0,0
ORD-11119,CUST-0319,2024-08-27,2024-08-30,2024-09-01,2024-09-02,First Class,East,Houston,Furniture,Tables,575.05,7,0.0,11.7,24.57,,,,No,,1,1
ORD-11120,CUST-0320,2024-06-03,2024-06-06,2024-06-10,2024-06-11,Standard Class,Central,Miami,Office Supplies,Storage,307.6,1,0.1,-22.86,47.55,Damaged in Transit,2024-06-21,270.32,Yes,10.0,1,1
ORD-11121,CUST-0321,2023-08-10,2023-08-12,2023-08-15,2023-08-17,Same Day,West,Miami,Furniture,Chairs,901.51,5,0.2,291.74,57.34,,,,No,,2,1
ORD-11122,CUST-0322,2024-03-17,2024-03-18,2024-03-20,2024-03-20,Same Day,West,Los Angeles,Technology,Machines,259.46,2,0.3,16.17,9.86,,,,No,,0,0
ORD-11123,CUST-0323,2023-07-10,2023-07-11,2023-07-13,2023-07-13,Second Class,West,Chicago,Technology,Machines,392.84,4,0.2,74.33,44.34,,,,No,,0,0
ORD-11124,CUST-0324,2023-06-24,2023-06-26,2023-06-29,2023-06-29,Standard Class,South,Chicago,Technology,Copiers,987.11,2,0.3,234.19,56.39,No Longer Needed,2023-07-09,830.75,Yes,10.0,0,0
ORD-11125,CUST-0325,2023-12-10,2023-12-11,2023-12-14,2023-12-15,Standard Class,East,Houston,Furniture,Chairs,644.41,2,0.0,-13.94,15.94,,,,No,,1,1
ORD-11126,CUST-0326,2024-07-07,2024-07-11,2024-07-15,2024-07-15,Standard Class,Central,New York,Office Supplies,Paper,348.02,7,0.0,90.37,47.52,,,,No,,0,0
ORD-11127,CUST-0327,2023-06-25,2023-06-27,2023-06-29,2023-06-30,Standard Class,East,Miami,Technology,Copiers,251.36,4,0.2,56.0,58.7,,,,No,,1,1
ORD-11128,CUST-0328,2023-01-26,2023-01-29,2023-01-31,2023-01-31,First Class,West,New York,Office Supplies,Binders,526.98,6,0.0,-7.1,54.69,,,,No,,0,0
ORD-11129,CUST-0329,2024-02-17,2024-02-19,2024-02-22,2024-02-22,Same Day,West,Houston,Technology,Copiers,222.98,1,0.2,75.12,25.03,,,,No,,0,0
ORD-11130,CUST-0330,2023-04-10,2023-04-12,2023-04-16,2023-04-16,Same Day,Central,New York,Technology,Machines,829.81,1,0.0,54.54,8.71,Wrong Size,2023-04-27,650.01,Yes,11.0,0,0
ORD-11131,CUST-0331,2023-01-20,2023-01-27,2023-01-31,2023-01-31,First Class,Central,Seattle,Furniture,Bookcases,876.81,5,0.0,-76.71,9.86,,,,No,,0,0
ORD-11132,CUST-0332,2024-02-13,2024-02-20,2024-02-22,2024-02-22,First Class,East,Chicago,Furniture,Furnishings,100.64,3,0.0,11.29,25.68,,,,No,,0,0
ORD-11133,CUST-0333,2024-09-11,2024-09-15,2024-09-17,2024-09-17,Second Class,Central,Los Angeles,Furniture,Bookcases,747.38,3,0.3,180.28,19.94,,,,No,,0,0
ORD-11134,CUST-0334,2023-06-10,2023-06-12,2023-06-16,2023-06-16,Second Class,West,Houston,Office Supplies,Paper,504.35,3,0.2,52.27,40.57,,,,No,,0,0
ORD-11135,CUST-0335,2023-11-16,2023-11-17,2023-11-20,2023-11-20,Second Class,South,Chicago,Office Supplies,Paper,361.23,4,0.0,83.21,4.8,,,,No,,0,0
ORD-11136,CUST-0336,2023-03-28,2023-03-30,2023-04-03,2023-04-03,Standard Class,West,Los Angeles,Technology,Phones,626.15,3,0.0,67.73,42.11,Not as Described,2023-04-09,617.29,Yes,6.0,0,0
ORD-11137,CUST-0337,2023-04-08,2023-04-11,2023-04-13,2023-04-13,Second Class,East,Chicago,Technology,Copiers,411.57,5,0.3,130.5,14.35,No Longer Needed,2023-04-23,298.77,Yes,10.0,0,0
ORD-11138,CUST-0338,2024-03-14,2024-03-17,2024-03-19,2024-03-19,Standard Class,Central,Chicago,Furniture,Furnishings,897.39,6,0.0,157.19,14.21,,,,No,,0,0
ORD-11139,CUST-0339,2023-05-09,2023-05-13,2023-05-15,2023-05-15,Second Class,East,Chicago,Technology,Phones,193.62,3,0.0,-19.99,14.23,,,,No,,0,0
ORD-11140,CUST-0340,2024-01-08,2024-01-13,2024-01-17,2024-01-17,Standard Class,West,Los Angeles,Furniture,Chairs,947.71,5,0.0,292.45,45.01,,,,No,,0,0
ORD-11141,CUST-0341,2024-02-09,2024-02-16,2024-02-18,2024-02-18,Same Day,West,New York,Office Supplies,Paper,918.25,5,0.0,-43.95,33.62,,,,No,,0,0
ORD-11142,CUST-0342,2024-03-31,2024-04-02,2024-04-06,2024-04-06,Standard Class,Central,Los Angeles,Furniture,Bookcases,133.01,3,0.3,-2.76,18.51,,,,No,,0,0
ORD-11143,CUST-0343,2024-08-12,2024-08-13,2024-08-15,2024-08-15,Second Class,West,New York,Furniture,Furnishings,253.69,7,0.2,-28.85,22.57,Damaged in Transit,2024-08-24,249.04,Yes,9.0,0,0
ORD-11144,CUST-0344,2023-10-07,2023-10-11,2023-10-14,2023-10-14,Standard Class,South,Los Angeles,Office Supplies,Paper,592.02,2,0.0,182.42,24.53,,,,No,,0,0
ORD-11145,CUST-0345,2024-11-17,2024-11-24,2024-11-27,2024-11-27,Second Class,West,Seattle,Technology,Accessories,138.26,7,0.1,-19.4,57.99,,,,No,,0,0
ORD-11146,CUST-0346,2023-05-04,2023-05-07,2023-05-10,2023-05-10,First Class,West,Miami,Office Supplies,Storage,209.33,6,0.1,31.99,30.39,,,,No,,0,0
ORD-11147,CUST-0347,2023-06-21,2023-06-24,2023-06-27,2023-06-27,First Class,East,Miami,Technology,Accessories,635.91,5,0.0,-87.13,10.86,,,,No,,0,0
ORD-11148,CUST-0348,2023-03-12,2023-03-19,2023-03-22,2023-03-22,Second Class,East,Miami,Technology,Accessories,820.65,1,0.3,12.45,33.82,,,,No,,0,0
ORD-11149,CUST-0349,2023-12-11,2023-12-16,2023-12-18,2023-12-18,Same Day,Central,New York,Technology,Accessories,1159.65,5,0.1,100.71,45.82,,,,No,,0,0
ORD-11150,CUST-0350,2023-11-09,2023-11-11,2023-11-13,2023-11-13,Same Day,West,New York,Office Supplies,Binders,15.29,1,0.2,2.24,9.0,,,,No,,0,0
ORD-11151,CUST-0351,2024-07-14,2024-07-21,2024-07-24,2024-07-24,Same Day,East,Chicago,Office Supplies,Paper,901.1,4,0.3,-126.21,33.39,,,,No,,0,0
ORD-11152,CUST-0352,2023-08-10,2023-08-11,2023-08-14,2023-08-14,Same Day,South,Chicago,Office Supplies,Art,1164.38,1,0.2,61.73,23.46,,,,No,,0,0
ORD-11153,CUST-0353,2024-07-02,2024-07-04,2024-07-06,2024-07-06,Standard Class,West,Los Angeles,Office Supplies,Storage,145.94,4,0.1,22.09,12.84,,,,No,,0,0
ORD-11154,CUST-0354,2024-06-08,2024-06-09,2024-06-13,2024-06-16,First Class,West,New York,Furniture,Bookcases,164.19,3,0.3,17.69,9.74,,,,No,,3,1
ORD-11155,CUST-0355,2023-03-21,2023-03-25,2023-03-28,2023-03-28,Second Class,West,Houston,Office Supplies,Paper,309.35,2,0.0,-28.11,23.46,,,,No,,0,0
ORD-11156,CUST-0356,2024-09-12,2024-09-16,2024-09-19,2024-09-19,First Class,Central,New York,Office Supplies,Storage,632.19,3,0.1,-3.49,10.16,,,,No,,0,0
ORD-11157,CUST-0357,2023-06-23,2023-06-24,2023-06-28,2023-06-29,Standard Class,West,Los Angeles,Technology,Machines,1001.38,2,0.0,183.14,42.61,,,,No,,1,1
ORD-11158,CUST-0358,2023-02-18,2023-02-21,2023-02-25,2023-02-27,Same Day,West,Seattle,Furniture,Chairs,216.96,5,0.2,-29.24,41.03,,,,No,,2,1
ORD-11159,CUST-0359,2023-12-31,2024-01-05,2024-01-09,2024-01-09,First Class,South,Seattle,Furniture,Bookcases,1175.05,1,0.0,153.87,27.14,,,,No,,0,0
ORD-11160,CUST-0360,2024-08-30,2024-08-31,2024-09-04,2024-09-04,Standard Class,East,New York,Office Supplies,Storage,854.44,3,0.1,147.33,37.75,,,,No,,0,0
ORD-11161,CUST-0361,2024-02-06,2024-02-13,2024-02-17,2024-02-18,Same Day,West,New York,Office Supplies,Art,330.75,3,0.3,66.46,4.25,,,,No,,1,1
ORD-11162,CUST-0362,2024-09-03,2024-09-05,2024-09-09,2024-09-09,Second Class,Central,New York,Office Supplies,Art,311.12,5,0.0,17.22,50.62,,,,No,,0,0
ORD-11163,CUST-0363,2024-02-24,2024-02-28,2024-03-01,2024-03-01,Second Class,South,Houston,Furniture,Bookcases,697.16,7,0.1,5.25,22.29,,,,No,,0,0
ORD-11164,CUST-0364,2023-07-10,2023-07-13,2023-07-15,2023-07-15,First Class,West,Chicago,Office Supplies,Art,1023.78,4,0.0,234.79,7.66,No Longer Needed,2023-07-22,812.24,Yes,7.0,0,0
ORD-11165,CUST-0365,2024-11-27,2024-11-28,2024-12-02,2024-12-02,Standard Class,Central,Los Angeles,Office Supplies,Art,983.3,4,0.2,245.63,18.1,,,,No,,0,0
ORD-11166,CUST-0366,2024-01-14,2024-01-18,2024-01-22,2024-01-22,First Class,East,New York,Technology,Machines,439.97,1,0.0,44.03,26.5,,,,No,,0,0
ORD-11167,CUST-0367,2024-04-29,2024-05-02,2024-05-06,2024-05-06,Second Class,South,Los Angeles,Technology,Phones,289.35,4,0.1,-39.4,10.09,,,,No,,0,0
ORD-11168,CUST-0368,2023-02-18,2023-02-23,2023-02-27,2023-02-27,Standard Class,East,Los Angeles,Technology,Machines,29.98,7,0.0,-1.76,6.23,,,,No,,0,0
ORD-11169,CUST-0369,2023-12-17,2023-12-21,2023-12-25,2023-12-25,Second Class,Central,New York,Furniture,Tables,229.87,7,0.3,40.64,10.46,,,,No,,0,0
ORD-11170,CUST-0370,2024-04-19,2024-04-24,2024-04-26,2024-04-26,Standard Class,East,Houston,Office Supplies,Art,38.33,6,0.2,12.16,43.41,No Longer Needed,2024-05-09,32.73,Yes,13.0,0,0
ORD-11171,CUST-0371,2023-01-16,2023-01-19,2023-01-23,2023-01-26,Standard Class,East,Los Angeles,Technology,Copiers,1017.26,6,0.0,-82.36,9.67,Defective,2023-02-06,745.3,Yes,11.0,3,1
ORD-11172,CUST-0372,2024-11-04,2024-11-07,2024-11-09,2024-11-09,Same Day,West,Chicago,Office Supplies,Storage,399.63,4,0.1,128.9,59.24,Damaged in Transit,2024-11-16,288.24,Yes,7.0,0,0
ORD-11173,CUST-0373,2023-10-23,2023-10-28,2023-11-01,2023-11-02,Second Class,Central,New York,Technology,Copiers,432.01,1,0.1,147.59,21.07,,,,No,,1,1
ORD-11174,CUST-0374,2024-07-07,2024-07-11,2024-07-14,2024-07-14,First Class,South,Seattle,Office Supplies,Art,911.74,7,0.2,47.82,57.16,,,,No,,0,0
ORD-11175,CUST-0375,2024-01-02,2024-01-09,2024-01-11,2024-01-12,Second Class,South,New York,Office Supplies,Art,598.51,6,0.0,108.0,33.97,,,,No,,1,1
ORD-11176,CUST-0376,2024-10-09,2024-10-16,2024-10-19,2024-10-19,Same Day,South,Seattle,Office Supplies,Storage,973.46,7,0.2,160.99,31.24,,,,No,,0,0
ORD-11177,CUST-0377,2024-11-19,2024-11-21,2024-11-23,2024-11-23,First Class,South,Miami,Office Supplies,Binders,718.32,4,0.0,-13.6,27.08,,,,No,,0,0
ORD-11178,CUST-0378,2023-11-03,2023-11-06,2023-11-08,2023-11-08,Standard Class,East,Miami,Office Supplies,Art,83.73,1,0.3,13.43,58.22,,,,No,,0,0
ORD-11179,CUST-0379,2023-07-21,2023-07-24,2023-07-27,2023-07-27,First Class,South,Los Angeles,Technology,Copiers,423.54,6,0.2,-24.47,30.55,,,,No,,0,0
ORD-11180,CUST-0380,2024-03-15,2024-03-16,2024-03-20,2024-03-20,Second Class,East,Miami,Office Supplies,Paper,479.08,4,0.0,140.45,16.42,,,,No,,0,0
ORD-11181,CUST-0381,2023-10-08,2023-10-13,2023-10-17,2023-10-17,Second Class,East,New York,Furniture,Chairs,215.82,6,0.1,72.44,23.6,,,,No,,0,0
ORD-11182,CUST-0382,2024-03-20,2024-03-21,2024-03-25,2024-03-28,Standard Class,Central,Miami,Technology,Machines,1025.0,2,0.1,264.63,51.41,,,,No,,3,1
ORD-11183,CUST-0383,2023-05-31,2023-06-05,2023-06-09,2023-06-09,Same Day,East,New York,Office Supplies,Art,477.76,2,0.3,146.87,58.46,,,,No,,0,0
ORD-11184,CUST-0384,2024-01-29,2024-01-30,2024-02-03,2024-02-03,Same Day,West,Los Angeles,Office Supplies,Binders,865.0,1,0.3,12.24,52.46,,,,No,,0,0
ORD-11185,CUST-0385,2024-03-07,2024-03-09,2024-03-11,2024-03-12,Standard Class,East,New York,Office Supplies,Art,905.71,7,0.0,272.72,4.89,,,,No,,1,1
ORD-11186,CUST-0386,2024-09-11,2024-09-13,2024-09-17,2024-09-20,First Class,Central,Seattle,Office Supplies,Binders,912.24,1,0.0,35.74,51.82,Not as Described,2024-10-01,756.12,Yes,11.0,3,1
ORD-11187,CUST-0387,2024-10-18,2024-10-19,2024-10-22,2024-10-24,First Class,East,Houston,Technology,Accessories,570.89,5,0.2,28.5,22.93,,,,No,,2,1
ORD-11188,CUST-0388,2023-11-05,2023-11-06,2023-11-09,2023-11-09,First Class,West,Miami,Technology,Phones,711.84,1,0.3,122.84,21.42,,,,No,,0,0
ORD-11189,CUST-0389,2023-11-28,2023-12-03,2023-12-06,2023-12-06,Same Day,West,Chicago,Office Supplies,Paper,909.12,3,0.2,278.28,58.16,,,,No,,0,0
ORD-11190,CUST-0390,2023-10-12,2023-10-15,2023-10-19,2023-10-19,Same Day,Central,New York,Furniture,Chairs,1020.62,7,0.0,269.28,28.17,,,,No,,0,0
ORD-11191,CUST-0391,2024-06-23,2024-06-26,2024-06-29,2024-06-30,Second Class,West,Los Angeles,Technology,Phones,1025.04,4,0.0,-81.65,14.74,,,,No,,1,1
ORD-11192,CUST-0392,2024-03-24,2024-03-31,2024-04-02,2024-04-02,Same Day,Central,Los Angeles,Office Supplies,Binders,715.32,2,0.0,155.18,59.7,,,,No,,0,0
ORD-11193,CUST-0393,2024-04-05,2024-04-07,2024-04-11,2024-04-14,First Class,South,Miami,Office Supplies,Paper,136.36,1,0.2,38.21,2.99,Damaged in Transit,2024-04-15,125.79,Yes,1.0,3,1
ORD-11194,CUST-0394,2024-11-05,2024-11-08,2024-11-11,2024-11-12,Same Day,West,Seattle,Office Supplies,Art,275.28,4,0.3,-38.46,58.66,Defective,2024-11-13,214.94,Yes,1.0,1,1
ORD-11195,CUST-0395,2024-09-14,2024-09-16,2024-09-20,2024-09-20,Same Day,West,Houston,Office Supplies,Paper,626.61,6,0.0,-7.31,40.05,,,,No,,0,0
ORD-11196,CUST-0396,2024-04-11,2024-04-14,2024-04-16,2024-04-16,First Class,West,Los Angeles,Furniture,Bookcases,1038.48,6,0.1,-28.48,45.61,Damaged in Transit,2024-04-25,902.13,Yes,9.0,0,0
ORD-11197,CUST-0397,2024-03-08,2024-03-12,2024-03-14,2024-03-16,Standard Class,West,Los Angeles,Office Supplies,Art,505.59,5,0.0,17.98,42.45,,,,No,,2,1
ORD-11198,CUST-0398,2024-04-24,2024-04-26,2024-04-29,2024-04-29,Second Class,Central,Chicago,Technology,Copiers,649.72,6,0.0,77.47,10.46,,,,No,,0,0
ORD-11199,CUST-0399,2023-12-15,2023-12-20,2023-12-22,2023-12-23,First Class,West,Chicago,Furniture,Furnishings,76.03,7,0.0,18.24,8.78,,,,No,,1,1
ORD-11200,CUST-0000,2024-05-16,2024-05-17,2024-05-20,2024-05-22,Same Day,Central,Seattle,Office Supplies,Paper,917.11,3,0.0,301.67,11.15,,,,No,,2,1
ORD-11201,CUST-0001,2023-07-31,2023-08-01,2023-08-05,2023-08-05,Second Class,South,New York,Technology,Copiers,1193.49,2,0.0,163.31,55.02,,,,No,,0,0
ORD-11202,CUST-0002,2023-10-07,2023-10-12,2023-10-15,2023-10-15,First Class,West,Seattle,Furniture,Bookcases,646.4,2,0.0,222.39,27.43,Damaged in Transit,2023-10-24,506.52,Yes,9.0,0,0
ORD-11203,CUST-0003,2024-03-05,2024-03-06,2024-03-09,2024-03-09,Standard Class,West,Seattle,Office Supplies,Art,1025.23,6,0.0,112.95,55.98,,,,No,,0,0
ORD-11204,CUST-0004,2023-04-23,2023-04-27,2023-05-01,2023-05-01,Second Class,South,Houston,Technology,Copiers,1067.38,2,0.0,315.44,36.43,,,,No,,0,0
ORD-11205,CUST-0005,2024-08-21,2024-08-28,2024-08-31,2024-08-31,Same Day,West,Seattle,Furniture,Furnishings,718.28,1,0.0,205.65,19.48,,,,No,,0,0
ORD-11206,CUST-0006,2024-03-02,2024-03-06,2024-03-10,2024-03-10,First Class,East,Chicago,Office Supplies,Paper,35.61,4,0.3,12.07,31.44,,,,No,,0,0
ORD-11207,CUST-0007,2023-02-15,2023-02-20,2023-02-23,2023-02-25,Same Day,East,Chicago,Office Supplies,Art,1005.43,6,0.0,-17.52,2.98,,,,No,,2,1
ORD-11208,CUST-0008,2024-11-09,2024-11-12,2024-11-14,2024-11-14,Standard Class,East,Houston,Office Supplies,Binders,1132.4,5,0.0,126.64,33.15,,,,No,,0,0
ORD-11209,CUST-0009,2024-03-16,2024-03-20,2024-03-24,2024-03-24,Standard Class,Central,Houston,Office Supplies,Binders,236.22,7,0.0,50.85,58.0,,,,No,,0,0
ORD-11210,CUST-0010,2023-02-19,2023-02-22,2023-02-25,2023-02-25,First Class,South,Houston,Furniture,Tables,1165.31,4,0.1,117.25,15.87,,,,No,,0,0
ORD-11211,CUST-0011,2023-07-25,2023-07-29,2023-07-31,2023-07-31,Standard Class,East,New York,Office Supplies,Paper,991.13,6,0.2,90.3,30.12,,,,No,,0,0
ORD-11212,CUST-0012,2023-11-13,2023-11-16,2023-11-20,2023-11-20,First Class,East,Houston,Office Supplies,Art,530.0,3,0.0,115.84,34.74,,,,No,,0,0
ORD-11213,CUST-0013,2023-06-22,2023-06-24,2023-06-26,2023-06-27,Same Day,West,Los Angeles,Office Supplies,Binders,270.35,3,0.1,56.04,42.78,,,,No,,1,1
ORD-11214,CUST-0014,2024-08-26,2024-08-29,2024-09-01,2024-09-01,Same Day,South,Chicago,Technology,Phones,352.2,6,0.3,-31.13,42.03,,,,No,,0,0
ORD-11215,CUST-0015,2024-06-02,2024-06-04,2024-06-08,2024-06-08,Same Day,Central,Chicago,Furniture,Chairs,311.65,4,0.1,90.96,13.56,,,,No,,0,0
ORD-11216,CUST-0016,2024-04-25,2024-04-26,2024-04-28,2024-04-28,First Class,South,New York,Office Supplies,Binders,1130.59,2,0.0,77.65,6.37,,,,No,,0,0
ORD-11217,CUST-0017,2024-01-31,2024-02-01,2024-02-03,2024-02-05,Standard Class,West,Houston,Furniture,Furnishings,651.8,2,0.3,-95.25,26.54,Not as Described,2024-02-17,532.25,Yes,12.0,2,1
ORD-11218,CUST-0018,2023-05-14,2023-05-18,2023-05-21,2023-05-21,First Class,West,Houston,Office Supplies,Paper,53.7,4,0.2,17.26,18.87,,,,No,,0,0
ORD-11219,CUST-0019,2023-03-24,2023-03-28,2023-03-30,2023-03-30,Second Class,South,Los Angeles,Office Supplies,Paper,1090.14,5,0.2,-18.71,56.28,,,,No,,0,0
ORD-11220,CUST-0020,2023-03-30,2023-04-02,2023-04-05,2023-04-05,First Class,Central,New York,Technology,Machines,1133.05,6,0.2,305.29,23.28,,,,No,,0,0
ORD-11221,CUST-0021,2024-11-02,2024-11-06,2024-11-08,2024-11-08,Same Day,East,Miami,Office Supplies,Paper,511.22,4,0.2,-66.86,27.16,,,,No,,0,0
ORD-11222,CUST-0022,2024-05-15,2024-05-20,2024-05-24,2024-05-25,First Class,Central,Seattle,Office Supplies,Paper,611.3,7,0.1,-59.97,24.32,,,,No,,1,1
ORD-11223,CUST-0023,2024-04-15,2024-04-20,2024-04-22,2024-04-24,Second Class,East,Miami,Technology,Copiers,207.97,2,0.2,26.91,33.59,Defective,2024-05-05,202.13,Yes,11.0,2,1
ORD-11224,CUST-0024,2023-07-01,2023-07-03,2023-07-07,2023-07-07,First Class,South,Houston,Office Supplies,Storage,551.48,3,0.3,162.3,34.51,,,,No,,0,0
ORD-11225,CUST-0025,2023-06-16,2023-06-18,2023-06-21,2023-06-24,Standard Class,South,Houston,Office Supplies,Paper,75.72,6,0.0,-1.85,30.98,,,,No,,3,1
ORD-11226,CUST-0026,2023-11-06,2023-11-10,2023-11-14,2023-11-14,Same Day,South,New York,Office Supplies,Binders,255.74,1,0.1,-16.44,59.09,,,,No,,0,0
ORD-11227,CUST-0027,2024-05-12,2024-05-17,2024-05-19,2024-05-19,Standard Class,Central,Chicago,Office Supplies,Storage,454.58,7,0.0,141.98,8.01,,,,No,,0,0
ORD-11228,CUST-0028,2024-04-03,2024-04-06,2024-04-10,2024-04-12,Same Day,Central,New York,Office Supplies,Storage,63.9,4,0.0,9.88,48.82,,,,No,,2,1
ORD-11229,CUST-0029,2024-09-06,2024-09-13,2024-09-17,2024-09-17,First Class,Central,Miami,Furniture,Chairs,238.53,3,0.3,-27.92,29.17,,,,No,,0,0
ORD-11230,CUST-0030,2024-09-01,2024-09-05,2024-09-07,2024-09-07,Second Class,Central,Seattle,Technology,Copiers,896.48,3,0.1,253.54,10.75,Damaged in Transit,2024-09-17,857.71,Yes,10.0,0,0
ORD-11231,CUST-0031,2023-06-17,2023-06-18,2023-06-21,2023-06-22,Second Class,Central,Chicago,Office Supplies,Binders,181.74,1,0.2,18.45,6.48,,,,No,,1,1
ORD-11232,CUST-0032,2024-01-02,2024-01-03,2024-01-06,2024-01-06,First Class,West,Chicago,Office Supplies,Storage,693.11,4,0.2,-30.67,34.17,Damaged in Transit,2024-01-09,592.47,Yes,3.0,0,0
ORD-11233,CUST-0033,2023-06-08,2023-06-11,2023-06-14,2023-06-14,First Class,East,New York,Office Supplies,Art,597.15,4,0.3,110.32,3.55,,,,No,,0,0
ORD-11234,CUST-0034,2023-04-25,2023-04-30,2023-05-03,2023-05-05,Second Class,West,Miami,Furniture,Furnishings,577.46,1,0.1,134.38,45.17,,,,No,,2,1
ORD-11235,CUST-0035,2024-10-07,2024-10-10,2024-10-12,2024-10-14,Standard Class,South,Chicago,Furniture,Tables,223.95,2,0.1,23.91,37.35,Wrong Size,2024-10-25,172.76,Yes,11.0,2,1
ORD-11236,CUST-0036,2024-10-27,2024-10-29,2024-10-31,2024-10-31,Same Day,Central,Chicago,Office Supplies,Art,1078.74,2,0.1,253.9,8.4,Damaged in Transit,2024-11-11,817.64,Yes,11.0,0,0
ORD-11237,CUST-0037,2024-10-15,2024-10-19,2024-10-21,2024-10-24,Standard Class,West,New York,Technology,Phones,111.47,1,0.3,-14.76,5.46,,,,No,,3,1
ORD-11238,CUST-0038,2024-08-18,2024-08-25,2024-08-28,2024-08-28,Second Class,East,Chicago,Office Supplies,Paper,308.25,1,0.3,102.94,41.52,,,,No,,0,0
ORD-11239,CUST-0039,2023-03-30,2023-04-02,2023-04-06,2023-04-06,Same Day,Central,Chicago,Furniture,Tables,473.54,3,0.0,165.32,29.98,,,,No,,0,0
ORD-11240,CUST-0040,2024-05-15,2024-05-17,2024-05-19,2024-05-19,Same Day,Central,Seattle,Furniture,Furnishings,211.97,4,0.1,23.46,18.08,,,,No,,0,0
ORD-11241,CUST-0041,2024-06-22,2024-06-26,2024-06-30,2024-07-03,Standard Class,South,Miami,Furniture,Tables,397.31,7,0.3,96.35,53.71,,,,No,,3,1
ORD-11242,CUST-0042,2023-03-04,2023-03-05,2023-03-08,2023-03-08,Same Day,East,Los Angeles,Furniture,Bookcases,201.45,1,0.0,70.01,12.31,,,,No,,0,0
ORD-11243,CUST-0043,2024-01-10,2024-01-15,2024-01-17,2024-01-17,Standard Class,Central,New York,Technology,Copiers,1034.93,7,0.2,-18.49,50.42,,,,No,,0,0
ORD-11244,CUST-0044,2024-11-02,2024-11-03,2024-11-06,2024-11-06,First Class,West,Seattle,Technology,Machines,516.32,3,0.3,22.98,59.9,,,,No,,0,0
ORD-11245,CUST-0045,2024-02-09,2024-02-12,2024-02-14,2024-02-16,First Class,South,Los Angeles,Office Supplies,Paper,576.25,7,0.3,146.37,17.13,,,,No,,2,1
ORD-11246,CUST-0046,2023-12-28,2023-12-30,2024-01-01,2024-01-01,Second Class,South,Houston,Technology,Accessories,942.84,3,0.0,235.78,39.22,,,,No,,0,0
ORD-11247,CUST-0047,2024-08-09,2024-08-16,2024-08-18,2024-08-18,First Class,West,Chicago,Furniture,Tables,889.95,6,0.1,48.67,24.96,,,,No,,0,0
ORD-11248,CUST-0048,2023-09-20,2023-09-23,2023-09-26,2023-09-26,Standard Class,West,New York,Office Supplies,Paper,364.76,2,0.3,113.13,28.05,,,,No,,0,0
ORD-11249,CUST-0049,2023-10-09,2023-10-12,2023-10-14,2023-10-17,Same Day,West,Seattle,Office Supplies,Paper,480.12,1,0.1,131.25,16.01,,,,No,,3,1
ORD-11250,CUST-0050,2024-03-13,2024-03-15,2024-03-17,2024-03-17,Same Day,West,Chicago,Office Supplies,Binders,467.5,1,0.2,-52.34,37.01,,,,No,,0,0
ORD-11251,CUST-0051,2023-08-24,2023-08-27,2023-08-31,2023-08-31,Same Day,Central,New York,Furniture,Chairs,357.44,4,0.1,-48.33,24.09,,,,No,,0,0
ORD-11252,CUST-0052,2024-06-06,2024-06-07,2024-06-11,2024-06-13,Standard Class,East,New York,Technology,Copiers,778.48,1,0.2,263.22,30.31,Not as Described,2024-06-21,767.76,Yes,8.0,2,1
ORD-11253,CUST-0053,2024-10-01,2024-10-04,2024-10-07,2024-10-08,Same Day,Central,Chicago,Furniture,Chairs,526.75,5,0.2,10.06,21.55,Wrong Size,2024-10-17,400.76,Yes,9.0,1,1
ORD-11254,CUST-0054,2024-05-18,2024-05-23,2024-05-27,2024-05-27,Same Day,West,Miami,Technology,Machines,752.3,1,0.0,70.96,39.36,,,,No,,0,0
ORD-11255,CUST-0055,2024-01-08,2024-01-10,2024-01-14,2024-01-14,Standard Class,West,Miami,Office Supplies,Art,581.56,4,0.0,79.08,59.25,,,,No,,0,0
ORD-11256,CUST-0056,2023-05-31,2023-06-04,2023-06-06,2023-06-06,Same Day,South,Los Angeles,Technology,Accessories,592.72,7,0.0,28.9,26.56,,,,No,,0,0
ORD-11257,CUST-0057,2024-09-14,2024-09-16,2024-09-18,2024-09-18,Standard Class,East,Seattle,Office Supplies,Paper,791.84,3,0.3,-19.11,29.06,,,,No,,0,0
ORD-11258,CUST-0058,2023-07-23,2023-07-28,2023-08-01,2023-08-01,First Class,West,Chicago,Office Supplies,Paper,965.63,5,0.1,185.62,38.12,,,,No,,0,0
ORD-11259,CUST-0059,2024-04-01,2024-04-03,2024-04-06,2024-04-06,Same Day,Central,Los Angeles,Office Supplies,Art,645.52,6,0.0,-80.72,34.24,Defective,2024-04-07,608.37,Yes,1.0,0,0
ORD-11260,CUST-0060,2023-04-17,2023-04-20,2023-04-22,2023-04-22,Same Day,South,Houston,Office Supplies,Paper,828.41,2,0.3,-86.22,37.91,,,,No,,0,0
ORD-11261,CUST-0061,2024-08-28,2024-08-30,2024-09-01,2024-09-01,Same Day,East,Miami,Technology,Phones,873.78,1,0.0,28.57,33.48,,,,No,,0,0
ORD-11262,CUST-0062,2024-08-26,2024-08-28,2024-08-31,2024-08-31,Same Day,West,New York,Office Supplies,Binders,401.03,3,0.3,130.2,2.65,,,,No,,0,0
ORD-11263,CUST-0063,2024-02-06,2024-02-08,2024-02-12,2024-02-12,Same Day,Central,New York,Technology,Phones,285.33,5,0.2,57.47,46.58,,,,No,,0,0
ORD-11264,CUST-0064,2024-08-02,2024-08-05,2024-08-09,2024-08-09,Second Class,East,Chicago,Office Supplies,Art,1006.19,4,0.3,239.5,37.59,No Longer Needed,2024-08-21,815.71,Yes,12.0,0,0
ORD-11265,CUST-0065,2024-09-09,2024-09-11,2024-09-15,2024-09-15,Same Day,South,Chicago,Office Supplies,Art,265.72,1,0.0,-14.51,2.42,,,,No,,0,0
ORD-11266,CUST-0066,2023-08-29,2023-09-02,2023-09-04,2023-09-04,Standard Class,East,New York,Office Supplies,Art,497.81,7,0.3,126.88,25.64,Not as Described,2023-09-07,495.67,Yes,3.0,0,0
ORD-11267,CUST-0067,2023-06-14,2023-06-15,2023-06-19,2023-06-21,Same Day,East,New York,Office Supplies,Binders,782.54,4,0.0,101.13,47.63,,,,No,,2,1
ORD-11268,CUST-0068,2024-03-23,2024-03-24,2024-03-26,2024-03-26,Standard Class,West,Miami,Furniture,Chairs,980.37,5,0.0,338.92,49.35,,,,No,,0,0
ORD-11269,CUST-0069,2024-01-10,2024-01-11,2024-01-14,2024-01-14,Same Day,West,Houston,Office Supplies,Paper,1027.22,7,0.2,251.04,28.47,,,,No,,0,0
ORD-11270,CUST-0070,2024-01-18,2024-01-25,2024-01-28,2024-01-28,First Class,West,Chicago,Office Supplies,Paper,72.51,4,0.1,2.59,56.78,,,,No,,0,0
ORD-11271,CUST-0071,2023-12-10,2023-12-12,2023-12-16,2023-12-18,Standard Class,South,Miami,Office Supplies,Art,968.61,5,0.0,289.01,55.36,,,,No,,2,1
ORD-11272,CUST-0072,2023-12-13,2023-12-15,2023-12-17,2023-12-17,Same Day,East,Los Angeles,Office Supplies,Art,233.08,7,0.1,51.06,44.6,Defective,2023-12-30,188.9,Yes,13.0,0,0
ORD-11273,CUST-0073,2023-05-18,2023-05-20,2023-05-22,2023-05-22,Standard Class,East,Miami,Office Supplies,Art,956.63,3,0.0,307.2,25.1,,,,No,,0,0
ORD-11274,CUST-0074,2024-11-19,2024-11-22,2024-11-25,2024-11-25,First Class,South,Los Angeles,Furniture,Bookcases,736.43,2,0.1,29.6,2.21,,,,No,,0,0
ORD-11275,CUST-0075,2023-04-01,2023-04-06,2023-04-10,2023-04-10,Standard Class,Central,Houston,Office Supplies,Paper,148.24,5,0.0,-6.67,47.47,,,,No,,0,0
ORD-11276,CUST-0076,2024-01-30,2024-02-03,2024-02-06,2024-02-06,Second Class,South,Houston,Technology,Accessories,381.01,3,0.1,76.7,60.0,,,,No,,0,0
ORD-11277,CUST-0077,2024-10-10,2024-10-13,2024-10-17,2024-10-17,Second Class,East,Los Angeles,Office Supplies,Storage,414.21,3,0.2,41.08,23.29,,,,No,,0,0
ORD-11278,CUST-0078,2024-04-19,2024-04-22,2024-04-25,2024-04-25,First Class,Central,New York,Office Supplies,Storage,560.7,4,0.0,-26.77,26.11,,,,No,,0,0
ORD-11279,CUST-0079,2024-07-28,2024-07-30,2024-08-01,2024-08-01,Same Day,East,New York,Office Supplies,Art,1006.96,3,0.0,-49.62,4.44,,,,No,,0,0
ORD-11280,CUST-0080,2023-09-21,2023-09-23,2023-09-27,2023-09-27,Same Day,Central,New York,Technology,Phones,838.44,4,0.0,135.11,28.81,,,,No,,0,0
ORD-11281,CUST-0081,2023-05-19,2023-05-24,2023-05-26,2023-05-26,First Class,Central,Miami,Technology,Copiers,710.17,2,0.0,7.34,49.56,Wrong Size,2023-06-01,572.01,Yes,6.0,0,0
ORD-11282,CUST-0082,2024-11-21,2024-11-24,2024-11-26,2024-11-28,Second Class,Central,Los Angeles,Furniture,Chairs,743.33,6,0.0,180.02,17.62,,,,No,,2,1
ORD-11283,CUST-0083,2024-02-28,2024-02-29,2024-03-03,2024-03-03,Standard Class,West,Los Angeles,Office Supplies,Storage,841.56,1,0.0,-114.23,14.24,,,,No,,0,0
ORD-11284,CUST-0084,2023-03-18,2023-03-21,2023-03-23,2023-03-23,First Class,West,Miami,Furniture,Furnishings,1027.98,4,0.3,181.56,11.95,,,,No,,0,0
ORD-11285,CUST-0085,2023-02-19,2023-02-23,2023-02-25,2023-02-25,Second Class,West,Los Angeles,Technology,Machines,583.0,1,0.1,27.18,14.6,,,,No,,0,0
ORD-11286,CUST-0086,2023-11-29,2023-12-02,2023-12-04,2023-12-04,First Class,East,Los Angeles,Technology,Machines,1139.78,7,0.0,136.77,42.88,,,,No,,0,0
ORD-11287,CUST-0087,2024-03-24,2024-03-25,2024-03-28,2024-03-28,Same Day,South,Los Angeles,Furniture,Furnishings,993.64,1,0.1,329.26,10.88,,,,No,,0,0
ORD-11288,CUST-0088,2023-03-23,2023-03-24,2023-03-27,2023-03-27,Second Class,Central,Chicago,Technology,Phones,90.84,6,0.1,16.21,45.19,,,,No,,0,0
ORD-11289,CUST-0089,2023-03-09,2023-03-11,2023-03-15,2023-03-17,Standard Class,Central,Houston,Office Supplies,Storage,1101.44,7,0.3,-110.72,41.59,,,,No,,2,1
ORD-11290,CUST-0090,2023-08-16,2023-08-20,2023-08-23,2023-08-23,First Class,West,Miami,Technology,Accessories,558.38,4,0.0,142.67,11.12,,,,No,,0,0
ORD-11291,CUST-0091,2023-04-03,2023-04-04,2023-04-06,2023-04-06,Same Day,South,Seattle,Technology,Accessories,550.19,2,0.2,181.68,12.11,,,,No,,0,0
ORD-11292,CUST-0092,2023-02-07,2023-02-10,2023-02-12,2023-02-12,Second Class,South,Miami,Technology,Accessories,1123.38,3,0.0,-60.5,5.97,,,,No,,0,0
ORD-11293,CUST-0093,2023-04-03,2023-04-08,2023-04-11,2023-04-11,Standard Class,Central,Los Angeles,Technology,Accessories,101.46,5,0.2,-0.05,28.24,No Longer Needed,2023-04-15,90.43,Yes,4.0,0,0
ORD-11294,CUST-0094,2023-09-01,2023-09-04,2023-09-08,2023-09-10,Second Class,East,New York,Office Supplies,Binders,563.16,4,0.3,-71.67,36.17,,,,No,,2,1
ORD-11295,CUST-0095,2024-01-07,2024-01-10,2024-01-12,2024-01-12,Second Class,Central,New York,Furniture,Furnishings,489.82,2,0.1,-45.24,19.4,,,,No,,0,0
ORD-11296,CUST-0096,2023-03-01,2023-03-08,2023-03-11,2023-03-12,Second Class,West,Miami,Furniture,Furnishings,106.09,4,0.0,33.17,52.72,,,,No,,1,1
ORD-11297,CUST-0097,2023-11-17,2023-11-19,2023-11-22,2023-11-22,Same Day,East,Los Angeles,Technology,Copiers,823.73,1,0.3,-31.56,3.93,,,,No,,0,0
ORD-11298,CUST-0098,2023-07-19,2023-07-21,2023-07-23,2023-07-23,Standard Class,East,Chicago,Office Supplies,Paper,208.7,5,0.1,20.9,51.56,,,,No,,0,0
ORD-11299,CUST-0099,2024-04-21,2024-04-26,2024-04-28,2024-04-28,Second Class,Central,New York,Technology,Accessories,328.94,2,0.2,-17.13,9.58,,,,No,,0,0
ORD-11300,CUST-0100,2023-06-20,2023-06-27,2023-07-01,2023-07-02,Same Day,East,Miami,Technology,Phones,707.62,4,0.1,-96.64,27.77,Defective,2023-07-10,699.45,Yes,8.0,1,1
ORD-11301,CUST-0101,2024-09-14,2024-09-21,2024-09-24,2024-09-24,Same Day,South,Chicago,Office Supplies,Binders,198.17,2,0.1,2.91,23.35,Not as Described,2024-10-03,196.76,Yes,9.0,0,0
ORD-11302,CUST-0102,2023-04-11,2023-04-12,2023-04-14,2023-04-14,First Class,West,Miami,Office Supplies,Art,685.7,2,0.1,151.62,41.91,,,,No,,0,0
ORD-11303,CUST-0103,2023-07-01,2023-07-04,2023-07-07,2023-07-07,Standard Class,Central,Chicago,Technology,Phones,929.81,7,0.3,-85.63,21.41,,,,No,,0,0
ORD-11304,CUST-0104,2023-02-28,2023-03-02,2023-03-05,2023-03-08,First Class,East,Houston,Technology,Phones,952.74,2,0.0,-16.53,40.72,,,,No,,3,1
ORD-11305,CUST-0105,2023-08-06,2023-08-09,2023-08-12,2023-08-14,Second Class,West,New York,Furniture,Furnishings,55.73,4,0.0,15.48,29.09,,,,No,,2,1
ORD-11306,CUST-0106,2024-04-05,2024-04-10,2024-04-12,2024-04-15,First Class,East,Chicago,Technology,Copiers,407.7,7,0.3,90.55,32.85,,,,No,,3,1
ORD-11307,CUST-0107,2024-07-29,2024-08-05,2024-08-08,2024-08-08,Second Class,West,Seattle,Office Supplies,Storage,1070.02,7,0.1,355.92,57.68,,,,No,,0,0
ORD-11308,CUST-0108,2024-11-13,2024-11-15,2024-11-18,2024-11-18,Second Class,East,New York,Technology,Accessories,465.25,1,0.1,8.17,24.7,,,,No,,0,0
ORD-11309,CUST-0109,2024-11-22,2024-11-26,2024-11-28,2024-11-28,First Class,Central,Seattle,Technology,Accessories,840.21,2,0.0,148.26,40.26,,,,No,,0,0
ORD-11310,CUST-0110,2023-06-23,2023-06-30,2023-07-04,2023-07-04,Standard Class,East,Houston,Technology,Copiers,664.42,4,0.0,94.5,24.65,Wrong Size,2023-07-11,606.06,Yes,7.0,0,0
ORD-11311,CUST-0111,2024-08-27,2024-08-29,2024-09-02,2024-09-04,Standard Class,East,Los Angeles,Furniture,Furnishings,878.58,2,0.0,99.12,38.23,,,,No,,2,1
ORD-11312,CUST-0112,2023-01-17,2023-01-19,2023-01-23,2023-01-23,First Class,West,Miami,Furniture,Chairs,460.66,2,0.0,-4.25,5.1,,,,No,,0,0
ORD-11313,CUST-0113,2023-06-29,2023-07-02,2023-07-06,2023-07-06,Standard Class,Central,Seattle,Office Supplies,Paper,750.54,3,0.2,19.29,34.05,,,,No,,0,0
ORD-11314,CUST-0114,2023-02-18,2023-02-21,2023-02-24,2023-02-24,Same Day,South,Chicago,Technology,Phones,911.78,5,0.3,123.99,52.52,,,,No,,0,0
ORD-11315,CUST-0115,2024-07-26,2024-07-31,2024-08-03,2024-08-03,Standard Class,Central,Miami,Technology,Machines,535.28,3,0.1,-39.54,32.62,,,,No,,0,0
ORD-11316,CUST-0116,2024-01-15,2024-01-16,2024-01-18,2024-01-18,Same Day,South,Houston,Office Supplies,Paper,961.43,3,0.1,-68.0,25.08,,,,No,,0,0
ORD-11317,CUST-0117,2024-07-31,2024-08-05,2024-08-07,2024-08-07,First Class,South,Houston,Office Supplies,Art,1156.2,1,0.0,-165.29,54.55,,,,No,,0,0
ORD-11318,CUST-0118,2024-01-11,2024-01-15,2024-01-18,2024-01-18,First Class,Central,Chicago,Technology,Machines,359.34,5,0.3,27.22,8.47,,,,No,,0,0
ORD-11319,CUST-0119,2024-10-23,2024-10-24,2024-10-26,2024-10-26,Second Class,West,New York,Office Supplies,Storage,1158.03,6,0.0,280.99,42.43,,,,No,,0,0
ORD-11320,CUST-0120,2023-04-20,2023-04-22,2023-04-24,2023-04-24,Same Day,Central,Houston,Office Supplies,Storage,481.29,5,0.3,-11.38,13.48,,,,No,,0,0
ORD-11321,CUST-0121,2023-09-29,2023-10-02,2023-10-04,2023-10-04,Standard Class,South,Miami,Office Supplies,Paper,535.95,5,0.3,94.69,51.38,,,,No,,0,0
ORD-11322,CUST-0122,2024-05-11,2024-05-16,2024-05-19,2024-05-19,Same Day,West,New York,Furniture,Bookcases,1092.84,4,0.2,-86.97,41.66,,,,No,,0,0
ORD-11323,CUST-0123,2024-03-27,2024-03-30,2024-04-01,2024-04-01,First Class,Central,Seattle,Technology,Copiers,1192.96,3,0.0,244.62,5.26,,,,No,,0,0
ORD-11324,CUST-0124,2024-09-01,2024-09-03,2024-09-06,2024-09-06,Standard Class,West,Los Angeles,Furniture,Furnishings,1124.69,3,0.1,218.91,21.61,,,,No,,0,0
ORD-11325,CUST-0125,2023-10-27,2023-10-29,2023-11-02,2023-11-02,Same Day,South,Miami,Furniture,Tables,1177.0,7,0.3,329.57,22.86,,,,No,,0,0
ORD-11326,CUST-0126,2023-08-28,2023-09-04,2023-09-07,2023-09-09,Same Day,South,Miami,Furniture,Tables,950.18,6,0.2,199.3,18.26,,,,No,,2,1
ORD-11327,CUST-0127,2024-10-14,2024-10-17,2024-10-19,2024-10-22,Standard Class,Central,Seattle,Technology,Phones,373.79,5,0.3,45.34,27.53,,,,No,,3,1
ORD-11328,CUST-0128,2023-08-11,2023-08-14,2023-08-18,2023-08-18,First Class,East,Houston,Furniture,Chairs,443.35,4,0.0,5.46,20.5,,,,No,,0,0
ORD-11329,CUST-0129,2024-04-05,2024-04-08,2024-04-11,2024-04-12,First Class,East,Miami,Technology,Phones,90.49,5,0.0,23.77,22.09,,,,No,,1,1
ORD-11330,CUST-0130,2024-06-03,2024-06-04,2024-06-06,2024-06-06,Same Day,East,Miami,Furniture,Chairs,745.26,7,0.2,154.78,42.36,,,,No,,0,0
ORD-11331,CUST-0131,2024-11-25,2024-11-28,2024-12-02,2024-12-02,First Class,South,Los Angeles,Office Supplies,Paper,887.15,4,0.2,-18.36,20.89,,,,No,,0,0
ORD-11332,CUST-0132,2024-04-16,2024-04-18,2024-04-21,2024-04-21,Second Class,East,New York,Office Supplies,Storage,207.69,5,0.1,-8.03,8.55,,,,No,,0,0
ORD-11333,CUST-0133,2024-03-16,2024-03-23,2024-03-26,2024-03-26,Same Day,West,New York,Office Supplies,Paper,610.22,5,0.0,130.9,16.06,,,,No,,0,0
ORD-11334,CUST-0134,2023-05-15,2023-05-17,2023-05-20,2023-05-20,Standard Class,South,Houston,Technology,Machines,22.69,6,0.3,7.23,12.84,,,,No,,0,0
ORD-11335,CUST-0135,2023-03-13,2023-03-16,2023-03-19,2023-03-19,Second Class,East,Chicago,Office Supplies,Art,213.02,3,0.0,34.2,25.56,,,,No,,0,0
ORD-11336,CUST-0136,2024-06-08,2024-06-10,2024-06-13,2024-06-13,Second Class,Central,Chicago,Furniture,Tables,615.32,3,0.0,41.22,20.04,,,,No,,0,0
ORD-11337,CUST-0137,2023-09-02,2023-09-07,2023-09-11,2023-09-12,Second Class,Central,Houston,Furniture,Chairs,458.96,6,0.1,20.72,39.96,,,,No,,1,1
ORD-11338,CUST-0138,2023-01-03,2023-01-05,2023-01-09,2023-01-09,First Class,West,Chicago,Office Supplies,Paper,467.94,7,0.0,108.45,55.08,,,,No,,0,0
ORD-11339,CUST-0139,2024-02-24,2024-02-27,2024-03-02,2024-03-02,First Class,West,Seattle,Technology,Copiers,63.32,4,0.1,1.43,3.02,,,,No,,0,0
ORD-11340,CUST-0140,2023-11-29,2023-12-01,2023-12-04,2023-12-07,First Class,Central,Los Angeles,Office Supplies,Art,68.92,2,0.2,-10.0,21.61,Not as Described,2023-12-18,63.85,Yes,11.0,3,1
ORD-11341,CUST-0141,2023-06-17,2023-06-19,2023-06-21,2023-06-23,First Class,Central,Houston,Office Supplies,Binders,362.93,2,0.1,13.29,31.34,,,,No,,2,1
ORD-11342,CUST-0142,2024-05-24,2024-05-26,2024-05-30,2024-06-01,First Class,East,Houston,Office Supplies,Art,861.95,7,0.2,165.18,17.63,,,,No,,2,1
ORD-11343,CUST-0143,2023-10-12,2023-10-16,2023-10-19,2023-10-20,Standard Class,South,Houston,Office Supplies,Art,647.69,2,0.0,137.8,55.67,,,,No,,1,1
ORD-11344,CUST-0144,2023-12-16,2023-12-21,2023-12-23,2023-12-23,First Class,Central,Houston,Technology,Copiers,545.29,4,0.2,12.57,49.56,,,,No,,0,0
ORD-11345,CUST-0145,2024-05-17,2024-05-19,2024-05-21,2024-05-21,Same Day,West,Los Angeles,Technology,Copiers,161.06,3,0.2,38.87,36.11,,,,No,,0,0
ORD-11346,CUST-0146,2024-09-04,2024-09-07,2024-09-11,2024-09-11,First Class,East,Miami,Office Supplies,Art,489.39,7,0.0,19.08,49.31,,,,No,,0,0
ORD-11347,CUST-0147,2024-09-16,2024-09-19,2024-09-22,2024-09-22,First Class,South,Houston,Technology,Machines,371.67,4,0.0,14.82,44.79,,,,No,,0,0
ORD-11348,CUST-0148,2023-07-31,2023-08-01,2023-08-05,2023-08-08,First Class,South,Chicago,Office Supplies,Binders,130.01,5,0.2,2.48,9.11,Not as Described,2023-08-09,112.98,Yes,1.0,3,1
ORD-11349,CUST-0149,2023-11-26,2023-12-01,2023-12-03,2023-12-03,Second Class,South,Houston,Office Supplies,Art,660.61,3,0.0,89.96,6.04,,,,No,,0,0
ORD-11350,CUST-0150,2024-03-13,2024-03-16,2024-03-20,2024-03-20,First Class,South,Houston,Office Supplies,Paper,1110.65,6,0.0,-104.65,12.31,,,,No,,0,0
ORD-11351,CUST-0151,2024-01-24,2024-01-27,2024-01-30,2024-02-01,Second Class,West,Houston,Technology,Accessories,903.93,5,0.0,7.38,11.34,,,,No,,2,1
ORD-11352,CUST-0152,2024-11-12,2024-11-15,2024-11-19,2024-11-20,Standard Class,Central,Seattle,Furniture,Bookcases,301.98,6,0.2,53.07,31.97,,,,No,,1,1
ORD-11353,CUST-0153,2023-08-16,2023-08-19,2023-08-23,2023-08-23,Same Day,West,Chicago,Furniture,Chairs,1102.19,7,0.1,-124.21,25.37,Wrong Size,2023-08-25,1021.44,Yes,2.0,0,0
ORD-11354,CUST-0154,2023-01-01,2023-01-05,2023-01-08,2023-01-08,Standard Class,West,Chicago,Technology,Accessories,889.51,3,0.1,42.51,59.82,,,,No,,0,0
ORD-11355,CUST-0155,2024-06-05,2024-06-06,2024-06-09,2024-06-09,Second Class,South,Los Angeles,Technology,Machines,72.06,3,0.0,-2.77,37.1,Damaged in Transit,2024-06-10,69.03,Yes,1.0,0,0
ORD-11356,CUST-0156,2023-07-09,2023-07-10,2023-07-12,2023-07-12,First Class,East,New York,Technology,Copiers,788.96,1,0.2,138.9,5.06,,,,No,,0,0
ORD-11357,CUST-0157,2023-07-23,2023-07-24,2023-07-28,2023-07-28,Second Class,Central,Miami,Office Supplies,Storage,506.83,2,0.1,83.86,14.25,,,,No,,0,0
ORD-11358,CUST-0158,2023-11-24,2023-11-27,2023-12-01,2023-12-01,First Class,Central,Houston,Office Supplies,Binders,692.59,2,0.1,225.24,35.71,,,,No,,0,0
ORD-11359,CUST-0159,2023-09-02,2023-09-05,2023-09-07,2023-09-07,Standard Class,Central,Houston,Technology,Copiers,362.37,4,0.0,-12.99,22.95,Not as Described,2023-09-16,306.5,Yes,9.0,0,0
ORD-11360,CUST-0160,2023-12-27,2024-01-01,2024-01-04,2024-01-05,Standard Class,West,Houston,Technology,Machines,783.38,7,0.2,213.6,30.61,,,,No,,1,1
ORD-11361,CUST-0161,2023-05-31,2023-06-02,2023-06-04,2023-06-04,Same Day,Central,New York,Furniture,Bookcases,690.01,3,0.3,197.12,31.66,,,,No,,0,0
ORD-11362,CUST-0162,2023-12-29,2023-12-30,2024-01-03,2024-01-03,Same Day,South,Los Angeles,Technology,Accessories,902.24,2,0.1,42.66,47.93,,,,No,,0,0
ORD-11363,CUST-0163,2023-08-06,2023-08-13,2023-08-17,2023-08-17,Same Day,South,Chicago,Technology,Machines,747.51,2,0.0,-48.16,50.12,,,,No,,0,0
ORD-11364,CUST-0164,2023-03-01,2023-03-03,2023-03-05,2023-03-05,First Class,South,Los Angeles,Office Supplies,Storage,452.69,1,0.0,62.68,9.31,,,,No,,0,0
ORD-11365,CUST-0165,2024-04-09,2024-04-13,2024-04-16,2024-04-18,Standard Class,West,Miami,Office Supplies,Binders,1024.09,4,0.2,-77.45,35.45,,,,No,,2,1
ORD-11366,CUST-0166,2023-09-19,2023-09-22,2023-09-25,2023-09-25,First Class,East,Los Angeles,Office Supplies,Art,783.82,6,0.1,245.65,28.41,,,,No,,0,0
ORD-11367,CUST-0167,2023-08-08,2023-08-10,2023-08-14,2023-08-14,Same Day,East,Houston,Technology,Phones,980.09,6,0.0,244.78,31.32,,,,No,,0,0
ORD-11368,CUST-0168,2023-06-28,2023-07-01,2023-07-05,2023-07-05,Same Day,Central,Miami,Furniture,Chairs,661.39,7,0.0,42.73,59.71,,,,No,,0,0
ORD-11369,CUST-0169,2023-06-02,2023-06-05,2023-06-08,2023-06-08,Standard Class,Central,Seattle,Technology,Phones,970.6,6,0.1,35.31,45.21,,,,No,,0,0
ORD-11370,CUST-0170,2024-11-11,2024-11-13,2024-11-17,2024-11-17,Standard Class,West,Chicago,Furniture,Furnishings,798.42,5,0.0,21.52,45.75,,,,No,,0,0
ORD-11371,CUST-0171,2024-06-15,2024-06-18,2024-06-21,2024-06-21,Same Day,East,Los Angeles,Technology,Phones,874.59,2,0.1,152.23,54.68,,,,No,,0,0
ORD-11372,CUST-0172,2023-09-12,2023-09-16,2023-09-19,2023-09-19,Same Day,South,Seattle,Office Supplies,Paper,727.82,5,0.0,90.5,51.74,,,,No,,0,0
ORD-11373,CUST-0173,2023-11-11,2023-11-12,2023-11-15,2023-11-15,Same Day,South,Miami,Furniture,Bookcases,105.97,2,0.0,10.95,35.91,Wrong Size,2023-11-19,93.89,Yes,4.0,0,0
ORD-11374,CUST-0174,2024-09-09,2024-09-16,2024-09-18,2024-09-18,Standard Class,Central,New York,Office Supplies,Paper,822.91,5,0.0,249.28,23.63,,,,No,,0,0
ORD-11375,CUST-0175,2024-01-07,2024-01-10,2024-01-14,2024-01-15,Same Day,West,Houston,Office Supplies,Binders,949.62,6,0.0,100.18,6.59,,,,No,,1,1
ORD-11376,CUST-0176,2023-02-17,2023-02-24,2023-02-28,2023-02-28,Standard Class,West,Los Angeles,Office Supplies,Storage,1047.37,1,0.0,154.85,7.43,,,,No,,0,0
ORD-11377,CUST-0177,2024-09-26,2024-10-01,2024-10-03,2024-10-03,Same Day,South,New York,Office Supplies,Paper,819.17,6,0.0,31.11,54.03,Not as Described,2024-10-13,705.47,Yes,10.0,0,0
ORD-11378,CUST-0178,2024-08-05,2024-08-08,2024-08-12,2024-08-12,Same Day,Central,New York,Furniture,Bookcases,427.62,6,0.0,2.59,17.58,,,,No,,0,0
ORD-11379,CUST-0179,2023-12-23,2023-12-27,2023-12-31,2023-12-31,Standard Class,West,New York,Office Supplies,Storage,333.31,4,0.1,43.48,56.3,,,,No,,0,0
ORD-11380,CUST-0180,2023-06-27,2023-06-30,2023-07-04,2023-07-05,Same Day,West,Seattle,Office Supplies,Binders,654.21,5,0.2,220.05,34.49,,,,No,,1,1
ORD-11381,CUST-0181,2024-07-11,2024-07-16,2024-07-20,2024-07-21,Standard Class,South,Los Angeles,Technology,Machines,707.57,2,0.0,112.95,51.13,Damaged in Transit,2024-07-29,614.7,Yes,8.0,1,1
ORD-11382,CUST-0182,2023-11-11,2023-11-13,2023-11-15,2023-11-15,First Class,South,Chicago,Office Supplies,Storage,88.74,5,0.3,28.96,40.55,,,,No,,0,0
ORD-11383,CUST-0183,2023-12-08,2023-12-11,2023-12-15,2023-12-16,First Class,West,Los Angeles,Furniture,Bookcases,798.97,2,0.0,170.59,26.65,,,,No,,1,1
ORD-11384,CUST-0184,2023-06-15,2023-06-17,2023-06-20,2023-06-20,Second Class,East,Chicago,Office Supplies,Art,895.44,7,0.0,33.6,23.39,,,,No,,0,0
ORD-11385,CUST-0185,2023-12-27,2023-12-31,2024-01-03,2024-01-03,Same Day,East,Chicago,Office Supplies,Binders,924.15,7,0.0,306.28,38.36,,,,No,,0,0
ORD-11386,CUST-0186,2024-11-11,2024-11-18,2024-11-20,2024-11-22,Standard Class,West,Chicago,Office Supplies,Paper,1069.18,3,0.3,164.59,46.44,,,,No,,2,1
ORD-11387,CUST-0187,2024-04-24,2024-04-27,2024-04-30,2024-04-30,Standard Class,Central,Miami,Office Supplies,Storage,364.33,6,0.0,116.1,11.6,,,,No,,0,0
ORD-11388,CUST-0188,2023-03-11,2023-03-15,2023-03-18,2023-03-18,Second Class,Central,New York,Furniture,Tables,1023.12,6,0.3,-149.61,19.21,,,,No,,0,0
ORD-11389,CUST-0189,2023-06-22,2023-06-27,2023-06-30,2023-06-30,Second Class,South,New York,Furniture,Furnishings,390.74,2,0.2,-17.06,34.59,,,,No,,0,0
ORD-11390,CUST-0190,2023-11-11,2023-11-16,2023-11-20,2023-11-20,Second Class,West,Miami,Technology,Accessories,862.47,1,0.1,-87.67,58.72,,,,No,,0,0
ORD-11391,CUST-0191,2023-03-07,2023-03-11,2023-03-15,2023-03-15,Standard Class,Central,Chicago,Office Supplies,Paper,240.3,6,0.0,2.05,51.52,,,,No,,0,0
ORD-11392,CUST-0192,2024-01-18,2024-01-23,2024-01-26,2024-01-26,Standard Class,West,Seattle,Technology,Machines,40.76,6,0.0,4.95,43.62,,,,No,,0,0
ORD-11393,CUST-0193,2024-01-02,2024-01-04,2024-01-06,2024-01-06,Second Class,West,Houston,Office Supplies,Binders,691.36,6,0.0,-5.21,39.54,,,,No,,0,0
ORD-11394,CUST-0194,2023-01-22,2023-01-25,2023-01-28,2023-01-28,Same Day,West,Los Angeles,Furniture,Tables,867.92,6,0.3,-32.89,41.07,,,,No,,0,0
ORD-11395,CUST-0195,2023-01-08,2023-01-11,2023-01-13,2023-01-16,Standard Class,South,Houston,Technology,Copiers,15.5,3,0.2,-1.98,49.71,,,,No,,3,1
ORD-11396,CUST-0196,2023-04-11,2023-04-13,2023-04-15,2023-04-17,Same Day,West,New York,Office Supplies,Binders,1134.72,2,0.3,244.67,41.24,,,,No,,2,1
ORD-11397,CUST-0197,2024-01-06,2024-01-13,2024-01-17,2024-01-20,Second Class,East,Chicago,Office Supplies,Storage,371.18,2,0.0,117.6,45.33,Wrong Size,2024-01-25,358.94,Yes,5.0,3,1
ORD-11398,CUST-0198,2023-04-07,2023-04-08,2023-04-10,2023-04-10,Second Class,South,Chicago,Office Supplies,Art,743.98,6,0.1,-97.16,4.02,,,,No,,0,0
ORD-11399,CUST-0199,2024-03-17,2024-03-20,2024-03-24,2024-03-24,Same Day,East,Houston,Office Supplies,Paper,201.14,2,0.1,-18.1,45.55,,,,No,,0,0
ORD-11400,CUST-0200,2023-12-06,2023-12-09,2023-12-13,2023-12-13,Second Class,East,Chicago,Office Supplies,Storage,1025.06,5,0.0,-47.51,56.47,,,,No,,0,0
ORD-11401,CUST-0201,2024-07-15,2024-07-19,2024-07-23,2024-07-25,Second Class,West,Miami,Furniture,Furnishings,769.02,4,0.1,166.47,15.58,,,,No,,2,1
ORD-11402,CUST-0202,2024-02-04,2024-02-06,2024-02-10,2024-02-10,Same Day,West,Los Angeles,Technology,Copiers,284.9,3,0.2,56.55,19.08,,,,No,,0,0
ORD-11403,CUST-0203,2024-11-06,2024-11-09,2024-11-12,2024-11-12,Second Class,East,Seattle,Office Supplies,Storage,1001.49,7,0.1,66.77,57.85,,,,No,,0,0
ORD-11404,CUST-0204,2024-07-20,2024-07-23,2024-07-27,2024-07-28,First Class,South,New York,Technology,Accessories,248.49,6,0.2,-9.76,2.07,,,,No,,1,1
ORD-11405,CUST-0205,2024-11-25,2024-11-26,2024-11-30,2024-11-30,Second Class,South,Chicago,Furniture,Chairs,432.69,7,0.3,-32.75,25.49,Defective,2024-12-05,349.04,Yes,5.0,0,0
ORD-11406,CUST-0206,2024-09-12,2024-09-17,2024-09-19,2024-09-19,Second Class,East,Seattle,Office Supplies,Art,762.44,6,0.0,81.77,29.15,,,,No,,0,0
ORD-11407,CUST-0207,2023-09-22,2023-09-23,2023-09-27,2023-09-27,Same Day,East,Miami,Office Supplies,Storage,17.38,7,0.2,1.25,15.85,,,,No,,0,0
ORD-11408,CUST-0208,2024-10-08,2024-10-11,2024-10-14,2024-10-14,First Class,East,New York,Furniture,Tables,960.78,7,0.0,-100.37,35.81,,,,No,,0,0
ORD-11409,CUST-0209,2024-06-23,2024-06-27,2024-07-01,2024-07-01,First Class,West,Miami,Technology,Accessories,1144.81,1,0.3,-83.22,13.98,,,,No,,0,0
ORD-11410,CUST-0210,2023-01-07,2023-01-11,2023-01-15,2023-01-17,Second Class,South,Los Angeles,Office Supplies,Paper,719.54,6,0.0,155.69,13.49,,,,No,,2,1
ORD-11411,CUST-0211,2024-06-09,2024-06-13,2024-06-16,2024-06-16,Same Day,Central,Houston,Technology,Machines,771.2,7,0.0,16.26,59.38,,,,No,,0,0
ORD-11412,CUST-0212,2024-01-02,2024-01-04,2024-01-08,2024-01-08,Same Day,West,Houston,Office Supplies,Art,899.15,5,0.0,-35.24,24.02,,,,No,,0,0
ORD-11413,CUST-0213,2023-08-15,2023-08-18,2023-08-22,2023-08-22,Same Day,Central,Seattle,Office Supplies,Art,663.33,2,0.0,-20.06,29.06,,,,No,,0,0
ORD-11414,CUST-0214,2024-09-04,2024-09-09,2024-09-11,2024-09-11,First Class,West,Chicago,Office Supplies,Binders,663.64,7,0.0,-69.73,50.11,Defective,2024-09-16,506.0,Yes,5.0,0,0
ORD-11415,CUST-0215,2023-01-01,2023-01-03,2023-01-05,2023-01-05,Standard Class,West,Seattle,Technology,Machines,504.98,1,0.0,71.91,10.52,,,,No,,0,0
ORD-11416,CUST-0216,2023-01-03,2023-01-06,2023-01-10,2023-01-11,Same Day,East,Houston,Technology,Machines,666.66,1,0.1,-10.09,44.52,,,,No,,1,1
ORD-11417,CUST-0217,2023-07-04,2023-07-08,2023-07-10,2023-07-10,Standard Class,West,New York,Furniture,Bookcases,868.26,5,0.1,171.21,14.43,,,,No,,0,0
ORD-11418,CUST-0218,2023-11-04,2023-11-08,2023-11-10,2023-11-10,Second Class,East,Los Angeles,Office Supplies,Storage,869.0,5,0.2,-62.96,17.54,,,,No,,0,0
ORD-11419,CUST-0219,2024-03-22,2024-03-25,2024-03-27,2024-03-27,Second Class,East,Houston,Office Supplies,Binders,957.02,4,0.3,204.37,59.59,,,,No,,0,0
ORD-11420,CUST-0220,2023-09-16,2023-09-21,2023-09-25,2023-09-26,Second Class,East,Chicago,Office Supplies,Binders,440.62,5,0.0,-12.74,43.83,,,,No,,1,1
ORD-11421,CUST-0221,2023-04-12,2023-04-16,2023-04-20,2023-04-20,First Class,East,Miami,Office Supplies,Art,869.82,4,0.0,123.13,4.24,,,,No,,0,0
ORD-11422,CUST-0222,2023-04-09,2023-04-12,2023-04-15,2023-04-15,Same Day,South,Chicago,Technology,Accessories,92.95,3,0.0,17.28,18.93,,,,No,,0,0
ORD-11423,CUST-0223,2024-03-06,2024-03-09,2024-03-13,2024-03-13,Same Day,West,Chicago,Office Supplies,Binders,182.25,3,0.3,8.82,33.03,,,,No,,0,0
ORD-11424,CUST-0224,2023-02-15,2023-02-20,2023-02-22,2023-02-22,First Class,West,Miami,Office Supplies,Paper,46.21,4,0.3,-0.49,55.57,,,,No,,0,0
ORD-11425,CUST-0225,2024-11-21,2024-11-23,2024-11-26,2024-11-26,Same Day,South,Houston,Office Supplies,Paper,1149.32,1,0.0,103.17,29.92,,,,No,,0,0
ORD-11426,CUST-0226,2023-11-12,2023-11-15,2023-11-17,2023-11-17,Second Class,West,Chicago,Office Supplies,Storage,132.16,7,0.0,42.07,13.38,,,,No,,0,0
ORD-11427,CUST-0227,2023-04-13,2023-04-15,2023-04-17,2023-04-17,Same Day,West,Seattle,Office Supplies,Art,462.51,5,0.1,158.07,13.91,,,,No,,0,0
ORD-11428,CUST-0228,2024-01-01,2024-01-02,2024-01-06,2024-01-06,Standard Class,East,Los Angeles,Office Supplies,Binders,187.33,7,0.1,55.47,42.6,,,,No,,0,0
ORD-11429,CUST-0229,2023-09-06,2023-09-09,2023-09-11,2023-09-13,First Class,East,Chicago,Technology,Copiers,116.57,7,0.2,-14.32,17.41,,,,No,,2,1
ORD-11430,CUST-0230,2024-03-20,2024-03-23,2024-03-25,2024-03-25,Standard Class,West,Miami,Office Supplies,Paper,977.38,1,0.0,100.45,42.27,,,,No,,0,0
ORD-11431,CUST-0231,2024-09-23,2024-09-26,2024-09-28,2024-09-28,Second Class,West,Chicago,Office Supplies,Paper,497.22,3,0.3,-59.5,10.05,,,,No,,0,0
ORD-11432,CUST-0232,2023-10-14,2023-10-19,2023-10-23,2023-10-24,Standard Class,East,Miami,Furniture,Bookcases,1086.21,5,0.0,265.78,43.31,,,,No,,1,1
ORD-11433,CUST-0233,2024-10-13,2024-10-18,2024-10-22,2024-10-22,Second Class,West,Houston,Technology,Machines,443.08,4,0.3,-37.48,35.79,Defective,2024-11-02,370.81,Yes,11.0,0,0
ORD-11434,CUST-0234,2024-07-08,2024-07-11,2024-07-13,2024-07-13,Second Class,East,Chicago,Office Supplies,Art,142.77,6,0.0,30.98,55.43,,,,No,,0,0
ORD-11435,CUST-0235,2024-08-03,2024-08-06,2024-08-08,2024-08-08,First Class,East,Chicago,Technology,Accessories,119.82,4,0.2,18.1,40.37,,,,No,,0,0
ORD-11436,CUST-0236,2024-09-25,2024-09-30,2024-10-02,2024-10-02,Same Day,West,Los Angeles,Furniture,Bookcases,107.99,2,0.0,-13.13,5.9,,,,No,,0,0
ORD-11437,CUST-0237,2024-08-13,2024-08-18,2024-08-22,2024-08-22,Same Day,East,Chicago,Office Supplies,Art,208.5,7,0.1,67.47,52.58,,,,No,,0,0
ORD-11438,CUST-0238,2023-04-22,2023-04-26,2023-04-29,2023-04-29,Second Class,East,Houston,Technology,Copiers,935.27,7,0.1,167.51,9.2,,,,No,,0,0
ORD-11439,CUST-0239,2024-05-31,2024-06-03,2024-06-07,2024-06-07,Standard Class,West,Miami,Office Supplies,Storage,451.27,3,0.0,43.97,3.05,,,,No,,0,0
ORD-11440,CUST-0240,2024-01-30,2024-02-06,2024-02-09,2024-02-09,Same Day,West,Seattle,Office Supplies,Paper,1113.95,6,0.1,93.62,39.41,,,,No,,0,0
ORD-11441,CUST-0241,2023-04-29,2023-05-02,2023-05-04,2023-05-04,First Class,West,Seattle,Office Supplies,Storage,169.3,3,0.2,-17.71,4.85,,,,No,,0,0
ORD-11442,CUST-0242,2024-01-01,2024-01-03,2024-01-05,2024-01-05,Same Day,East,Miami,Furniture,Chairs,108.01,4,0.1,2.57,59.7,,,,No,,0,0
ORD-11443,CUST-0243,2024-08-07,2024-08-09,2024-08-12,2024-08-15,Standard Class,West,New York,Furniture,Furnishings,111.07,2,0.0,10.6,27.99,,,,No,,3,1
ORD-11444,CUST-0244,2023-03-30,2023-04-02,2023-04-04,2023-04-04,Same Day,East,Miami,Technology,Copiers,37.19,5,0.0,7.67,8.7,,,,No,,0,0
ORD-11445,CUST-0245,2024-09-01,2024-09-03,2024-09-07,2024-09-07,Standard Class,East,Houston,Office Supplies,Storage,314.6,2,0.0,103.01,57.11,,,,No,,0,0
ORD-11446,CUST-0246,2023-03-28,2023-03-29,2023-04-01,2023-04-03,Second Class,East,Houston,Office Supplies,Art,687.87,7,0.1,122.13,28.95,No Longer Needed,2023-04-08,524.45,Yes,5.0,2,1
ORD-11447,CUST-0247,2023-09-24,2023-09-28,2023-10-02,2023-10-02,Standard Class,Central,Miami,Furniture,Bookcases,33.37,1,0.3,-3.32,10.15,,,,No,,0,0
ORD-11448,CUST-0248,2023-11-26,2023-11-29,2023-12-03,2023-12-04,Standard Class,Central,Seattle,Technology,Copiers,736.51,4,0.0,181.48,27.28,Not as Described,2023-12-07,625.68,Yes,3.0,1,1
ORD-11449,CUST-0249,2023-04-26,2023-04-27,2023-04-29,2023-04-29,Second Class,South,Miami,Furniture,Chairs,724.78,3,0.0,65.09,40.17,,,,No,,0,0
ORD-11450,CUST-0250,2023-08-22,2023-08-24,2023-08-27,2023-08-28,Same Day,South,Houston,Office Supplies,Paper,1016.45,1,0.0,-129.07,59.23,,,,No,,1,1
ORD-11451,CUST-0251,2024-05-31,2024-06-02,2024-06-04,2024-06-04,Standard Class,Central,Houston,Office Supplies,Binders,406.39,1,0.3,-36.62,11.47,,,,No,,0,0
ORD-11452,CUST-0252,2024-08-12,2024-08-15,2024-08-19,2024-08-19,First Class,South,Seattle,Technology,Machines,490.2,3,0.3,100.09,50.07,,,,No,,0,0
ORD-11453,CUST-0253,2024-01-25,2024-01-30,2024-02-02,2024-02-02,Same Day,West,Houston,Office Supplies,Binders,642.78,3,0.0,16.21,59.68,,,,No,,0,0
ORD-11454,CUST-0254,2023-03-20,2023-03-23,2023-03-25,2023-03-25,Second Class,Central,Chicago,Technology,Machines,249.16,4,0.1,-34.25,28.0,,,,No,,0,0
ORD-11455,CUST-0255,2024-11-11,2024-11-18,2024-11-21,2024-11-21,Second Class,South,New York,Office Supplies,Binders,558.47,6,0.0,-38.71,40.94,,,,No,,0,0
ORD-11456,CUST-0256,2023-02-15,2023-02-17,2023-02-19,2023-02-19,Same Day,South,Chicago,Furniture,Chairs,758.39,4,0.0,-26.59,49.41,,,,No,,0,0
ORD-11457,CUST-0257,2023-07-11,2023-07-15,2023-07-19,2023-07-19,First Class,West,New York,Furniture,Tables,448.2,7,0.1,35.02,3.66,,,,No,,0,0
ORD-11458,CUST-0258,2023-10-28,2023-11-01,2023-11-03,2023-11-03,Same Day,East,New York,Office Supplies,Paper,1160.21,2,0.1,400.5,16.65,,,,No,,0,0
ORD-11459,CUST-0259,2024-08-12,2024-08-16,2024-08-19,2024-08-19,Same Day,West,Los Angeles,Office Supplies,Art,295.74,6,0.0,15.78,33.77,,,,No,,0,0
ORD-11460,CUST-0260,2024-11-29,2024-12-01,2024-12-05,2024-12-05,Second Class,West,Houston,Furniture,Chairs,773.04,2,0.3,144.85,24.94,,,,No,,0,0
ORD-11461,CUST-0261,2024-05-27,2024-05-30,2024-06-02,2024-06-02,Same Day,South,Los Angeles,Furniture,Bookcases,511.8,6,0.0,-46.3,11.46,,,,No,,0,0
ORD-11462,CUST-0262,2024-06-30,2024-07-04,2024-07-08,2024-07-08,Second Class,South,Houston,Office Supplies,Paper,190.87,2,0.3,54.6,31.97,,,,No,,0,0
ORD-11463,CUST-0263,2024-05-16,2024-05-21,2024-05-24,2024-05-24,Standard Class,East,Houston,Technology,Accessories,1093.01,2,0.3,-98.16,8.91,,,,No,,0,0
ORD-11464,CUST-0264,2024-10-06,2024-10-07,2024-10-09,2024-10-09,Standard Class,Central,New York,Office Supplies,Art,1060.23,7,0.0,292.59,46.94,,,,No,,0,0
ORD-11465,CUST-0265,2023-04-27,2023-04-28,2023-05-02,2023-05-02,Standard Class,South,Houston,Furniture,Furnishings,627.83,2,0.0,-53.4,50.76,,,,No,,0,0
ORD-11466,CUST-0266,2024-11-06,2024-11-11,2024-11-13,2024-11-13,Second Class,South,Seattle,Office Supplies,Paper,912.24,3,0.0,230.6,59.48,,,,No,,0,0
ORD-11467,CUST-0267,2024-01-08,2024-01-09,2024-01-11,2024-01-11,Same Day,East,New York,Office Supplies,Art,1126.75,2,0.1,372.52,16.25,Not as Described,2024-01-17,1094.13,Yes,6.0,0,0
ORD-11468,CUST-0268,2023-12-11,2023-12-14,2023-12-18,2023-12-19,First Class,East,New York,Office Supplies,Storage,146.22,2,0.1,-19.31,10.64,,,,No,,1,1
ORD-11469,CUST-0269,2023-05-09,2023-05-12,2023-05-15,2023-05-15,First Class,East,Houston,Furniture,Bookcases,872.74,1,0.2,191.37,29.8,,,,No,,0,0
ORD-11470,CUST-0270,2023-03-04,2023-03-06,2023-03-08,2023-03-10,Same Day,South,Seattle,Furniture,Tables,893.62,5,0.0,-28.02,12.99,,,,No,,2,1
ORD-11471,CUST-0271,2023-01-04,2023-01-07,2023-01-11,2023-01-11,Same Day,West,New York,Technology,Phones,1117.93,2,0.1,386.11,49.76,,,,No,,0,0
ORD-11472,CUST-0272,2023-08-06,2023-08-13,2023-08-16,2023-08-18,First Class,East,Chicago,Office Supplies,Art,334.76,3,0.0,109.99,42.08,,,,No,,2,1
ORD-11473,CUST-0273,2024-02-10,2024-02-14,2024-02-17,2024-02-17,Same Day,East,Miami,Office Supplies,Binders,498.63,3,0.2,-65.84,30.0,,,,No,,0,0
ORD-11474,CUST-0274,2024-04-08,2024-04-11,2024-04-14,2024-04-14,Standard Class,East,Chicago,Technology,Phones,1015.8,3,0.2,-82.0,3.78,,,,No,,0,0
ORD-11475,CUST-0275,2023-12-03,2023-12-04,2023-12-08,2023-12-08,Second Class,South,Miami,Furniture,Bookcases,519.25,5,0.0,-42.14,16.2,,,,No,,0,0
ORD-11476,CUST-0276,2024-02-14,2024-02-18,2024-02-21,2024-02-22,Second Class,South,New York,Office Supplies,Art,1082.93,5,0.2,308.0,52.38,Wrong Size,2024-02-23,958.64,Yes,1.0,1,1
ORD-11477,CUST-0277,2024-10-05,2024-10-12,2024-10-14,2024-10-14,Same Day,Central,Seattle,Office Supplies,Art,606.02,1,0.2,159.21,28.13,,,,No,,0,0
ORD-11478,CUST-0278,2023-09-30,2023-10-05,2023-10-07,2023-10-07,Standard Class,East,Los Angeles,Furniture,Chairs,1186.27,1,0.0,-156.88,57.15,,,,No,,0,0
ORD-11479,CUST-0279,2023-05-21,2023-05-25,2023-05-29,2023-05-31,Second Class,Central,Miami,Technology,Phones,147.53,1,0.1,-7.88,3.83,,,,No,,2,1
ORD-11480,CUST-0280,2023-12-30,2024-01-01,2024-01-05,2024-01-05,Same Day,South,New York,Technology,Accessories,992.25,6,0.3,229.83,37.29,,,,No,,0,0
ORD-11481,CUST-0281,2023-05-17,2023-05-20,2023-05-22,2023-05-22,Same Day,South,Miami,Office Supplies,Storage,881.36,6,0.0,59.85,10.62,No Longer Needed,2023-05-30,843.14,Yes,8.0,0,0
ORD-11482,CUST-0282,2024-09-19,2024-09-21,2024-09-24,2024-09-24,Standard Class,East,Miami,Office Supplies,Binders,751.2,1,0.2,123.78,40.29,,,,No,,0,0
ORD-11483,CUST-0283,2023-04-27,2023-04-29,2023-05-01,2023-05-01,Second Class,South,New York,Furniture,Tables,845.58,6,0.3,182.54,49.09,,,,No,,0,0
ORD-11484,CUST-0284,2024-11-05,2024-11-12,2024-11-14,2024-11-14,Second Class,South,New York,Office Supplies,Art,93.75,7,0.2,18.28,34.93,,,,No,,0,0
ORD-11485,CUST-0285,2023-09-22,2023-09-26,2023-09-29,2023-09-30,Same Day,South,Seattle,Technology,Machines,60.01,1,0.1,-5.61,5.81,,,,No,,1,1
ORD-11486,CUST-0286,2023-09-15,2023-09-19,2023-09-21,2023-09-21,Same Day,South,Los Angeles,Technology,Machines,679.36,1,0.3,-54.87,58.29,Not as Described,2023-10-04,509.42,Yes,13.0,0,0
ORD-11487,CUST-0287,2024-11-24,2024-11-29,2024-12-01,2024-12-01,Second Class,West,Miami,Technology,Phones,869.94,4,0.0,211.45,18.39,,,,No,,0,0
ORD-11488,CUST-0288,2023-06-09,2023-06-11,2023-06-15,2023-06-15,Standard Class,South,Los Angeles,Furniture,Furnishings,424.39,3,0.0,59.39,24.26,,,,No,,0,0
ORD-11489,CUST-0289,2023-12-07,2023-12-11,2023-12-15,2023-12-15,Same Day,East,Houston,Office Supplies,Binders,243.15,6,0.2,53.63,20.51,Wrong Size,2023-12-19,235.92,Yes,4.0,0,0
ORD-11490,CUST-0290,2023-04-27,2023-04-28,2023-05-02,2023-05-02,Same Day,Central,Los Angeles,Office Supplies,Storage,935.92,2,0.0,241.29,45.22,,,,No,,0,0
ORD-11491,CUST-0291,2023-05-29,2023-05-31,2023-06-04,2023-06-04,Second Class,Central,Seattle,Office Supplies,Storage,825.33,6,0.3,74.04,26.93,,,,No,,0,0
ORD-11492,CUST-0292,2023-07-31,2023-08-01,2023-08-03,2023-08-03,Standard Class,West,Seattle,Office Supplies,Art,795.15,4,0.0,-83.62,39.28,,,,No,,0,0
ORD-11493,CUST-0293,2024-06-25,2024-06-27,2024-07-01,2024-07-01,First Class,West,Miami,Furniture,Bookcases,304.57,2,0.0,99.38,17.32,,,,No,,0,0
ORD-11494,CUST-0294,2023-03-04,2023-03-07,2023-03-11,2023-03-14,Same Day,West,Chicago,Technology,Copiers,62.53,5,0.3,-5.23,21.88,,,,No,,3,1
ORD-11495,CUST-0295,2023-02-11,2023-02-18,2023-02-22,2023-02-22,Second Class,West,Chicago,Office Supplies,Paper,237.22,3,0.1,67.65,26.34,,,,No,,0,0
ORD-11496,CUST-0296,2023-12-27,2023-12-31,2024-01-03,2024-01-03,Standard Class,South,Los Angeles,Technology,Phones,144.48,4,0.2,33.54,24.91,,,,No,,0,0
ORD-11497,CUST-0297,2023-04-23,2023-04-25,2023-04-27,2023-04-27,Same Day,South,Los Angeles,Office Supplies,Binders,319.51,3,0.2,-34.31,20.2,,,,No,,0,0
ORD-11498,CUST-0298,2023-09-12,2023-09-15,2023-09-19,2023-09-22,First Class,East,Los Angeles,Office Supplies,Storage,261.58,3,0.0,31.91,37.55,,,,No,,3,1
ORD-11499,CUST-0299,2024-10-13,2024-10-14,2024-10-16,2024-10-17,Second Class,West,Los Angeles,Technology,Copiers,812.48,1,0.1,-17.77,5.44,,,,No,,1,1
ORD-11500,CUST-0300,2024-03-15,2024-03-16,2024-03-20,2024-03-20,Standard Class,West,Los Angeles,Office Supplies,Binders,29.42,5,0.2,9.01,37.3,Damaged in Transit,2024-03-26,25.91,Yes,6.0,0,0
ORD-11501,CUST-0301,2023-08-13,2023-08-15,2023-08-17,2023-08-17,Second Class,East,Los Angeles,Office Supplies,Paper,768.66,4,0.2,-35.74,59.36,,,,No,,0,0
ORD-11502,CUST-0302,2024-03-30,2024-03-31,2024-04-02,2024-04-02,Second Class,East,Seattle,Office Supplies,Paper,463.35,6,0.2,-66.45,44.7,,,,No,,0,0
ORD-11503,CUST-0303,2024-01-11,2024-01-15,2024-01-18,2024-01-18,First Class,South,Houston,Office Supplies,Art,829.9,2,0.2,112.64,59.19,,,,No,,0,0
ORD-11504,CUST-0304,2024-03-30,2024-04-01,2024-04-05,2024-04-05,Standard Class,West,Seattle,Office Supplies,Art,717.04,3,0.2,180.88,27.76,,,,No,,0,0
ORD-11505,CUST-0305,2024-08-04,2024-08-08,2024-08-11,2024-08-12,Standard Class,East,Chicago,Technology,Phones,722.92,4,0.1,107.9,23.7,,,,No,,1,1
ORD-11506,CUST-0306,2024-07-10,2024-07-12,2024-07-14,2024-07-14,First Class,East,Miami,Furniture,Furnishings,452.98,5,0.0,34.6,47.12,,,,No,,0,0
ORD-11507,CUST-0307,2024-04-16,2024-04-23,2024-04-27,2024-04-29,Second Class,South,Miami,Office Supplies,Binders,242.79,5,0.0,-17.34,34.42,,,,No,,2,1
ORD-11508,CUST-0308,2023-02-25,2023-03-04,2023-03-08,2023-03-10,First Class,East,Chicago,Office Supplies,Paper,166.86,4,0.2,26.45,9.85,,,,No,,2,1
ORD-11509,CUST-0309,2024-11-09,2024-11-11,2024-11-14,2024-11-14,Same Day,Central,Miami,Office Supplies,Storage,726.85,1,0.2,220.0,35.42,,,,No,,0,0
ORD-11510,CUST-0310,2023-11-25,2023-11-28,2023-12-02,2023-12-05,Same Day,West,Houston,Technology,Phones,955.96,6,0.0,243.97,19.4,Not as Described,2023-12-07,678.28,Yes,2.0,3,1
ORD-11511,CUST-0311,2024-09-09,2024-09-10,2024-09-12,2024-09-12,First Class,East,Houston,Office Supplies,Paper,1068.73,2,0.2,-90.87,9.56,,,,No,,0,0
ORD-11512,CUST-0312,2024-06-04,2024-06-09,2024-06-13,2024-06-14,Second Class,Central,Houston,Office Supplies,Paper,202.28,1,0.3,-6.35,31.01,,,,No,,1,1
ORD-11513,CUST-0313,2024-07-29,2024-07-31,2024-08-03,2024-08-03,Standard Class,South,Los Angeles,Furniture,Chairs,421.34,1,0.0,6.69,28.72,,,,No,,0,0
ORD-11514,CUST-0314,2024-04-05,2024-04-10,2024-04-12,2024-04-12,First Class,South,Los Angeles,Office Supplies,Binders,1176.07,1,0.1,372.7,13.31,,,,No,,0,0
ORD-11515,CUST-0315,2023-07-25,2023-07-29,2023-08-02,2023-08-05,Standard Class,Central,Chicago,Office Supplies,Art,853.2,4,0.0,272.35,40.61,Not as Described,2023-08-07,759.29,Yes,2.0,3,1
ORD-11516,CUST-0316,2024-09-09,2024-09-14,2024-09-18,2024-09-18,Same Day,South,Los Angeles,Office Supplies,Binders,1193.1,4,0.0,391.97,16.17,,,,No,,0,0
ORD-11517,CUST-0317,2023-03-23,2023-03-25,2023-03-27,2023-03-28,Standard Class,Central,Miami,Technology,Copiers,912.68,2,0.1,-68.46,21.12,Damaged in Transit,2023-04-05,899.37,Yes,8.0,1,1
ORD-11518,CUST-0318,2023-07-14,2023-07-17,2023-07-21,2023-07-21,First Class,West,Houston,Furniture,Chairs,792.64,3,0.0,-1.8,39.21,Damaged in Transit,2023-07-22,573.67,Yes,1.0,0,0
ORD-11519,CUST-0319,2023-09-24,2023-09-26,2023-09-30,2023-09-30,Second Class,Central,Houston,Furniture,Furnishings,369.24,5,0.1,4.66,7.2,,,,No,,0,0
ORD-11520,CUST-0320,2023-07-15,2023-07-17,2023-07-21,2023-07-21,First Class,Central,Los Angeles,Technology,Phones,400.3,5,0.0,-58.24,24.94,,,,No,,0,0
ORD-11521,CUST-0321,2023-05-26,2023-05-29,2023-06-01,2023-06-01,Same Day,West,Los Angeles,Office Supplies,Binders,601.0,3,0.0,73.07,19.77,,,,No,,0,0
ORD-11522,CUST-0322,2023-12-07,2023-12-14,2023-12-18,2023-12-19,Second Class,South,Chicago,Technology,Machines,1171.06,7,0.0,360.13,19.62,,,,No,,1,1
ORD-11523,CUST-0323,2023-08-06,2023-08-10,2023-08-13,2023-08-13,Standard Class,South,Los Angeles,Office Supplies,Paper,1022.96,1,0.1,41.65,50.22,,,,No,,0,0
ORD-11524,CUST-0324,2023-06-06,2023-06-11,2023-06-15,2023-06-15,First Class,Central,Los Angeles,Office Supplies,Binders,882.13,3,0.3,142.78,50.67,,,,No,,0,0
ORD-11525,CUST-0325,2024-10-22,2024-10-25,2024-10-28,2024-10-28,Same Day,South,Los Angeles,Office Supplies,Binders,739.28,1,0.1,176.27,51.92,,,,No,,0,0
ORD-11526,CUST-0326,2024-08-19,2024-08-21,2024-08-24,2024-08-24,First Class,West,Seattle,Technology,Machines,825.23,5,0.3,-50.99,43.86,,,,No,,0,0
ORD-11527,CUST-0327,2024-06-21,2024-06-28,2024-06-30,2024-06-30,Standard Class,Central,Seattle,Technology,Copiers,667.35,7,0.1,128.37,31.9,,,,No,,0,0
ORD-11528,CUST-0328,2023-01-02,2023-01-05,2023-01-09,2023-01-09,Same Day,East,Seattle,Office Supplies,Paper,819.14,4,0.3,96.56,21.49,,,,No,,0,0
ORD-11529,CUST-0329,2024-11-07,2024-11-10,2024-11-12,2024-11-12,Standard Class,Central,Seattle,Furniture,Chairs,976.16,1,0.1,-47.8,10.62,,,,No,,0,0
ORD-11530,CUST-0330,2024-10-10,2024-10-14,2024-10-18,2024-10-18,First Class,West,Houston,Office Supplies,Paper,356.08,5,0.0,-36.66,14.69,,,,No,,0,0
ORD-11531,CUST-0331,2024-03-12,2024-03-15,2024-03-17,2024-03-17,Same Day,East,Houston,Technology,Machines,96.32,6,0.3,4.23,31.2,,,,No,,0,0
ORD-11532,CUST-0332,2023-08-05,2023-08-08,2023-08-12,2023-08-12,First Class,East,Miami,Office Supplies,Paper,566.63,2,0.2,71.82,19.11,,,,No,,0,0
ORD-11533,CUST-0333,2024-01-01,2024-01-05,2024-01-07,2024-01-07,Standard Class,East,Miami,Office Supplies,Art,889.84,5,0.0,6.81,17.51,,,,No,,0,0
ORD-11534,CUST-0334,2023-08-25,2023-08-29,2023-09-02,2023-09-02,Same Day,East,Houston,Technology,Copiers,902.69,4,0.1,5.5,45.26,,,,No,,0,0
ORD-11535,CUST-0335,2024-07-29,2024-08-01,2024-08-05,2024-08-05,Same Day,Central,New York,Furniture,Bookcases,1065.22,3,0.0,-34.46,10.8,,,,No,,0,0
ORD-11536,CUST-0336,2024-01-16,2024-01-17,2024-01-20,2024-01-20,Same Day,Central,Chicago,Technology,Accessories,317.48,2,0.1,84.25,26.78,,,,No,,0,0
ORD-11537,CUST-0337,2024-03-16,2024-03-20,2024-03-23,2024-03-23,Second Class,West,Seattle,Technology,Accessories,593.91,5,0.2,172.86,26.63,,,,No,,0,0
ORD-11538,CUST-0338,2023-06-06,2023-06-07,2023-06-09,2023-06-09,Second Class,East,New York,Office Supplies,Storage,221.95,7,0.3,17.74,23.5,,,,No,,0,0
ORD-11539,CUST-0339,2024-09-15,2024-09-18,2024-09-22,2024-09-22,Same Day,Central,Miami,Office Supplies,Paper,1088.77,1,0.3,53.09,56.97,,,,No,,0,0
ORD-11540,CUST-0340,2024-09-09,2024-09-12,2024-09-14,2024-09-14,Standard Class,West,Houston,Technology,Phones,761.66,5,0.2,146.88,58.58,Not as Described,2024-09-22,666.25,Yes,8.0,0,0
ORD-11541,CUST-0341,2023-09-27,2023-10-01,2023-10-03,2023-10-03,Same Day,South,Chicago,Office Supplies,Storage,523.27,4,0.3,73.09,5.4,,,,No,,0,0
ORD-11542,CUST-0342,2023-06-14,2023-06-18,2023-06-20,2023-06-20,Second Class,South,Chicago,Office Supplies,Storage,425.97,1,0.2,40.25,19.98,,,,No,,0,0
ORD-11543,CUST-0343,2023-07-28,2023-07-29,2023-08-02,2023-08-02,Second Class,West,Chicago,Office Supplies,Paper,264.76,6,0.0,-6.12,7.84,,,,No,,0,0
ORD-11544,CUST-0344,2023-11-21,2023-11-24,2023-11-28,2023-11-28,Standard Class,West,Seattle,Office Supplies,Storage,779.43,3,0.2,-72.58,29.66,,,,No,,0,0
ORD-11545,CUST-0345,2023-12-03,2023-12-04,2023-12-08,2023-12-10,Second Class,East,Los Angeles,Office Supplies,Storage,623.37,5,0.0,110.63,11.21,,,,No,,2,1
ORD-11546,CUST-0346,2023-12-11,2023-12-13,2023-12-15,2023-12-15,First Class,West,New York,Furniture,Bookcases,556.69,4,0.1,123.22,35.29,,,,No,,0,0
ORD-11547,CUST-0347,2023-12-12,2023-12-13,2023-12-15,2023-12-15,Second Class,Central,Houston,Furniture,Chairs,606.98,4,0.0,-24.62,46.14,,,,No,,0,0
ORD-11548,CUST-0348,2024-09-28,2024-10-05,2024-10-08,2024-10-08,First Class,West,Chicago,Office Supplies,Art,615.16,3,0.0,-74.79,43.63,,,,No,,0,0
ORD-11549,CUST-0349,2023-11-20,2023-11-22,2023-11-24,2023-11-24,First Class,South,Seattle,Office Supplies,Art,174.34,7,0.0,7.74,51.35,,,,No,,0,0
ORD-11550,CUST-0350,2023-05-14,2023-05-17,2023-05-21,2023-05-21,First Class,Central,New York,Furniture,Furnishings,650.6,4,0.0,65.55,16.37,,,,No,,0,0
ORD-11551,CUST-0351,2023-06-20,2023-06-22,2023-06-26,2023-06-26,Standard Class,Central,Chicago,Office Supplies,Art,1040.47,4,0.0,38.55,40.36,,,,No,,0,0
ORD-11552,CUST-0352,2024-11-06,2024-11-07,2024-11-11,2024-11-11,Same Day,South,Los Angeles,Furniture,Bookcases,1108.37,5,0.3,-133.06,15.19,,,,No,,0,0
ORD-11553,CUST-0353,2023-10-01,2023-10-04,2023-10-07,2023-10-07,Same Day,South,New York,Furniture,Bookcases,200.84,4,0.3,2.69,6.29,,,,No,,0,0
ORD-11554,CUST-0354,2023-09-22,2023-09-23,2023-09-25,2023-09-28,Second Class,South,Chicago,Furniture,Bookcases,287.64,3,0.0,-19.62,44.75,,,,No,,3,1
ORD-11555,CUST-0355,2024-11-21,2024-11-22,2024-11-24,2024-11-24,Same Day,East,Chicago,Furniture,Tables,1134.75,3,0.2,19.2,21.01,,,,No,,0,0
ORD-11556,CUST-0356,2023-09-12,2023-09-14,2023-09-17,2023-09-18,Standard Class,West,Miami,Technology,Copiers,619.82,7,0.3,211.2,56.89,,,,No,,1,1
ORD-11557,CUST-0357,2023-04-14,2023-04-15,2023-04-19,2023-04-19,Same Day,West,Seattle,Technology,Phones,1194.14,7,0.3,-138.01,8.83,,,,No,,0,0
ORD-11558,CUST-0358,2023-11-10,2023-11-11,2023-11-14,2023-11-14,First Class,West,Chicago,Furniture,Tables,794.85,7,0.0,152.04,7.38,,,,No,,0,0
ORD-11559,CUST-0359,2023-03-17,2023-03-18,2023-03-22,2023-03-22,Second Class,South,Houston,Furniture,Bookcases,270.27,2,0.0,83.73,32.7,,,,No,,0,0
ORD-11560,CUST-0360,2024-06-09,2024-06-10,2024-06-14,2024-06-16,Same Day,South,Houston,Office Supplies,Art,698.9,4,0.2,126.27,37.27,Damaged in Transit,2024-06-26,681.18,Yes,10.0,2,1
ORD-11561,CUST-0361,2024-06-23,2024-06-26,2024-06-28,2024-06-28,First Class,South,Los Angeles,Office Supplies,Art,1166.31,5,0.2,-71.32,59.72,,,,No,,0,0
ORD-11562,CUST-0362,2023-09-24,2023-09-26,2023-09-29,2023-09-29,Standard Class,West,Chicago,Technology,Phones,674.58,6,0.2,-49.64,3.9,,,,No,,0,0
ORD-11563,CUST-0363,2024-05-18,2024-05-23,2024-05-26,2024-05-26,First Class,East,Chicago,Office Supplies,Storage,299.76,5,0.0,48.92,19.69,,,,No,,0,0
ORD-11564,CUST-0364,2024-09-30,2024-10-05,2024-10-08,2024-10-10,Same Day,Central,Seattle,Office Supplies,Storage,677.42,2,0.0,65.37,56.43,,,,No,,2,1
ORD-11565,CUST-0365,2024-01-01,2024-01-05,2024-01-09,2024-01-09,Second Class,Central,New York,Office Supplies,Paper,330.39,3,0.3,-28.24,15.53,,,,No,,0,0
ORD-11566,CUST-0366,2023-06-04,2023-06-06,2023-06-10,2023-06-10,Same Day,West,Seattle,Technology,Copiers,96.49,2,0.0,21.1,54.32,,,,No,,0,0
ORD-11567,CUST-0367,2024-05-16,2024-05-19,2024-05-21,2024-05-21,Standard Class,Central,Seattle,Office Supplies,Storage,1075.73,1,0.0,165.88,45.67,,,,No,,0,0
ORD-11568,CUST-0368,2023-05-14,2023-05-18,2023-05-20,2023-05-20,Second Class,West,Houston,Technology,Machines,336.57,6,0.3,114.33,12.28,,,,No,,0,0
ORD-11569,CUST-0369,2024-02-01,2024-02-05,2024-02-07,2024-02-09,First Class,West,Miami,Furniture,Bookcases,932.7,3,0.3,105.64,5.15,,,,No,,2,1
ORD-11570,CUST-0370,2024-06-06,2024-06-09,2024-06-12,2024-06-13,Second Class,West,New York,Office Supplies,Binders,1047.84,6,0.0,-73.99,13.96,,,,No,,1,1
ORD-11571,CUST-0371,2023-07-27,2023-07-29,2023-08-02,2023-08-02,Same Day,Central,Houston,Technology,Copiers,883.87,2,0.0,-50.22,21.26,,,,No,,0,0
ORD-11572,CUST-0372,2023-04-08,2023-04-15,2023-04-19,2023-04-20,Standard Class,East,Seattle,Office Supplies,Art,651.43,7,0.0,212.05,40.4,,,,No,,1,1
ORD-11573,CUST-0373,2024-03-04,2024-03-09,2024-03-13,2024-03-13,Standard Class,South,New York,Furniture,Chairs,189.05,7,0.0,1.13,4.46,,,,No,,0,0
ORD-11574,CUST-0374,2024-04-23,2024-04-26,2024-04-30,2024-05-02,Second Class,Central,Los Angeles,Technology,Accessories,264.82,3,0.2,-8.73,13.1,,,,No,,2,1
ORD-11575,CUST-0375,2023-06-14,2023-06-16,2023-06-19,2023-06-21,Same Day,South,New York,Office Supplies,Art,401.98,4,0.1,116.97,11.38,Wrong Size,2023-07-01,282.56,Yes,10.0,2,1
ORD-11576,CUST-0376,2024-06-23,2024-06-26,2024-06-30,2024-07-02,Standard Class,Central,New York,Technology,Machines,894.12,6,0.0,-58.53,30.97,,,,No,,2,1
ORD-11577,CUST-0377,2024-02-11,2024-02-13,2024-02-15,2024-02-15,Standard Class,Central,New York,Office Supplies,Binders,1196.62,7,0.0,36.5,50.19,,,,No,,0,0
ORD-11578,CUST-0378,2024-02-21,2024-02-26,2024-02-28,2024-02-28,Same Day,South,Miami,Technology,Accessories,467.12,5,0.0,122.75,12.27,Not as Described,2024-02-29,415.4,Yes,1.0,0,0
ORD-11579,CUST-0379,2024-11-05,2024-11-07,2024-11-11,2024-11-11,Standard Class,South,Houston,Office Supplies,Binders,31.31,7,0.0,-3.51,18.61,,,,No,,0,0
ORD-11580,CUST-0380,2024-09-23,2024-09-27,2024-10-01,2024-10-02,First Class,East,Chicago,Office Supplies,Paper,697.93,1,0.1,120.23,48.48,,,,No,,1,1
ORD-11581,CUST-0381,2024-01-09,2024-01-11,2024-01-14,2024-01-17,Standard Class,South,Seattle,Furniture,Furnishings,1004.74,1,0.3,234.04,15.33,Not as Described,2024-01-26,846.46,Yes,9.0,3,1
ORD-11582,CUST-0382,2023-08-15,2023-08-16,2023-08-20,2023-08-20,Second Class,East,Los Angeles,Office Supplies,Binders,842.86,2,0.2,-11.91,2.87,,,,No,,0,0
ORD-11583,CUST-0383,2023-01-28,2023-02-01,2023-02-03,2023-02-03,Second Class,West,Miami,Technology,Copiers,471.05,1,0.3,106.27,10.72,,,,No,,0,0
ORD-11584,CUST-0384,2024-01-17,2024-01-22,2024-01-25,2024-01-25,Standard Class,South,Miami,Office Supplies,Paper,394.02,4,0.0,116.55,48.91,,,,No,,0,0
ORD-11585,CUST-0385,2024-07-04,2024-07-08,2024-07-11,2024-07-11,Standard Class,South,Los Angeles,Office Supplies,Binders,607.48,5,0.3,125.42,47.1,,,,No,,0,0
ORD-11586,CUST-0386,2024-01-04,2024-01-09,2024-01-11,2024-01-11,Standard Class,Central,New York,Office Supplies,Binders,189.75,4,0.0,56.63,54.86,,,,No,,0,0
ORD-11587,CUST-0387,2024-10-09,2024-10-12,2024-10-14,2024-10-14,Same Day,East,Seattle,Technology,Copiers,556.57,1,0.0,39.87,23.4,,,,No,,0,0
ORD-11588,CUST-0388,2024-10-26,2024-10-29,2024-11-02,2024-11-02,Same Day,West,Chicago,Technology,Machines,1049.76,5,0.0,-42.12,22.26,,,,No,,0,0
ORD-11589,CUST-0389,2023-06-04,2023-06-06,2023-06-10,2023-06-12,Second Class,East,Houston,Office Supplies,Storage,599.29,2,0.0,152.17,41.04,Defective,2023-06-13,481.89,Yes,1.0,2,1
ORD-11590,CUST-0390,2024-02-06,2024-02-13,2024-02-15,2024-02-15,Standard Class,East,Seattle,Furniture,Furnishings,413.55,2,0.1,65.59,31.18,,,,No,,0,0
ORD-11591,CUST-0391,2023-10-07,2023-10-10,2023-10-12,2023-10-12,Standard Class,South,Chicago,Technology,Machines,179.13,4,0.0,21.85,48.46,,,,No,,0,0
ORD-11592,CUST-0392,2024-08-29,2024-08-31,2024-09-04,2024-09-04,First Class,South,Chicago,Technology,Copiers,290.3,2,0.3,97.52,12.37,,,,No,,0,0
ORD-11593,CUST-0393,2024-11-18,2024-11-23,2024-11-25,2024-11-25,Same Day,Central,Miami,Office Supplies,Storage,1098.75,5,0.1,384.15,39.85,,,,No,,0,0
ORD-11594,CUST-0394,2023-09-08,2023-09-09,2023-09-12,2023-09-12,Same Day,West,Houston,Technology,Accessories,867.34,6,0.0,303.27,36.21,,,,No,,0,0
ORD-11595,CUST-0395,2024-03-06,2024-03-08,2024-03-10,2024-03-10,First Class,East,Seattle,Furniture,Bookcases,504.99,4,0.3,-62.14,37.83,,,,No,,0,0
ORD-11596,CUST-0396,2024-01-22,2024-01-26,2024-01-29,2024-02-01,Same Day,South,Miami,Office Supplies,Art,622.09,3,0.0,140.35,18.35,Not as Described,2024-02-05,552.58,Yes,4.0,3,1
ORD-11597,CUST-0397,2023-03-15,2023-03-17,2023-03-20,2023-03-20,Same Day,East,Miami,Office Supplies,Paper,289.68,7,0.0,60.09,9.7,,,,No,,0,0
ORD-11598,CUST-0398,2023-12-13,2023-12-17,2023-12-20,2023-12-23,First Class,South,Chicago,Technology,Accessories,431.36,2,0.0,114.54,29.81,Defective,2024-01-01,308.77,Yes,9.0,3,1
ORD-11599,CUST-0399,2024-05-22,2024-05-23,2024-05-25,2024-05-25,Second Class,South,New York,Technology,Phones,357.58,6,0.2,65.4,17.8,,,,No,,0,0
ORD-11600,CUST-0000,2023-06-08,2023-06-12,2023-06-14,2023-06-14,Second Class,South,Los Angeles,Office Supplies,Art,117.48,3,0.2,1.12,21.34,,,,No,,0,0
ORD-11601,CUST-0001,2023-04-25,2023-04-26,2023-04-30,2023-04-30,Same Day,South,Seattle,Technology,Phones,525.73,2,0.1,-25.11,5.39,,,,No,,0,0
ORD-11602,CUST-0002,2023-09-09,2023-09-14,2023-09-16,2023-09-16,Standard Class,East,Chicago,Furniture,Bookcases,77.78,5,0.3,-10.86,23.51,,,,No,,0,0
ORD-11603,CUST-0003,2024-10-04,2024-10-07,2024-10-09,2024-10-09,Same Day,West,Seattle,Office Supplies,Paper,352.21,3,0.1,-20.06,18.81,,,,No,,0,0
ORD-11604,CUST-0004,2024-04-01,2024-04-04,2024-04-06,2024-04-09,Same Day,South,Chicago,Office Supplies,Art,497.26,3,0.3,-26.66,9.69,,,,No,,3,1
ORD-11605,CUST-0005,2023-08-02,2023-08-03,2023-08-06,2023-08-06,Same Day,Central,Los Angeles,Office Supplies,Binders,1081.95,4,0.0,274.2,26.96,,,,No,,0,0
ORD-11606,CUST-0006,2024-11-24,2024-11-27,2024-11-30,2024-11-30,Same Day,West,New York,Office Supplies,Storage,852.28,4,0.3,-95.63,2.2,,,,No,,0,0
ORD-11607,CUST-0007,2024-02-18,2024-02-20,2024-02-23,2024-02-23,Second Class,West,Miami,Technology,Machines,261.42,4,0.3,38.91,13.77,,,,No,,0,0
ORD-11608,CUST-0008,2023-08-06,2023-08-08,2023-08-11,2023-08-12,Same Day,Central,Houston,Office Supplies,Storage,824.73,6,0.0,-111.52,22.01,,,,No,,1,1
ORD-11609,CUST-0009,2023-02-14,2023-02-15,2023-02-18,2023-02-21,Second Class,South,Los Angeles,Technology,Accessories,256.41,4,0.1,49.63,16.8,,,,No,,3,1
ORD-11610,CUST-0010,2023-08-03,2023-08-07,2023-08-10,2023-08-13,Same Day,West,Houston,Office Supplies,Paper,727.48,7,0.2,109.12,37.41,,,,No,,3,1
ORD-11611,CUST-0011,2023-01-03,2023-01-06,2023-01-08,2023-01-08,First Class,West,Seattle,Office Supplies,Storage,1100.75,5,0.0,131.7,18.12,,,,No,,0,0
ORD-11612,CUST-0012,2024-05-05,2024-05-06,2024-05-09,2024-05-09,Standard Class,East,New York,Technology,Machines,569.33,1,0.3,-1.38,26.49,,,,No,,0,0
ORD-11613,CUST-0013,2023-09-22,2023-09-25,2023-09-29,2023-09-29,Standard Class,East,Houston,Office Supplies,Storage,1069.17,4,0.0,320.03,43.13,,,,No,,0,0
ORD-11614,CUST-0014,2023-09-08,2023-09-10,2023-09-13,2023-09-13,Second Class,East,New York,Technology,Accessories,600.16,4,0.2,20.58,20.59,,,,No,,0,0
ORD-11615,CUST-0015,2024-09-19,2024-09-21,2024-09-24,2024-09-24,First Class,West,Seattle,Furniture,Bookcases,133.88,5,0.0,4.37,53.03,,,,No,,0,0
ORD-11616,CUST-0016,2023-04-27,2023-05-02,2023-05-05,2023-05-05,First Class,East,Miami,Office Supplies,Binders,1087.44,3,0.0,83.32,35.19,,,,No,,0,0
ORD-11617,CUST-0017,2024-02-09,2024-02-12,2024-02-16,2024-02-16,First Class,Central,Los Angeles,Furniture,Tables,200.09,6,0.0,30.7,48.88,,,,No,,0,0
ORD-11618,CUST-0018,2023-05-12,2023-05-14,2023-05-16,2023-05-16,Same Day,Central,Seattle,Office Supplies,Paper,308.47,4,0.0,50.42,3.05,,,,No,,0,0
ORD-11619,CUST-0019,2023-02-22,2023-02-26,2023-02-28,2023-02-28,First Class,South,Houston,Office Supplies,Storage,164.19,7,0.0,4.83,48.72,,,,No,,0,0
ORD-11620,CUST-0020,2024-09-17,2024-09-21,2024-09-24,2024-09-24,First Class,South,Los Angeles,Office Supplies,Binders,237.55,4,0.3,-7.75,51.55,,,,No,,0,0
ORD-11621,CUST-0021,2023-08-12,2023-08-14,2023-08-18,2023-08-18,Same Day,Central,Seattle,Office Supplies,Storage,1067.93,3,0.1,143.41,46.93,,,,No,,0,0
ORD-11622,CUST-0022,2024-02-17,2024-02-20,2024-02-23,2024-02-23,First Class,East,Chicago,Office Supplies,Paper,705.96,5,0.1,81.14,17.85,,,,No,,0,0
ORD-11623,CUST-0023,2024-02-26,2024-02-29,2024-03-03,2024-03-03,First Class,South,Los Angeles,Technology,Machines,1085.12,5,0.3,254.01,42.78,Damaged in Transit,2024-03-04,1004.73,Yes,1.0,0,0
ORD-11624,CUST-0024,2024-03-10,2024-03-14,2024-03-18,2024-03-19,Standard Class,Central,Los Angeles,Office Supplies,Storage,323.85,2,0.2,10.75,30.62,Damaged in Transit,2024-03-28,227.13,Yes,9.0,1,1
ORD-11625,CUST-0025,2023-04-24,2023-04-27,2023-04-30,2023-04-30,First Class,South,Chicago,Office Supplies,Binders,385.04,2,0.1,115.78,4.74,,,,No,,0,0
ORD-11626,CUST-0026,2023-03-10,2023-03-11,2023-03-13,2023-03-13,Standard Class,South,Chicago,Furniture,Tables,1102.13,4,0.1,-45.66,8.18,,,,No,,0,0
ORD-11627,CUST-0027,2023-10-04,2023-10-06,2023-10-10,2023-10-10,Second Class,South,Seattle,Office Supplies,Art,136.39,3,0.0,4.28,6.97,,,,No,,0,0
ORD-11628,CUST-0028,2023-11-03,2023-11-05,2023-11-07,2023-11-07,Standard Class,Central,Seattle,Furniture,Tables,89.83,7,0.2,26.29,25.33,,,,No,,0,0
ORD-11629,CUST-0029,2024-06-11,2024-06-13,2024-06-16,2024-06-16,First Class,South,Los Angeles,Technology,Copiers,863.31,1,0.0,117.68,18.35,,,,No,,0,0
ORD-11630,CUST-0030,2023-03-19,2023-03-21,2023-03-23,2023-03-23,First Class,East,New York,Office Supplies,Art,175.45,7,0.1,35.3,9.85,,,,No,,0,0
ORD-11631,CUST-0031,2024-06-24,2024-06-29,2024-07-03,2024-07-03,Standard Class,South,Seattle,Office Supplies,Paper,110.58,6,0.2,-7.54,7.01,,,,No,,0,0
ORD-11632,CUST-0032,2024-10-06,2024-10-08,2024-10-11,2024-10-13,Same Day,East,Chicago,Office Supplies,Binders,919.5,3,0.2,-128.66,16.12,Wrong Size,2024-10-21,728.32,Yes,8.0,2,1
ORD-11633,CUST-0033,2024-01-09,2024-01-13,2024-01-17,2024-01-17,Standard Class,South,New York,Office Supplies,Binders,877.94,4,0.1,54.7,21.87,,,,No,,0,0
ORD-11634,CUST-0034,2023-03-04,2023-03-07,2023-03-09,2023-03-09,Same Day,Central,Miami,Furniture,Bookcases,374.88,4,0.2,80.6,12.7,,,,No,,0,0
ORD-11635,CUST-0035,2023-12-27,2023-12-31,2024-01-03,2024-01-03,First Class,East,Los Angeles,Technology,Phones,284.02,2,0.1,13.08,6.05,,,,No,,0,0
ORD-11636,CUST-0036,2024-11-11,2024-11-14,2024-11-18,2024-11-20,Second Class,East,Los Angeles,Office Supplies,Paper,401.9,2,0.1,-37.64,30.95,Defective,2024-11-25,342.09,Yes,5.0,2,1
ORD-11637,CUST-0037,2023-03-17,2023-03-21,2023-03-24,2023-03-24,Standard Class,East,Miami,Office Supplies,Storage,910.51,4,0.1,139.49,31.19,Not as Described,2023-03-30,740.34,Yes,6.0,0,0
ORD-11638,CUST-0038,2024-05-11,2024-05-13,2024-05-15,2024-05-16,Second Class,Central,Los Angeles,Office Supplies,Art,246.92,1,0.1,75.34,4.53,,,,No,,1,1
ORD-11639,CUST-0039,2024-07-16,2024-07-20,2024-07-23,2024-07-23,Same Day,West,Miami,Furniture,Furnishings,935.11,7,0.3,191.61,6.36,,,,No,,0,0
ORD-11640,CUST-0040,2023-10-26,2023-10-28,2023-10-30,2023-10-30,Second Class,South,Houston,Office Supplies,Paper,798.31,6,0.1,-1.74,42.16,Defective,2023-11-04,632.46,Yes,5.0,0,0
ORD-11641,CUST-0041,2024-07-04,2024-07-07,2024-07-10,2024-07-10,First Class,Central,Houston,Technology,Machines,958.44,7,0.0,-43.66,5.89,,,,No,,0,0
ORD-11642,CUST-0042,2024-10-22,2024-10-29,2024-11-01,2024-11-01,Second Class,South,Chicago,Office Supplies,Paper,722.7,1,0.0,-38.7,54.53,Damaged in Transit,2024-11-05,686.02,Yes,4.0,0,0
ORD-11643,CUST-0043,2024-02-26,2024-03-01,2024-03-04,2024-03-06,Second Class,West,Houston,Technology,Phones,992.17,7,0.1,0.09,8.87,,,,No,,2,1
ORD-11644,CUST-0044,2024-02-16,2024-02-18,2024-02-22,2024-02-23,Standard Class,Central,Seattle,Technology,Accessories,839.56,7,0.0,278.34,34.23,,,,No,,1,1
ORD-11645,CUST-0045,2024-01-05,2024-01-08,2024-01-10,2024-01-10,Standard Class,Central,Seattle,Furniture,Tables,410.22,6,0.0,124.19,32.21,,,,No,,0,0
ORD-11646,CUST-0046,2024-07-17,2024-07-19,2024-07-22,2024-07-22,Same Day,Central,Seattle,Technology,Accessories,727.34,2,0.0,70.45,53.27,Damaged in Transit,2024-08-03,713.12,Yes,12.0,0,0
ORD-11647,CUST-0047,2024-11-12,2024-11-17,2024-11-21,2024-11-24,First Class,West,Seattle,Office Supplies,Storage,309.54,2,0.1,53.17,24.83,,,,No,,3,1
ORD-11648,CUST-0048,2024-07-18,2024-07-21,2024-07-25,2024-07-25,Second Class,South,Los Angeles,Technology,Phones,68.81,6,0.0,2.9,9.6,,,,No,,0,0
ORD-11649,CUST-0049,2024-01-17,2024-01-20,2024-01-22,2024-01-24,Standard Class,Central,New York,Technology,Accessories,1033.11,3,0.0,119.58,10.34,,,,No,,2,1
ORD-11650,CUST-0050,2023-01-19,2023-01-22,2023-01-24,2023-01-24,First Class,West,Houston,Technology,Accessories,926.98,2,0.0,317.47,54.39,,,,No,,0,0
ORD-11651,CUST-0051,2023-04-13,2023-04-18,2023-04-22,2023-04-22,First Class,West,Houston,Office Supplies,Art,723.68,7,0.1,-28.69,4.75,,,,No,,0,0
ORD-11652,CUST-0052,2024-06-28,2024-06-30,2024-07-03,2024-07-03,Same Day,South,Houston,Technology,Machines,159.08,5,0.1,25.6,49.4,,,,No,,0,0
ORD-11653,CUST-0053,2023-05-10,2023-05-15,2023-05-17,2023-05-20,Same Day,East,Houston,Technology,Machines,1007.44,2,0.1,3.72,46.87,,,,No,,3,1
ORD-11654,CUST-0054,2023-07-26,2023-07-28,2023-07-31,2023-07-31,Standard Class,South,Houston,Office Supplies,Paper,732.61,5,0.3,-24.35,48.86,,,,No,,0,0
ORD-11655,CUST-0055,2023-06-05,2023-06-09,2023-06-11,2023-06-11,Second Class,East,Los Angeles,Office Supplies,Binders,1036.04,4,0.3,42.06,37.07,,,,No,,0,0
ORD-11656,CUST-0056,2024-10-11,2024-10-12,2024-10-15,2024-10-15,Second Class,West,Houston,Office Supplies,Storage,565.11,6,0.2,131.74,40.37,,,,No,,0,0
ORD-11657,CUST-0057,2023-07-11,2023-07-13,2023-07-17,2023-07-17,Same Day,South,Los Angeles,Office Supplies,Art,287.76,5,0.0,48.9,15.16,,,,No,,0,0
ORD-11658,CUST-0058,2023-04-11,2023-04-12,2023-04-14,2023-04-15,Same Day,West,Los Angeles,Office Supplies,Storage,629.3,4,0.0,-45.1,43.11,,,,No,,1,1
ORD-11659,CUST-0059,2024-08-13,2024-08-15,2024-08-17,2024-08-18,Second Class,East,Houston,Technology,Machines,864.97,7,0.0,63.65,55.18,,,,No,,1,1
ORD-11660,CUST-0060,2024-10-26,2024-10-28,2024-10-31,2024-11-01,First Class,East,Seattle,Office Supplies,Storage,450.98,6,0.0,45.27,24.17,,,,No,,1,1
ORD-11661,CUST-0061,2023-12-31,2024-01-02,2024-01-05,2024-01-05,Standard Class,Central,Los Angeles,Office Supplies,Storage,1065.64,3,0.0,30.84,48.48,,,,No,,0,0
ORD-11662,CUST-0062,2023-09-29,2023-10-02,2023-10-05,2023-10-08,First Class,West,Chicago,Office Supplies,Paper,188.09,7,0.0,8.0,8.54,,,,No,,3,1
ORD-11663,CUST-0063,2024-08-03,2024-08-04,2024-08-06,2024-08-06,Same Day,Central,Seattle,Technology,Accessories,1050.89,7,0.1,158.42,25.27,,,,No,,0,0
ORD-11664,CUST-0064,2023-08-15,2023-08-22,2023-08-26,2023-08-27,Second Class,East,Chicago,Technology,Accessories,410.1,6,0.1,9.21,41.04,,,,No,,1,1
ORD-11665,CUST-0065,2023-10-30,2023-11-02,2023-11-06,2023-11-06,Standard Class,Central,Chicago,Furniture,Tables,988.68,2,0.2,0.26,19.12,,,,No,,0,0
ORD-11666,CUST-0066,2023-05-06,2023-05-09,2023-05-13,2023-05-15,First Class,South,Houston,Furniture,Furnishings,880.41,4,0.2,-31.17,53.22,,,,No,,2,1
ORD-11667,CUST-0067,2024-06-22,2024-06-25,2024-06-27,2024-06-27,Second Class,Central,Miami,Technology,Copiers,943.57,6,0.0,121.93,8.56,,,,No,,0,0
ORD-11668,CUST-0068,2024-04-04,2024-04-06,2024-04-09,2024-04-09,Same Day,West,Houston,Office Supplies,Paper,443.94,6,0.3,29.54,27.8,,,,No,,0,0
ORD-11669,CUST-0069,2024-10-10,2024-10-13,2024-10-17,2024-10-17,Standard Class,South,Chicago,Technology,Accessories,23.79,1,0.3,1.29,29.18,,,,No,,0,0
ORD-11670,CUST-0070,2023-12-02,2023-12-04,2023-12-06,2023-12-06,Second Class,West,Houston,Furniture,Chairs,398.12,2,0.1,99.47,14.4,,,,No,,0,0
ORD-11671,CUST-0071,2023-12-23,2023-12-30,2024-01-02,2024-01-05,Second Class,South,Miami,Office Supplies,Art,1104.0,1,0.0,265.75,28.54,,,,No,,3,1
ORD-11672,CUST-0072,2024-01-02,2024-01-03,2024-01-05,2024-01-07,Standard Class,West,Miami,Technology,Copiers,155.46,5,0.0,45.96,30.0,Wrong Size,2024-01-17,149.57,Yes,10.0,2,1
ORD-11673,CUST-0073,2024-10-11,2024-10-13,2024-10-16,2024-10-16,Same Day,Central,Houston,Office Supplies,Storage,733.52,2,0.1,16.1,51.02,,,,No,,0,0
ORD-11674,CUST-0074,2023-06-13,2023-06-14,2023-06-17,2023-06-18,Same Day,East,New York,Office Supplies,Art,1026.93,2,0.3,251.66,47.43,Damaged in Transit,2023-07-01,879.8,Yes,13.0,1,1
ORD-11675,CUST-0075,2024-02-27,2024-02-29,2024-03-03,2024-03-06,Second Class,East,New York,Furniture,Tables,590.89,2,0.0,103.4,53.04,Defective,2024-03-18,570.36,Yes,12.0,3,1
ORD-11676,CUST-0076,2024-04-05,2024-04-12,2024-04-15,2024-04-17,Second Class,Central,New York,Technology,Phones,385.41,4,0.0,130.1,37.49,Not as Described,2024-04-21,376.26,Yes,4.0,2,1
ORD-11677,CUST-0077,2024-06-19,2024-06-24,2024-06-28,2024-06-28,Same Day,West,Seattle,Technology,Copiers,1125.01,2,0.3,-2.28,22.58,,,,No,,0,0
ORD-11678,CUST-0078,2024-04-09,2024-04-10,2024-04-13,2024-04-13,First Class,Central,Los Angeles,Technology,Copiers,89.27,6,0.0,-12.38,36.22,,,,No,,0,0
ORD-11679,CUST-0079,2023-01-03,2023-01-07,2023-01-10,2023-01-10,Standard Class,West,Chicago,Office Supplies,Paper,1144.76,2,0.3,-30.95,12.8,,,,No,,0,0
ORD-11680,CUST-0080,2023-04-04,2023-04-05,2023-04-08,2023-04-08,Same Day,South,New York,Office Supplies,Storage,738.34,7,0.3,140.51,21.7,,,,No,,0,0
ORD-11681,CUST-0081,2023-02-09,2023-02-12,2023-02-16,2023-02-16,First Class,West,New York,Technology,Machines,67.68,2,0.0,5.41,58.83,,,,No,,0,0
ORD-11682,CUST-0082,2023-06-06,2023-06-09,2023-06-13,2023-06-13,Same Day,East,Los Angeles,Office Supplies,Binders,587.72,1,0.0,138.38,11.68,,,,No,,0,0
ORD-11683,CUST-0083,2024-10-04,2024-10-07,2024-10-10,2024-10-12,Second Class,South,Miami,Office Supplies,Art,1109.06,2,0.1,-57.85,10.83,,,,No,,2,1
ORD-11684,CUST-0084,2024-03-27,2024-03-29,2024-04-01,2024-04-03,First Class,Central,Chicago,Technology,Copiers,486.81,1,0.0,-1.52,58.74,,,,No,,2,1
ORD-11685,CUST-0085,2023-03-07,2023-03-09,2023-03-12,2023-03-12,First Class,Central,New York,Furniture,Furnishings,464.37,3,0.1,10.36,43.33,,,,No,,0,0
ORD-11686,CUST-0086,2024-02-25,2024-02-26,2024-02-28,2024-02-28,Standard Class,South,Chicago,Office Supplies,Art,1043.38,4,0.3,17.83,22.36,Not as Described,2024-03-09,858.46,Yes,10.0,0,0
ORD-11687,CUST-0087,2024-06-19,2024-06-20,2024-06-24,2024-06-24,Second Class,East,Miami,Furniture,Bookcases,633.28,6,0.3,23.55,14.08,,,,No,,0,0
ORD-11688,CUST-0088,2023-05-01,2023-05-05,2023-05-07,2023-05-07,Standard Class,West,Seattle,Technology,Copiers,160.67,6,0.0,53.56,51.22,,,,No,,0,0
ORD-11689,CUST-0089,2023-09-21,2023-09-22,2023-09-26,2023-09-26,First Class,South,New York,Furniture,Bookcases,1019.82,4,0.0,34.23,9.24,,,,No,,0,0
ORD-11690,CUST-0090,2024-02-06,2024-02-09,2024-02-12,2024-02-15,Same Day,West,Houston,Office Supplies,Storage,618.17,5,0.0,-41.55,20.26,,,,No,,3,1
ORD-11691,CUST-0091,2024-11-18,2024-11-22,2024-11-24,2024-11-24,Second Class,East,Seattle,Office Supplies,Paper,1177.27,3,0.0,289.75,6.91,,,,No,,0,0
ORD-11692,CUST-0092,2024-06-26,2024-06-29,2024-07-03,2024-07-03,First Class,East,Houston,Office Supplies,Binders,317.65,6,0.3,103.78,20.08,,,,No,,0,0
ORD-11693,CUST-0093,2023-11-24,2023-11-29,2023-12-02,2023-12-05,First Class,West,Houston,Office Supplies,Storage,731.13,6,0.0,89.16,12.26,,,,No,,3,1
ORD-11694,CUST-0094,2023-11-27,2023-11-30,2023-12-03,2023-12-03,Standard Class,West,New York,Furniture,Bookcases,395.68,6,0.3,59.13,46.29,,,,No,,0,0
ORD-11695,CUST-0095,2023-08-07,2023-08-09,2023-08-12,2023-08-13,Second Class,Central,New York,Technology,Phones,678.53,1,0.0,150.17,31.34,Defective,2023-08-21,532.67,Yes,8.0,1,1
ORD-11696,CUST-0096,2023-01-30,2023-02-01,2023-02-03,2023-02-03,Same Day,Central,Houston,Furniture,Furnishings,544.95,7,0.1,-48.86,59.44,,,,No,,0,0
ORD-11697,CUST-0097,2023-04-06,2023-04-07,2023-04-10,2023-04-10,Same Day,South,Chicago,Furniture,Furnishings,231.08,1,0.0,-33.68,9.08,,,,No,,0,0
ORD-11698,CUST-0098,2023-02-10,2023-02-12,2023-02-15,2023-02-15,Same Day,East,New York,Technology,Phones,609.95,4,0.1,-24.77,52.53,Wrong Size,2023-02-23,444.95,Yes,8.0,0,0
ORD-11699,CUST-0099,2024-02-17,2024-02-19,2024-02-21,2024-02-22,First Class,West,Miami,Technology,Phones,1096.3,7,0.1,134.84,23.71,Not as Described,2024-03-02,924.98,Yes,9.0,1,1
ORD-11700,CUST-0100,2024-01-12,2024-01-14,2024-01-16,2024-01-16,Same Day,South,Seattle,Technology,Machines,549.3,4,0.2,-2.42,52.29,,,,No,,0,0
ORD-11701,CUST-0101,2024-04-17,2024-04-19,2024-04-23,2024-04-23,Same Day,East,Chicago,Office Supplies,Binders,748.45,4,0.0,183.05,18.65,,,,No,,0,0
ORD-11702,CUST-0102,2024-01-11,2024-01-18,2024-01-20,2024-01-20,First Class,East,New York,Office Supplies,Paper,411.37,5,0.3,94.71,35.89,Defective,2024-01-23,404.74,Yes,3.0,0,0
ORD-11703,CUST-0103,2024-04-03,2024-04-06,2024-04-08,2024-04-10,Standard Class,West,Seattle,Technology,Machines,186.91,1,0.2,-3.77,37.44,Defective,2024-04-20,162.29,Yes,10.0,2,1
ORD-11704,CUST-0104,2024-11-29,2024-12-02,2024-12-06,2024-12-06,Standard Class,East,New York,Technology,Accessories,412.79,4,0.2,26.62,57.64,,,,No,,0,0
ORD-11705,CUST-0105,2023-06-18,2023-06-22,2023-06-24,2023-06-24,Same Day,East,Houston,Office Supplies,Storage,521.66,2,0.1,6.52,56.07,,,,No,,0,0
ORD-11706,CUST-0106,2023-08-09,2023-08-12,2023-08-15,2023-08-17,Same Day,South,Miami,Furniture,Bookcases,62.68,5,0.2,-3.25,53.29,,,,No,,2,1
ORD-11707,CUST-0107,2023-02-19,2023-02-21,2023-02-25,2023-02-25,Standard Class,East,New York,Office Supplies,Art,835.28,2,0.1,245.35,33.85,,,,No,,0,0
ORD-11708,CUST-0108,2024-10-16,2024-10-20,2024-10-23,2024-10-23,Same Day,South,New York,Office Supplies,Storage,856.04,3,0.3,186.94,2.97,,,,No,,0,0
ORD-11709,CUST-0109,2024-05-18,2024-05-21,2024-05-24,2024-05-24,Same Day,South,Miami,Furniture,Tables,295.66,4,0.1,4.78,24.82,,,,No,,0,0
ORD-11710,CUST-0110,2023-07-18,2023-07-21,2023-07-23,2023-07-23,Same Day,Central,Seattle,Office Supplies,Binders,37.55,6,0.1,-2.67,3.48,,,,No,,0,0
ORD-11711,CUST-0111,2024-06-10,2024-06-15,2024-06-19,2024-06-19,Same Day,South,Chicago,Office Supplies,Paper,1191.71,6,0.3,113.49,50.48,,,,No,,0,0
ORD-11712,CUST-0112,2024-03-16,2024-03-19,2024-03-22,2024-03-22,Standard Class,West,Miami,Technology,Phones,136.43,7,0.2,-14.44,58.29,,,,No,,0,0
ORD-11713,CUST-0113,2023-08-24,2023-08-28,2023-09-01,2023-09-02,Same Day,West,Houston,Furniture,Bookcases,1161.03,1,0.1,-28.26,54.76,,,,No,,1,1
ORD-11714,CUST-0114,2024-05-21,2024-05-24,2024-05-27,2024-05-27,Same Day,West,Chicago,Technology,Phones,388.24,1,0.0,119.0,6.55,,,,No,,0,0
ORD-11715,CUST-0115,2023-06-17,2023-06-20,2023-06-23,2023-06-23,Same Day,Central,Miami,Technology,Copiers,453.15,5,0.0,118.63,20.19,,,,No,,0,0
ORD-11716,CUST-0116,2024-05-11,2024-05-16,2024-05-19,2024-05-21,Second Class,South,Miami,Furniture,Bookcases,1137.3,7,0.3,-81.57,39.19,,,,No,,2,1
ORD-11717,CUST-0117,2023-04-22,2023-04-25,2023-04-29,2023-04-29,Same Day,East,Seattle,Office Supplies,Art,1112.23,5,0.2,229.77,32.4,,,,No,,0,0
ORD-11718,CUST-0118,2023-10-05,2023-10-08,2023-10-12,2023-10-12,Standard Class,East,Miami,Office Supplies,Binders,1015.23,5,0.1,242.29,21.87,,,,No,,0,0
ORD-11719,CUST-0119,2023-12-03,2023-12-06,2023-12-08,2023-12-08,Standard Class,West,Miami,Technology,Copiers,440.6,6,0.0,-34.13,51.77,,,,No,,0,0
ORD-11720,CUST-0120,2024-01-12,2024-01-14,2024-01-18,2024-01-18,Second Class,East,Seattle,Office Supplies,Art,693.6,3,0.2,189.43,20.55,,,,No,,0,0
ORD-11721,CUST-0121,2024-05-09,2024-05-10,2024-05-12,2024-05-12,Standard Class,South,Houston,Office Supplies,Binders,343.7,3,0.0,56.27,2.7,,,,No,,0,0
ORD-11722,CUST-0122,2024-06-26,2024-06-29,2024-07-01,2024-07-01,First Class,Central,Seattle,Furniture,Chairs,759.02,2,0.3,242.6,37.03,,,,No,,0,0
ORD-11723,CUST-0123,2024-11-26,2024-12-01,2024-12-05,2024-12-05,Same Day,Central,Houston,Office Supplies,Paper,186.84,6,0.2,-17.14,46.96,,,,No,,0,0
ORD-11724,CUST-0124,2024-06-01,2024-06-04,2024-06-06,2024-06-06,Second Class,Central,Seattle,Office Supplies,Paper,757.24,4,0.3,57.32,34.52,,,,No,,0,0
ORD-11725,CUST-0125,2024-09-30,2024-10-01,2024-10-04,2024-10-04,Second Class,Central,New York,Furniture,Chairs,229.52,4,0.1,36.47,9.98,Damaged in Transit,2024-10-12,206.63,Yes,8.0,0,0
ORD-11726,CUST-0126,2023-12-26,2023-12-30,2024-01-03,2024-01-03,Standard Class,Central,Los Angeles,Office Supplies,Paper,955.25,4,0.2,209.4,57.01,Damaged in Transit,2024-01-06,701.02,Yes,3.0,0,0
ORD-11727,CUST-0127,2023-08-19,2023-08-22,2023-08-26,2023-08-29,Standard Class,West,Miami,Office Supplies,Art,151.29,2,0.1,-8.68,4.27,Wrong Size,2023-08-31,112.42,Yes,2.0,3,1
ORD-11728,CUST-0128,2024-04-25,2024-04-27,2024-05-01,2024-05-04,Second Class,West,New York,Office Supplies,Storage,762.39,7,0.2,145.28,14.98,,,,No,,3,1
ORD-11729,CUST-0129,2024-11-28,2024-11-29,2024-12-02,2024-12-02,Second Class,West,Chicago,Office Supplies,Binders,176.58,7,0.3,2.18,28.52,,,,No,,0,0
ORD-11730,CUST-0130,2024-06-26,2024-06-28,2024-07-01,2024-07-01,Same Day,East,Houston,Furniture,Tables,1119.44,6,0.2,317.69,31.31,,,,No,,0,0
ORD-11731,CUST-0131,2024-08-10,2024-08-11,2024-08-15,2024-08-15,Same Day,East,New York,Technology,Machines,617.2,3,0.3,0.3,56.15,,,,No,,0,0
ORD-11732,CUST-0132,2024-06-04,2024-06-07,2024-06-11,2024-06-11,Standard Class,West,Seattle,Technology,Copiers,683.0,4,0.1,124.3,15.96,Wrong Size,2024-06-13,573.27,Yes,2.0,0,0
ORD-11733,CUST-0133,2023-05-30,2023-05-31,2023-06-04,2023-06-04,Second Class,West,Miami,Technology,Machines,48.41,7,0.0,6.84,42.95,,,,No,,0,0
ORD-11734,CUST-0134,2023-09-13,2023-09-15,2023-09-18,2023-09-20,Standard Class,East,Seattle,Technology,Accessories,552.0,4,0.0,140.87,3.65,,,,No,,2,1
ORD-11735,CUST-0135,2023-04-01,2023-04-02,2023-04-04,2023-04-04,First Class,West,Miami,Office Supplies,Art,892.33,7,0.2,189.81,13.73,,,,No,,0,0
ORD-11736,CUST-0136,2023-05-01,2023-05-06,2023-05-09,2023-05-09,Second Class,South,Miami,Furniture,Bookcases,1039.44,2,0.3,333.16,12.49,,,,No,,0,0
ORD-11737,CUST-0137,2023-08-25,2023-08-28,2023-08-30,2023-08-30,Same Day,East,Los Angeles,Office Supplies,Storage,1189.34,1,0.0,268.5,47.9,,,,No,,0,0
ORD-11738,CUST-0138,2024-10-14,2024-10-19,2024-10-21,2024-10-21,Second Class,Central,Seattle,Furniture,Chairs,859.36,5,0.2,102.04,30.91,,,,No,,0,0
ORD-11739,CUST-0139,2023-09-04,2023-09-05,2023-09-07,2023-09-07,First Class,East,Seattle,Office Supplies,Storage,330.97,5,0.0,-48.01,2.59,,,,No,,0,0
ORD-11740,CUST-0140,2024-09-30,2024-10-04,2024-10-08,2024-10-08,Second Class,Central,New York,Office Supplies,Storage,382.78,3,0.0,-21.13,48.8,,,,No,,0,0
ORD-11741,CUST-0141,2024-05-15,2024-05-17,2024-05-19,2024-05-19,Second Class,East,Houston,Technology,Copiers,907.05,3,0.3,226.62,8.97,Wrong Size,2024-05-28,893.79,Yes,9.0,0,0
ORD-11742,CUST-0142,2023-02-01,2023-02-05,2023-02-09,2023-02-12,Second Class,West,Seattle,Office Supplies,Storage,852.1,2,0.0,195.8,22.0,Defective,2023-02-16,688.7,Yes,4.0,3,1
ORD-11743,CUST-0143,2024-02-13,2024-02-16,2024-02-18,2024-02-18,Second Class,East,Seattle,Technology,Machines,54.05,7,0.3,17.73,38.25,,,,No,,0,0
ORD-11744,CUST-0144,2023-12-17,2023-12-21,2023-12-24,2023-12-24,Standard Class,South,Miami,Office Supplies,Storage,646.22,3,0.3,10.41,22.04,,,,No,,0,0
ORD-11745,CUST-0145,2024-08-03,2024-08-10,2024-08-13,2024-08-13,Standard Class,East,Chicago,Furniture,Furnishings,308.61,5,0.0,46.61,34.77,,,,No,,0,0
ORD-11746,CUST-0146,2023-02-13,2023-02-18,2023-02-22,2023-02-22,Standard Class,West,Houston,Office Supplies,Art,358.95,2,0.2,6.65,33.78,,,,No,,0,0
ORD-11747,CUST-0147,2023-04-08,2023-04-10,2023-04-14,2023-04-16,First Class,West,Miami,Office Supplies,Storage,772.35,1,0.0,171.93,39.48,,,,No,,2,1
ORD-11748,CUST-0148,2023-02-28,2023-03-03,2023-03-05,2023-03-05,Standard Class,East,Los Angeles,Office Supplies,Binders,20.18,5,0.0,-0.84,45.12,Defective,2023-03-10,19.44,Yes,5.0,0,0
ORD-11749,CUST-0149,2024-01-02,2024-01-09,2024-01-13,2024-01-13,Standard Class,East,Seattle,Office Supplies,Storage,871.73,6,0.3,187.68,7.47,,,,No,,0,0
ORD-11750,CUST-0150,2024-01-29,2024-02-05,2024-02-09,2024-02-11,Standard Class,East,Houston,Office Supplies,Storage,303.03,1,0.0,76.18,46.05,,,,No,,2,1
ORD-11751,CUST-0151,2023-05-28,2023-06-01,2023-06-03,2023-06-04,Standard Class,East,Miami,Office Supplies,Binders,100.45,2,0.0,-7.55,57.18,,,,No,,1,1
ORD-11752,CUST-0152,2024-10-06,2024-10-11,2024-10-14,2024-10-16,Same Day,Central,New York,Office Supplies,Storage,332.06,7,0.1,83.84,20.02,Damaged in Transit,2024-10-18,244.42,Yes,2.0,2,1
ORD-11753,CUST-0153,2024-02-08,2024-02-13,2024-02-15,2024-02-15,Second Class,East,Houston,Office Supplies,Paper,450.44,2,0.0,21.18,33.18,,,,No,,0,0
ORD-11754,CUST-0154,2023-01-23,2023-01-24,2023-01-26,2023-01-26,Same Day,East,Seattle,Furniture,Chairs,868.49,7,0.3,202.46,35.35,,,,No,,0,0
ORD-11755,CUST-0155,2023-09-14,2023-09-18,2023-09-21,2023-09-21,Second Class,West,New York,Technology,Copiers,783.64,5,0.0,26.46,58.92,,,,No,,0,0
ORD-11756,CUST-0156,2023-05-07,2023-05-14,2023-05-16,2023-05-16,Same Day,West,Miami,Office Supplies,Paper,1125.07,4,0.0,-139.07,44.97,,,,No,,0,0
ORD-11757,CUST-0157,2024-06-12,2024-06-14,2024-06-17,2024-06-17,Standard Class,East,New York,Office Supplies,Storage,1069.57,2,0.3,61.14,17.48,,,,No,,0,0
ORD-11758,CUST-0158,2023-01-02,2023-01-07,2023-01-10,2023-01-10,Same Day,East,New York,Furniture,Tables,804.43,6,0.3,-96.77,50.14,,,,No,,0,0
ORD-11759,CUST-0159,2024-09-10,2024-09-11,2024-09-15,2024-09-17,First Class,West,Chicago,Office Supplies,Binders,52.4,1,0.3,12.22,4.02,,,,No,,2,1
ORD-11760,CUST-0160,2024-08-18,2024-08-19,2024-08-23,2024-08-24,First Class,South,New York,Technology,Copiers,223.67,3,0.2,48.0,22.66,,,,No,,1,1
ORD-11761,CUST-0161,2024-02-16,2024-02-18,2024-02-20,2024-02-20,Same Day,East,Miami,Technology,Phones,1067.53,6,0.0,255.99,17.34,,,,No,,0,0
ORD-11762,CUST-0162,2023-06-30,2023-07-03,2023-07-05,2023-07-05,Same Day,South,Los Angeles,Technology,Phones,1024.6,7,0.0,229.51,12.16,,,,No,,0,0
ORD-11763,CUST-0163,2023-05-05,2023-05-06,2023-05-10,2023-05-10,Same Day,Central,Seattle,Office Supplies,Storage,370.7,2,0.0,-45.69,58.84,,,,No,,0,0
ORD-11764,CUST-0164,2024-02-06,2024-02-07,2024-02-09,2024-02-09,Same Day,West,Houston,Technology,Accessories,681.66,4,0.1,-96.27,38.57,,,,No,,0,0
ORD-11765,CUST-0165,2024-07-24,2024-07-27,2024-07-30,2024-08-01,First Class,Central,Chicago,Office Supplies,Art,1076.14,6,0.0,65.17,32.99,,,,No,,2,1
ORD-11766,CUST-0166,2023-02-22,2023-02-23,2023-02-26,2023-02-28,Standard Class,East,Houston,Technology,Copiers,385.81,7,0.3,109.95,2.5,,,,No,,2,1
ORD-11767,CUST-0167,2023-01-09,2023-01-14,2023-01-17,2023-01-17,Standard Class,East,New York,Office Supplies,Art,195.8,6,0.0,35.77,19.23,,,,No,,0,0
ORD-11768,CUST-0168,2024-08-30,2024-09-02,2024-09-05,2024-09-06,Same Day,West,Miami,Office Supplies,Binders,884.88,3,0.0,-103.16,2.5,,,,No,,1,1
ORD-11769,CUST-0169,2024-04-13,2024-04-20,2024-04-22,2024-04-22,Second Class,West,Houston,Office Supplies,Paper,478.71,5,0.1,75.6,36.59,,,,No,,0,0
ORD-11770,CUST-0170,2024-03-28,2024-03-30,2024-04-02,2024-04-04,First Class,West,Chicago,Office Supplies,Art,26.76,1,0.2,6.02,22.81,,,,No,,2,1
ORD-11771,CUST-0171,2024-08-11,2024-08-18,2024-08-21,2024-08-21,Standard Class,West,Houston,Office Supplies,Storage,853.81,7,0.2,21.91,53.67,Not as Described,2024-08-30,755.71,Yes,9.0,0,0
ORD-11772,CUST-0172,2024-01-11,2024-01-16,2024-01-19,2024-01-19,Standard Class,East,Miami,Office Supplies,Binders,228.46,1,0.0,75.69,39.79,,,,No,,0,0
ORD-11773,CUST-0173,2024-07-30,2024-08-01,2024-08-03,2024-08-03,Same Day,Central,Chicago,Technology,Copiers,466.16,2,0.0,-65.63,9.87,,,,No,,0,0
ORD-11774,CUST-0174,2023-09-12,2023-09-16,2023-09-18,2023-09-18,Second Class,East,Los Angeles,Office Supplies,Art,1040.02,4,0.0,48.6,51.05,Wrong Size,2023-09-25,915.41,Yes,7.0,0,0
ORD-11775,CUST-0175,2023-12-12,2023-12-15,2023-12-17,2023-12-17,Same Day,South,New York,Technology,Phones,222.64,5,0.0,11.13,31.34,,,,No,,0,0
ORD-11776,CUST-0176,2023-11-01,2023-11-08,2023-11-12,2023-11-15,Second Class,South,Miami,Office Supplies,Paper,73.89,4,0.3,9.98,29.24,,,,No,,3,1
ORD-11777,CUST-0177,2023-07-24,2023-07-26,2023-07-28,2023-07-30,Second Class,East,Los Angeles,Office Supplies,Binders,360.72,6,0.0,-35.48,17.12,No Longer Needed,2023-08-02,345.56,Yes,3.0,2,1
ORD-11778,CUST-0178,2023-09-03,2023-09-06,2023-09-10,2023-09-10,Standard Class,East,Houston,Technology,Machines,298.45,5,0.3,36.38,54.18,,,,No,,0,0
ORD-11779,CUST-0179,2024-11-15,2024-11-22,2024-11-26,2024-11-29,Standard Class,East,Chicago,Office Supplies,Binders,1182.91,3,0.3,88.09,2.7,,,,No,,3,1
ORD-11780,CUST-0180,2024-07-19,2024-07-21,2024-07-23,2024-07-23,First Class,Central,Chicago,Technology,Copiers,285.69,1,0.1,-6.8,54.84,,,,No,,0,0
ORD-11781,CUST-0181,2023-10-21,2023-10-25,2023-10-29,2023-10-30,Standard Class,Central,Los Angeles,Office Supplies,Art,1085.94,4,0.3,-145.71,55.76,,,,No,,1,1
ORD-11782,CUST-0182,2023-06-17,2023-06-22,2023-06-25,2023-06-25,Same Day,Central,Los Angeles,Office Supplies,Binders,18.23,4,0.1,-1.39,14.76,Wrong Size,2023-07-01,12.78,Yes,6.0,0,0
ORD-11783,CUST-0183,2024-02-29,2024-03-03,2024-03-07,2024-03-07,Second Class,East,Los Angeles,Technology,Copiers,1198.4,4,0.0,-178.16,48.13,,,,No,,0,0
ORD-11784,CUST-0184,2024-01-02,2024-01-06,2024-01-08,2024-01-08,Same Day,West,Houston,Office Supplies,Paper,380.43,2,0.0,133.09,47.12,,,,No,,0,0
ORD-11785,CUST-0185,2024-01-05,2024-01-10,2024-01-13,2024-01-13,Standard Class,South,Houston,Technology,Accessories,365.3,5,0.3,-35.8,18.16,,,,No,,0,0
ORD-11786,CUST-0186,2023-02-01,2023-02-02,2023-02-04,2023-02-06,Standard Class,East,Miami,Office Supplies,Storage,873.56,2,0.3,-121.47,14.96,,,,No,,2,1
ORD-11787,CUST-0187,2024-10-04,2024-10-06,2024-10-08,2024-10-08,Second Class,East,Houston,Office Supplies,Art,322.14,5,0.2,27.13,7.67,,,,No,,0,0
ORD-11788,CUST-0188,2024-11-01,2024-11-04,2024-11-08,2024-11-08,Standard Class,Central,Los Angeles,Office Supplies,Art,45.46,3,0.2,5.19,4.35,,,,No,,0,0
ORD-11789,CUST-0189,2024-08-27,2024-08-29,2024-09-02,2024-09-02,First Class,East,Seattle,Office Supplies,Storage,1031.45,4,0.3,-84.73,52.93,,,,No,,0,0
ORD-11790,CUST-0190,2024-01-19,2024-01-21,2024-01-24,2024-01-24,Standard Class,Central,Seattle,Office Supplies,Storage,788.65,2,0.2,-22.41,21.86,,,,No,,0,0
ORD-11791,CUST-0191,2023-06-20,2023-06-23,2023-06-27,2023-06-27,Standard Class,South,New York,Office Supplies,Art,164.32,1,0.2,20.45,50.99,,,,No,,0,0
ORD-11792,CUST-0192,2024-07-11,2024-07-15,2024-07-18,2024-07-20,Standard Class,East,Seattle,Office Supplies,Binders,267.84,1,0.1,82.14,29.62,,,,No,,2,1
ORD-11793,CUST-0193,2023-03-04,2023-03-08,2023-03-10,2023-03-10,Second Class,West,New York,Technology,Copiers,340.88,6,0.3,11.91,6.63,Damaged in Transit,2023-03-17,258.04,Yes,7.0,0,0
ORD-11794,CUST-0194,2023-09-23,2023-09-24,2023-09-28,2023-09-28,Second Class,West,Chicago,Technology,Accessories,345.38,2,0.0,57.1,11.99,,,,No,,0,0
ORD-11795,CUST-0195,2023-10-28,2023-10-30,2023-11-03,2023-11-04,First Class,East,Chicago,Furniture,Tables,553.7,4,0.0,170.83,41.63,,,,No,,1,1
ORD-11796,CUST-0196,2023-03-30,2023-04-01,2023-04-04,2023-04-06,Same Day,East,Los Angeles,Office Supplies,Binders,330.32,4,0.1,-17.98,26.39,,,,No,,2,1
ORD-11797,CUST-0197,2023-12-26,2023-12-30,2024-01-03,2024-01-03,Second Class,South,Chicago,Office Supplies,Binders,1136.79,2,0.1,64.94,22.19,,,,No,,0,0
ORD-11798,CUST-0198,2024-02-28,2024-03-02,2024-03-06,2024-03-06,First Class,South,Houston,Technology,Phones,118.21,1,0.2,31.62,56.69,,,,No,,0,0
ORD-11799,CUST-0199,2024-02-01,2024-02-05,2024-02-09,2024-02-09,First Class,Central,New York,Furniture,Furnishings,59.42,1,0.3,7.89,48.24,,,,No,,0,0
ORD-11800,CUST-0200,2024-11-04,2024-11-06,2024-11-08,2024-11-08,Same Day,South,Houston,Technology,Machines,510.11,6,0.0,62.78,23.75,,,,No,,0,0
ORD-11801,CUST-0201,2024-02-19,2024-02-23,2024-02-25,2024-02-25,First Class,Central,Chicago,Technology,Accessories,633.32,7,0.0,28.63,6.13,,,,No,,0,0
ORD-11802,CUST-0202,2023-03-30,2023-04-03,2023-04-06,2023-04-06,First Class,South,Miami,Furniture,Tables,593.47,2,0.2,136.87,17.24,,,,No,,0,0
ORD-11803,CUST-0203,2023-05-28,2023-05-30,2023-06-02,2023-06-02,First Class,East,Houston,Office Supplies,Paper,566.15,7,0.2,-37.38,55.38,,,,No,,0,0
ORD-11804,CUST-0204,2024-10-06,2024-10-08,2024-10-10,2024-10-10,First Class,West,New York,Office Supplies,Paper,19.11,2,0.3,0.25,26.04,,,,No,,0,0
ORD-11805,CUST-0205,2024-10-31,2024-11-01,2024-11-05,2024-11-05,Same Day,Central,Chicago,Office Supplies,Binders,206.84,1,0.1,53.7,11.32,,,,No,,0,0
ORD-11806,CUST-0206,2023-06-25,2023-07-02,2023-07-05,2023-07-07,Same Day,Central,Los Angeles,Office Supplies,Binders,946.62,3,0.3,236.78,15.63,,,,No,,2,1
ORD-11807,CUST-0207,2023-02-27,2023-03-01,2023-03-05,2023-03-07,First Class,South,Chicago,Office Supplies,Binders,218.15,5,0.2,74.57,13.03,,,,No,,2,1
ORD-11808,CUST-0208,2024-09-20,2024-09-22,2024-09-24,2024-09-25,Standard Class,South,Houston,Technology,Accessories,563.09,1,0.3,-77.71,34.43,Defective,2024-10-07,431.27,Yes,12.0,1,1
ORD-11809,CUST-0209,2023-11-06,2023-11-08,2023-11-11,2023-11-11,Same Day,Central,Los Angeles,Office Supplies,Storage,430.67,2,0.1,-19.36,12.03,,,,No,,0,0
ORD-11810,CUST-0210,2024-05-15,2024-05-18,2024-05-22,2024-05-23,First Class,East,Seattle,Technology,Machines,849.17,2,0.3,201.82,28.41,,,,No,,1,1
ORD-11811,CUST-0211,2023-10-15,2023-10-18,2023-10-22,2023-10-22,Standard Class,West,Los Angeles,Furniture,Chairs,591.7,3,0.0,-51.45,30.36,,,,No,,0,0
ORD-11812,CUST-0212,2023-07-15,2023-07-18,2023-07-20,2023-07-20,Second Class,West,Seattle,Office Supplies,Art,970.76,3,0.0,-49.81,30.78,,,,No,,0,0
ORD-11813,CUST-0213,2024-10-12,2024-10-14,2024-10-16,2024-10-18,Second Class,South,Chicago,Office Supplies,Binders,893.98,5,0.0,31.61,25.63,,,,No,,2,1
ORD-11814,CUST-0214,2023-11-01,2023-11-03,2023-11-05,2023-11-05,Standard Class,South,Seattle,Office Supplies,Binders,795.33,3,0.2,129.26,18.87,Damaged in Transit,2023-11-11,783.39,Yes,6.0,0,0
ORD-11815,CUST-0215,2023-12-30,2024-01-03,2024-01-05,2024-01-05,First Class,West,Houston,Office Supplies,Storage,1145.51,6,0.3,1.66,47.2,,,,No,,0,0
ORD-11816,CUST-0216,2024-10-22,2024-10-23,2024-10-27,2024-10-27,Same Day,West,Houston,Technology,Phones,313.06,4,0.3,23.53,49.45,Damaged in Transit,2024-11-06,233.58,Yes,10.0,0,0
ORD-11817,CUST-0217,2024-01-03,2024-01-04,2024-01-08,2024-01-08,Same Day,East,Seattle,Furniture,Bookcases,1074.96,7,0.3,180.45,53.63,,,,No,,0,0
ORD-11818,CUST-0218,2024-07-26,2024-07-28,2024-07-30,2024-07-30,First Class,East,New York,Office Supplies,Binders,115.76,4,0.2,30.16,51.97,Damaged in Transit,2024-08-10,82.32,Yes,11.0,0,0
ORD-11819,CUST-0219,2023-08-11,2023-08-18,2023-08-20,2023-08-20,Second Class,East,Los Angeles,Furniture,Furnishings,74.2,7,0.0,17.16,51.25,,,,No,,0,0
ORD-11820,CUST-0220,2024-01-12,2024-01-17,2024-01-19,2024-01-19,Same Day,West,Seattle,Technology,Copiers,800.05,2,0.3,249.27,53.24,,,,No,,0,0
ORD-11821,CUST-0221,2024-02-05,2024-02-07,2024-02-09,2024-02-09,Second Class,West,Houston,Technology,Phones,678.41,3,0.1,4.05,51.64,,,,No,,0,0
ORD-11822,CUST-0222,2024-05-20,2024-05-25,2024-05-27,2024-05-27,First Class,South,Chicago,Furniture,Bookcases,605.33,1,0.1,-55.9,11.24,,,,No,,0,0
ORD-11823,CUST-0223,2023-05-05,2023-05-12,2023-05-15,2023-05-16,Same Day,East,Seattle,Office Supplies,Paper,123.69,6,0.1,-3.8,48.59,,,,No,,1,1
ORD-11824,CUST-0224,2024-06-17,2024-06-19,2024-06-21,2024-06-21,Second Class,Central,New York,Technology,Machines,507.51,5,0.3,129.2,19.7,,,,No,,0,0
ORD-11825,CUST-0225,2023-05-17,2023-05-20,2023-05-22,2023-05-22,Standard Class,West,New York,Furniture,Bookcases,610.15,5,0.1,183.07,49.96,,,,No,,0,0
ORD-11826,CUST-0226,2023-12-17,2023-12-19,2023-12-21,2023-12-21,Second Class,South,New York,Furniture,Furnishings,461.69,6,0.3,36.91,40.06,,,,No,,0,0
ORD-11827,CUST-0227,2024-10-04,2024-10-06,2024-10-09,2024-10-10,Second Class,West,Seattle,Furniture,Chairs,125.17,1,0.0,-1.67,37.88,No Longer Needed,2024-10-20,107.69,Yes,10.0,1,1
ORD-11828,CUST-0228,2024-11-22,2024-11-24,2024-11-26,2024-11-26,Standard Class,West,Seattle,Technology,Phones,910.32,1,0.1,-93.69,53.27,,,,No,,0,0
ORD-11829,CUST-0229,2023-12-09,2023-12-14,2023-12-18,2023-12-19,First Class,West,Los Angeles,Furniture,Tables,978.9,1,0.3,-129.39,58.53,No Longer Needed,2023-12-25,840.45,Yes,6.0,1,1
ORD-11830,CUST-0230,2024-09-30,2024-10-02,2024-10-05,2024-10-05,First Class,East,Seattle,Technology,Phones,170.07,1,0.3,15.99,11.48,,,,No,,0,0
ORD-11831,CUST-0231,2023-02-13,2023-02-14,2023-02-16,2023-02-16,Standard Class,East,Houston,Furniture,Furnishings,980.76,3,0.1,52.12,9.44,,,,No,,0,0
ORD-11832,CUST-0232,2023-02-24,2023-02-27,2023-03-03,2023-03-04,Same Day,Central,Seattle,Office Supplies,Paper,700.29,2,0.1,-53.17,59.63,,,,No,,1,1
ORD-11833,CUST-0233,2023-10-31,2023-11-02,2023-11-04,2023-11-07,Second Class,Central,Houston,Office Supplies,Binders,75.18,2,0.1,6.62,20.43,,,,No,,3,1
ORD-11834,CUST-0234,2023-02-07,2023-02-14,2023-02-16,2023-02-16,Same Day,Central,Miami,Technology,Phones,1056.01,2,0.0,80.85,14.91,,,,No,,0,0
ORD-11835,CUST-0235,2023-05-03,2023-05-07,2023-05-10,2023-05-10,First Class,South,New York,Office Supplies,Storage,1070.11,6,0.1,33.38,24.38,,,,No,,0,0
ORD-11836,CUST-0236,2024-01-29,2024-01-30,2024-02-03,2024-02-04,First Class,East,Seattle,Office Supplies,Paper,228.58,2,0.3,41.55,19.72,Wrong Size,2024-02-17,217.89,Yes,13.0,1,1
ORD-11837,CUST-0237,2024-06-17,2024-06-22,2024-06-24,2024-06-27,First Class,East,Miami,Technology,Copiers,285.88,6,0.1,53.99,12.86,,,,No,,3,1
ORD-11838,CUST-0238,2024-05-15,2024-05-19,2024-05-23,2024-05-23,Same Day,West,Houston,Technology,Copiers,332.92,7,0.1,102.71,45.8,,,,No,,0,0
ORD-11839,CUST-0239,2023-10-25,2023-10-29,2023-10-31,2023-11-03,First Class,East,New York,Technology,Accessories,919.7,7,0.0,-24.12,53.18,,,,No,,3,1
ORD-11840,CUST-0240,2023-05-31,2023-06-07,2023-06-10,2023-06-10,Second Class,South,Los Angeles,Office Supplies,Paper,394.8,1,0.1,63.53,22.7,,,,No,,0,0
ORD-11841,CUST-0241,2023-06-06,2023-06-10,2023-06-13,2023-06-13,Standard Class,West,Houston,Office Supplies,Art,491.7,3,0.3,-55.81,40.25,,,,No,,0,0
ORD-11842,CUST-0242,2024-02-20,2024-02-25,2024-02-28,2024-02-28,Same Day,West,Miami,Technology,Machines,887.68,4,0.0,308.08,26.59,,,,No,,0,0
ORD-11843,CUST-0243,2024-08-19,2024-08-24,2024-08-26,2024-08-26,Standard Class,West,Los Angeles,Office Supplies,Art,792.79,5,0.1,274.87,26.69,,,,No,,0,0
ORD-11844,CUST-0244,2024-06-05,2024-06-06,2024-06-08,2024-06-08,Standard Class,East,Houston,Office Supplies,Art,984.77,6,0.2,288.35,43.34,,,,No,,0,0
ORD-11845,CUST-0245,2023-12-07,2023-12-10,2023-12-14,2023-12-15,First Class,Central,Los Angeles,Office Supplies,Art,657.61,7,0.3,-6.96,20.66,,,,No,,1,1
ORD-11846,CUST-0246,2023-12-29,2024-01-01,2024-01-03,2024-01-04,Standard Class,West,Houston,Office Supplies,Binders,682.43,6,0.0,129.43,8.42,Defective,2024-01-12,671.96,Yes,8.0,1,1
ORD-11847,CUST-0247,2024-11-28,2024-12-01,2024-12-05,2024-12-05,Standard Class,East,Houston,Technology,Phones,1087.15,3,0.0,231.47,37.37,,,,No,,0,0
ORD-11848,CUST-0248,2024-06-29,2024-07-02,2024-07-04,2024-07-05,First Class,East,Houston,Technology,Accessories,112.6,1,0.0,14.3,46.53,,,,No,,1,1
ORD-11849,CUST-0249,2023-06-14,2023-06-19,2023-06-22,2023-06-22,First Class,South,Seattle,Office Supplies,Art,437.5,5,0.0,-13.03,7.51,Damaged in Transit,2023-06-30,376.93,Yes,8.0,0,0
ORD-11850,CUST-0250,2023-05-09,2023-05-11,2023-05-13,2023-05-13,Same Day,Central,Seattle,Technology,Machines,785.84,7,0.2,22.08,25.16,,,,No,,0,0
ORD-11851,CUST-0251,2024-11-08,2024-11-10,2024-11-14,2024-11-14,Standard Class,East,Miami,Office Supplies,Binders,619.85,7,0.0,129.41,36.78,,,,No,,0,0
ORD-11852,CUST-0252,2024-10-30,2024-11-04,2024-11-07,2024-11-09,First Class,South,Los Angeles,Technology,Copiers,1183.62,1,0.3,-59.75,14.96,Not as Described,2024-11-14,1158.76,Yes,5.0,2,1
ORD-11853,CUST-0253,2024-04-23,2024-04-28,2024-05-01,2024-05-02,Standard Class,West,Los Angeles,Technology,Machines,927.56,3,0.0,202.85,44.77,,,,No,,1,1
ORD-11854,CUST-0254,2024-06-20,2024-06-22,2024-06-25,2024-06-25,Second Class,South,Los Angeles,Technology,Copiers,470.71,3,0.3,130.84,45.72,,,,No,,0,0
ORD-11855,CUST-0255,2024-07-21,2024-07-25,2024-07-28,2024-07-29,First Class,Central,New York,Technology,Machines,151.98,7,0.3,45.25,6.43,,,,No,,1,1
ORD-11856,CUST-0256,2023-04-09,2023-04-11,2023-04-13,2023-04-13,Second Class,South,Los Angeles,Technology,Copiers,717.48,6,0.0,23.87,13.37,,,,No,,0,0
ORD-11857,CUST-0257,2024-09-26,2024-10-03,2024-10-07,2024-10-08,Same Day,South,Seattle,Furniture,Tables,317.25,6,0.0,14.03,36.09,,,,No,,1,1
ORD-11858,CUST-0258,2023-07-27,2023-07-28,2023-07-31,2023-07-31,Same Day,East,Seattle,Furniture,Chairs,61.47,6,0.1,7.05,44.05,,,,No,,0,0
ORD-11859,CUST-0259,2023-01-20,2023-01-23,2023-01-27,2023-01-27,First Class,East,New York,Technology,Phones,1163.59,6,0.0,68.71,21.56,Wrong Size,2023-01-31,1067.65,Yes,4.0,0,0
ORD-11860,CUST-0260,2023-06-21,2023-06-23,2023-06-25,2023-06-28,Standard Class,Central,Houston,Technology,Copiers,1021.99,7,0.2,350.95,42.43,,,,No,,3,1
ORD-11861,CUST-0261,2023-08-22,2023-08-25,2023-08-29,2023-08-31,Same Day,South,Miami,Technology,Copiers,845.13,5,0.1,87.44,18.1,,,,No,,2,1
ORD-11862,CUST-0262,2024-10-04,2024-10-06,2024-10-09,2024-10-10,Second Class,West,Houston,Office Supplies,Binders,544.62,4,0.1,111.09,21.06,Wrong Size,2024-10-21,424.46,Yes,11.0,1,1
ORD-11863,CUST-0263,2023-09-05,2023-09-08,2023-09-11,2023-09-11,First Class,East,Seattle,Technology,Machines,254.29,1,0.2,72.05,15.99,,,,No,,0,0
ORD-11864,CUST-0264,2023-01-07,2023-01-11,2023-01-14,2023-01-14,Standard Class,Central,Houston,Technology,Copiers,628.14,5,0.0,193.06,33.39,,,,No,,0,0
ORD-11865,CUST-0265,2023-09-09,2023-09-10,2023-09-14,2023-09-14,Same Day,West,Seattle,Office Supplies,Binders,1072.21,5,0.3,-83.91,31.45,,,,No,,0,0
ORD-11866,CUST-0266,2024-07-06,2024-07-08,2024-07-10,2024-07-10,Same Day,South,Seattle,Technology,Phones,132.53,7,0.0,29.12,47.3,,,,No,,0,0
ORD-11867,CUST-0267,2023-05-06,2023-05-11,2023-05-15,2023-05-15,First Class,West,Los Angeles,Furniture,Tables,207.35,1,0.1,19.99,15.79,,,,No,,0,0
ORD-11868,CUST-0268,2024-08-17,2024-08-19,2024-08-21,2024-08-21,First Class,South,Los Angeles,Office Supplies,Art,50.72,2,0.3,-3.2,8.36,,,,No,,0,0
ORD-11869,CUST-0269,2023-11-12,2023-11-14,2023-11-18,2023-11-18,Standard Class,West,Seattle,Furniture,Bookcases,663.09,7,0.1,91.33,49.92,,,,No,,0,0
ORD-11870,CUST-0270,2024-03-11,2024-03-14,2024-03-18,2024-03-18,Second Class,Central,Houston,Office Supplies,Storage,28.54,5,0.2,2.66,36.79,,,,No,,0,0
ORD-11871,CUST-0271,2024-08-30,2024-09-06,2024-09-09,2024-09-09,First Class,East,Chicago,Furniture,Chairs,876.19,7,0.3,208.34,9.22,,,,No,,0,0
ORD-11872,CUST-0272,2024-10-29,2024-11-05,2024-11-09,2024-11-09,Standard Class,West,Houston,Furniture,Tables,1147.69,1,0.0,359.0,58.22,,,,No,,0,0
ORD-11873,CUST-0273,2024-01-20,2024-01-23,2024-01-26,2024-01-28,Standard Class,West,Houston,Office Supplies,Art,945.44,3,0.3,22.76,17.8,Damaged in Transit,2024-02-02,925.14,Yes,5.0,2,1
ORD-11874,CUST-0274,2024-05-21,2024-05-26,2024-05-30,2024-05-30,Same Day,West,Miami,Furniture,Chairs,394.47,4,0.3,38.7,40.47,,,,No,,0,0
ORD-11875,CUST-0275,2024-08-30,2024-09-02,2024-09-06,2024-09-06,Same Day,South,Houston,Technology,Machines,855.37,7,0.3,223.76,17.8,,,,No,,0,0
ORD-11876,CUST-0276,2023-10-06,2023-10-08,2023-10-12,2023-10-14,Same Day,South,Los Angeles,Office Supplies,Storage,1019.19,5,0.3,120.16,39.64,,,,No,,2,1
ORD-11877,CUST-0277,2023-06-24,2023-06-29,2023-07-02,2023-07-02,Second Class,East,Seattle,Technology,Machines,1154.77,7,0.1,281.41,4.63,Wrong Size,2023-07-11,1039.56,Yes,9.0,0,0
ORD-11878,CUST-0278,2024-07-26,2024-07-28,2024-07-30,2024-07-30,First Class,South,Houston,Technology,Accessories,333.99,4,0.3,113.2,48.82,,,,No,,0,0
ORD-11879,CUST-0279,2024-08-10,2024-08-13,2024-08-15,2024-08-15,Same Day,East,Los Angeles,Furniture,Tables,100.35,3,0.1,17.46,6.55,,,,No,,0,0
ORD-11880,CUST-0280,2023-01-03,2023-01-04,2023-01-06,2023-01-06,First Class,South,Miami,Technology,Accessories,910.35,1,0.1,146.27,26.33,,,,No,,0,0
ORD-11881,CUST-0281,2023-03-08,2023-03-10,2023-03-13,2023-03-13,Second Class,Central,Los Angeles,Technology,Machines,1189.81,2,0.1,-7.11,47.87,,,,No,,0,0
ORD-11882,CUST-0282,2023-05-25,2023-05-29,2023-06-02,2023-06-02,Standard Class,South,New York,Technology,Accessories,722.68,7,0.1,23.59,16.08,,,,No,,0,0
ORD-11883,CUST-0283,2024-04-25,2024-04-28,2024-05-01,2024-05-01,Standard Class,Central,Los Angeles,Furniture,Tables,112.04,4,0.3,2.43,23.42,,,,No,,0,0
ORD-11884,CUST-0284,2023-01-04,2023-01-06,2023-01-08,2023-01-09,Second Class,West,Chicago,Office Supplies,Paper,996.65,5,0.3,276.91,49.77,,,,No,,1,1
ORD-11885,CUST-0285,2024-04-27,2024-04-28,2024-05-01,2024-05-02,Standard Class,West,Seattle,Technology,Copiers,272.14,4,0.2,-9.43,25.37,,,,No,,1,1
ORD-11886,CUST-0286,2023-04-12,2023-04-15,2023-04-19,2023-04-19,Same Day,West,Houston,Office Supplies,Paper,172.24,1,0.1,17.18,44.09,,,,No,,0,0
ORD-11887,CUST-0287,2023-01-07,2023-01-11,2023-01-13,2023-01-14,Same Day,South,Chicago,Technology,Copiers,349.29,7,0.0,-14.25,39.56,,,,No,,1,1
ORD-11888,CUST-0288,2024-05-26,2024-05-27,2024-05-30,2024-05-31,First Class,South,New York,Office Supplies,Art,52.35,5,0.0,5.19,22.14,,,,No,,1,1
ORD-11889,CUST-0289,2024-06-10,2024-06-12,2024-06-15,2024-06-15,Same Day,Central,Seattle,Technology,Phones,30.62,7,0.2,6.6,28.54,Damaged in Transit,2024-06-27,25.24,Yes,12.0,0,0
ORD-11890,CUST-0290,2024-04-22,2024-04-24,2024-04-26,2024-04-26,Same Day,South,Los Angeles,Technology,Machines,661.81,4,0.0,-16.5,2.28,,,,No,,0,0
ORD-11891,CUST-0291,2023-03-06,2023-03-08,2023-03-12,2023-03-12,First Class,South,Seattle,Office Supplies,Storage,314.42,6,0.3,-16.81,58.32,,,,No,,0,0
ORD-11892,CUST-0292,2024-05-09,2024-05-16,2024-05-19,2024-05-19,Same Day,West,Seattle,Office Supplies,Art,584.24,4,0.1,103.16,36.89,Wrong Size,2024-05-29,528.2,Yes,10.0,0,0
ORD-11893,CUST-0293,2023-06-23,2023-06-24,2023-06-27,2023-06-27,Second Class,West,Seattle,Office Supplies,Art,398.19,4,0.2,-51.44,46.5,,,,No,,0,0
ORD-11894,CUST-0294,2023-08-10,2023-08-15,2023-08-19,2023-08-21,Second Class,South,Los Angeles,Office Supplies,Storage,753.69,2,0.1,-49.86,38.35,,,,No,,2,1
ORD-11895,CUST-0295,2023-06-01,2023-06-03,2023-06-07,2023-06-07,Second Class,East,Chicago,Office Supplies,Storage,531.42,2,0.2,79.06,26.12,,,,No,,0,0
ORD-11896,CUST-0296,2023-12-14,2023-12-19,2023-12-21,2023-12-21,Same Day,West,Chicago,Furniture,Tables,420.14,1,0.1,-5.96,15.46,,,,No,,0,0
ORD-11897,CUST-0297,2024-05-24,2024-05-27,2024-05-30,2024-05-30,Same Day,East,Miami,Office Supplies,Binders,1122.46,2,0.1,-167.29,10.89,,,,No,,0,0
ORD-11898,CUST-0298,2024-04-20,2024-04-21,2024-04-25,2024-04-25,Standard Class,Central,New York,Technology,Copiers,607.14,6,0.0,-15.99,48.29,,,,No,,0,0
ORD-11899,CUST-0299,2023-08-28,2023-08-29,2023-09-02,2023-09-02,Second Class,West,New York,Office Supplies,Binders,527.53,7,0.0,-42.51,6.58,,,,No,,0,0
ORD-11900,CUST-0300,2024-06-12,2024-06-14,2024-06-16,2024-06-19,Same Day,South,Los Angeles,Technology,Machines,528.52,4,0.2,171.04,57.2,Defective,2024-06-25,433.59,Yes,6.0,3,1
ORD-11901,CUST-0301,2024-09-25,2024-09-27,2024-09-29,2024-10-02,Second Class,East,Los Angeles,Technology,Phones,1161.68,5,0.0,350.06,27.82,Wrong Size,2024-10-05,852.97,Yes,3.0,3,1
ORD-11902,CUST-0302,2024-09-22,2024-09-24,2024-09-28,2024-09-28,Second Class,East,Houston,Technology,Accessories,172.51,2,0.0,13.97,53.28,,,,No,,0,0
ORD-11903,CUST-0303,2024-01-22,2024-01-27,2024-01-29,2024-01-29,First Class,East,New York,Office Supplies,Paper,679.49,1,0.2,-38.12,45.27,,,,No,,0,0
ORD-11904,CUST-0304,2024-03-23,2024-03-30,2024-04-03,2024-04-03,First Class,South,New York,Furniture,Bookcases,161.11,6,0.2,52.24,26.28,,,,No,,0,0
ORD-11905,CUST-0305,2023-02-25,2023-02-26,2023-03-02,2023-03-02,First Class,East,Chicago,Office Supplies,Paper,315.07,2,0.2,-3.2,20.63,,,,No,,0,0
ORD-11906,CUST-0306,2024-09-05,2024-09-10,2024-09-13,2024-09-13,Standard Class,South,Miami,Office Supplies,Storage,864.64,7,0.0,189.72,33.79,,,,No,,0,0
ORD-11907,CUST-0307,2024-01-24,2024-01-26,2024-01-28,2024-01-28,Same Day,East,New York,Furniture,Bookcases,658.15,4,0.0,170.36,40.29,,,,No,,0,0
ORD-11908,CUST-0308,2024-07-20,2024-07-21,2024-07-23,2024-07-23,First Class,South,Houston,Technology,Machines,546.7,2,0.3,66.5,31.68,Wrong Size,2024-07-26,500.61,Yes,3.0,0,0
ORD-11909,CUST-0309,2024-06-30,2024-07-04,2024-07-08,2024-07-08,Standard Class,Central,Miami,Office Supplies,Binders,389.36,7,0.2,12.61,34.52,,,,No,,0,0
ORD-11910,CUST-0310,2023-05-08,2023-05-11,2023-05-13,2023-05-13,Standard Class,Central,New York,Technology,Phones,792.44,7,0.1,215.0,12.63,,,,No,,0,0
ORD-11911,CUST-0311,2023-06-15,2023-06-16,2023-06-20,2023-06-20,First Class,West,Chicago,Furniture,Bookcases,1192.45,2,0.1,-86.42,33.33,,,,No,,0,0
ORD-11912,CUST-0312,2023-10-03,2023-10-08,2023-10-12,2023-10-12,Second Class,South,Los Angeles,Technology,Copiers,1105.8,2,0.2,-98.99,59.29,,,,No,,0,0
ORD-11913,CUST-0313,2024-11-09,2024-11-16,2024-11-19,2024-11-20,Same Day,West,New York,Technology,Accessories,227.95,3,0.1,51.03,53.96,,,,No,,1,1
ORD-11914,CUST-0314,2024-01-08,2024-01-13,2024-01-16,2024-01-16,Same Day,South,Chicago,Technology,Machines,959.82,3,0.3,165.72,10.52,,,,No,,0,0
ORD-11915,CUST-0315,2023-04-28,2023-05-03,2023-05-07,2023-05-09,Second Class,Central,Los Angeles,Technology,Machines,1192.54,3,0.0,261.07,4.83,,,,No,,2,1
ORD-11916,CUST-0316,2024-08-10,2024-08-12,2024-08-15,2024-08-15,Standard Class,South,New York,Office Supplies,Art,794.29,6,0.1,-93.57,26.18,,,,No,,0,0
ORD-11917,CUST-0317,2023-11-29,2023-12-03,2023-12-05,2023-12-07,Same Day,South,Seattle,Technology,Phones,1017.04,3,0.0,262.47,46.58,,,,No,,2,1
ORD-11918,CUST-0318,2023-02-09,2023-02-16,2023-02-20,2023-02-20,Same Day,South,Los Angeles,Office Supplies,Binders,404.27,6,0.0,-11.04,46.71,,,,No,,0,0
ORD-11919,CUST-0319,2023-01-20,2023-01-22,2023-01-24,2023-01-24,Standard Class,East,Seattle,Technology,Phones,83.47,7,0.1,6.52,28.85,,,,No,,0,0
ORD-11920,CUST-0320,2024-08-29,2024-08-31,2024-09-03,2024-09-03,First Class,East,Houston,Office Supplies,Paper,51.48,4,0.1,16.18,18.61,,,,No,,0,0
ORD-11921,CUST-0321,2023-04-26,2023-04-30,2023-05-04,2023-05-05,First Class,West,Seattle,Technology,Copiers,752.6,6,0.2,31.01,24.83,,,,No,,1,1
ORD-11922,CUST-0322,2023-11-30,2023-12-04,2023-12-08,2023-12-08,First Class,West,New York,Office Supplies,Paper,94.6,6,0.0,18.6,34.56,,,,No,,0,0
ORD-11923,CUST-0323,2024-09-15,2024-09-17,2024-09-21,2024-09-21,First Class,East,Seattle,Office Supplies,Paper,1170.54,3,0.0,46.13,39.24,,,,No,,0,0
ORD-11924,CUST-0324,2024-01-12,2024-01-16,2024-01-19,2024-01-19,First Class,Central,Houston,Office Supplies,Binders,1032.22,4,0.0,326.65,6.11,,,,No,,0,0
ORD-11925,CUST-0325,2024-11-28,2024-11-29,2024-12-02,2024-12-02,Second Class,South,Los Angeles,Technology,Accessories,444.84,4,0.1,67.12,28.12,,,,No,,0,0
ORD-11926,CUST-0326,2023-11-11,2023-11-16,2023-11-19,2023-11-19,Second Class,South,Seattle,Furniture,Bookcases,933.49,2,0.0,-32.14,25.37,,,,No,,0,0
ORD-11927,CUST-0327,2023-09-16,2023-09-21,2023-09-25,2023-09-25,First Class,East,Houston,Office Supplies,Paper,401.17,6,0.1,3.56,35.75,,,,No,,0,0
ORD-11928,CUST-0328,2023-11-14,2023-11-21,2023-11-25,2023-11-25,Second Class,East,Miami,Office Supplies,Binders,777.31,1,0.0,241.64,2.74,,,,No,,0,0
ORD-11929,CUST-0329,2023-12-13,2023-12-20,2023-12-22,2023-12-22,First Class,East,Seattle,Office Supplies,Art,841.4,6,0.1,-98.92,31.32,,,,No,,0,0
ORD-11930,CUST-0330,2023-12-09,2023-12-11,2023-12-14,2023-12-16,Standard Class,Central,Los Angeles,Technology,Accessories,1045.18,1,0.2,46.5,41.99,Not as Described,2023-12-17,990.02,Yes,1.0,2,1
ORD-11931,CUST-0331,2023-01-24,2023-01-26,2023-01-29,2023-01-29,Second Class,Central,Houston,Technology,Phones,245.53,3,0.0,-11.7,53.0,,,,No,,0,0
ORD-11932,CUST-0332,2023-09-02,2023-09-06,2023-09-08,2023-09-11,Second Class,Central,Houston,Office Supplies,Art,72.59,5,0.0,23.87,36.62,Defective,2023-09-16,66.68,Yes,5.0,3,1
ORD-11933,CUST-0333,2024-01-15,2024-01-17,2024-01-19,2024-01-19,Second Class,Central,Seattle,Technology,Phones,40.98,7,0.3,7.58,46.07,Defective,2024-01-25,31.5,Yes,6.0,0,0
ORD-11934,CUST-0334,2023-08-13,2023-08-18,2023-08-22,2023-08-22,First Class,South,Los Angeles,Office Supplies,Storage,501.22,1,0.3,123.53,25.69,,,,No,,0,0
ORD-11935,CUST-0335,2023-11-01,2023-11-08,2023-11-11,2023-11-13,First Class,West,Houston,Office Supplies,Art,962.97,2,0.1,315.4,17.58,,,,No,,2,1
ORD-11936,CUST-0336,2023-12-24,2023-12-27,2023-12-29,2023-12-29,Standard Class,Central,Seattle,Furniture,Furnishings,65.29,4,0.0,22.63,36.67,,,,No,,0,0
ORD-11937,CUST-0337,2024-05-20,2024-05-23,2024-05-25,2024-05-25,Second Class,West,New York,Technology,Copiers,251.25,5,0.3,67.46,5.57,,,,No,,0,0
ORD-11938,CUST-0338,2024-09-16,2024-09-18,2024-09-21,2024-09-21,First Class,Central,Seattle,Technology,Phones,858.26,5,0.0,284.46,27.61,,,,No,,0,0
ORD-11939,CUST-0339,2023-11-07,2023-11-14,2023-11-17,2023-11-17,Second Class,East,Houston,Technology,Accessories,1162.43,7,0.2,-44.08,19.57,Defective,2023-11-25,1147.31,Yes,8.0,0,0
ORD-11940,CUST-0340,2023-07-31,2023-08-02,2023-08-04,2023-08-04,Same Day,South,Miami,Office Supplies,Art,524.21,4,0.3,136.85,6.67,,,,No,,0,0
ORD-11941,CUST-0341,2024-07-02,2024-07-06,2024-07-10,2024-07-10,Same Day,South,Los Angeles,Technology,Phones,498.02,1,0.1,-5.55,19.57,,,,No,,0,0
ORD-11942,CUST-0342,2024-10-03,2024-10-05,2024-10-08,2024-10-10,Second Class,South,Chicago,Office Supplies,Art,839.46,7,0.1,-92.28,43.1,,,,No,,2,1
ORD-11943,CUST-0343,2023-08-05,2023-08-06,2023-08-10,2023-08-10,Second Class,Central,Los Angeles,Technology,Copiers,477.76,6,0.0,133.62,24.45,,,,No,,0,0
ORD-11944,CUST-0344,2024-06-03,2024-06-04,2024-06-08,2024-06-08,Same Day,East,Chicago,Office Supplies,Paper,845.68,2,0.1,65.91,34.35,,,,No,,0,0
ORD-11945,CUST-0345,2024-06-18,2024-06-23,2024-06-25,2024-06-28,Same Day,East,Chicago,Office Supplies,Binders,948.4,6,0.3,-64.12,26.91,,,,No,,3,1
ORD-11946,CUST-0346,2023-12-09,2023-12-16,2023-12-18,2023-12-18,Second Class,East,Seattle,Technology,Machines,1197.65,1,0.2,75.48,32.98,Wrong Size,2023-12-29,847.43,Yes,11.0,0,0
ORD-11947,CUST-0347,2023-04-12,2023-04-14,2023-04-18,2023-04-18,Standard Class,East,Chicago,Office Supplies,Storage,615.51,7,0.2,-34.11,56.9,,,,No,,0,0
ORD-11948,CUST-0348,2023-01-27,2023-01-31,2023-02-04,2023-02-04,First Class,East,Houston,Technology,Phones,922.89,3,0.3,92.94,38.13,No Longer Needed,2023-02-13,738.13,Yes,9.0,0,0
ORD-11949,CUST-0349,2023-08-09,2023-08-14,2023-08-18,2023-08-18,Second Class,West,Houston,Office Supplies,Binders,327.93,3,0.1,63.62,22.24,,,,No,,0,0
ORD-11950,CUST-0350,2024-08-11,2024-08-16,2024-08-20,2024-08-20,Second Class,East,Chicago,Office Supplies,Binders,707.46,6,0.0,103.5,10.06,,,,No,,0,0
ORD-11951,CUST-0351,2024-01-01,2024-01-05,2024-01-09,2024-01-12,First Class,South,New York,Furniture,Bookcases,812.86,3,0.1,206.07,23.45,,,,No,,3,1
ORD-11952,CUST-0352,2024-02-28,2024-03-04,2024-03-08,2024-03-08,Second Class,Central,Chicago,Office Supplies,Art,95.44,5,0.2,20.26,34.98,,,,No,,0,0
ORD-11953,CUST-0353,2024-02-26,2024-02-29,2024-03-04,2024-03-04,First Class,South,Chicago,Office Supplies,Binders,439.39,5,0.3,9.29,9.25,,,,No,,0,0
ORD-11954,CUST-0354,2024-01-25,2024-01-30,2024-02-01,2024-02-01,First Class,Central,Los Angeles,Office Supplies,Storage,354.57,4,0.0,80.48,55.98,,,,No,,0,0
ORD-11955,CUST-0355,2023-03-24,2023-03-25,2023-03-29,2023-03-29,First Class,South,Chicago,Technology,Copiers,629.99,3,0.0,140.24,58.34,,,,No,,0,0
ORD-11956,CUST-0356,2023-05-23,2023-05-25,2023-05-28,2023-05-28,First Class,West,Chicago,Office Supplies,Binders,606.18,6,0.3,-74.79,15.92,,,,No,,0,0
ORD-11957,CUST-0357,2023-09-01,2023-09-03,2023-09-07,2023-09-08,Standard Class,West,Seattle,Technology,Machines,117.69,7,0.3,-14.97,47.32,Wrong Size,2023-09-15,91.57,Yes,7.0,1,1
ORD-11958,CUST-0358,2023-10-14,2023-10-16,2023-10-19,2023-10-19,First Class,East,Seattle,Office Supplies,Storage,427.43,4,0.3,71.28,40.09,,,,No,,0,0
ORD-11959,CUST-0359,2024-09-27,2024-10-02,2024-10-05,2024-10-08,Standard Class,West,Miami,Office Supplies,Paper,615.83,4,0.3,95.54,12.79,,,,No,,3,1
ORD-11960,CUST-0360,2023-11-03,2023-11-10,2023-11-14,2023-11-14,Second Class,South,Chicago,Technology,Phones,984.31,4,0.0,106.44,18.91,,,,No,,0,0
ORD-11961,CUST-0361,2023-07-22,2023-07-26,2023-07-30,2023-07-31,Standard Class,West,Miami,Furniture,Furnishings,1186.07,3,0.0,322.85,6.22,,,,No,,1,1
ORD-11962,CUST-0362,2023-01-10,2023-01-13,2023-01-15,2023-01-15,Standard Class,West,Miami,Technology,Copiers,260.74,5,0.2,22.72,5.46,Damaged in Transit,2023-01-16,186.28,Yes,1.0,0,0
ORD-11963,CUST-0363,2023-09-22,2023-09-24,2023-09-27,2023-09-28,Same Day,East,New York,Office Supplies,Art,81.01,5,0.3,27.56,27.0,,,,No,,1,1
ORD-11964,CUST-0364,2023-10-29,2023-11-02,2023-11-05,2023-11-05,Second Class,West,New York,Office Supplies,Binders,393.09,4,0.0,98.52,7.17,,,,No,,0,0
ORD-11965,CUST-0365,2023-10-02,2023-10-07,2023-10-09,2023-10-09,First Class,East,Seattle,Office Supplies,Art,1145.45,5,0.2,55.11,9.7,Not as Described,2023-10-16,941.24,Yes,7.0,0,0
ORD-11966,CUST-0366,2023-10-22,2023-10-23,2023-10-27,2023-10-27,First Class,West,Los Angeles,Technology,Machines,589.95,1,0.0,37.4,22.68,,,,No,,0,0
ORD-11967,CUST-0367,2023-03-01,2023-03-05,2023-03-09,2023-03-09,Second Class,Central,New York,Office Supplies,Binders,523.17,6,0.3,135.46,31.8,,,,No,,0,0
ORD-11968,CUST-0368,2024-01-15,2024-01-16,2024-01-20,2024-01-20,Second Class,Central,Houston,Technology,Copiers,718.84,5,0.3,39.57,17.62,,,,No,,0,0
ORD-11969,CUST-0369,2024-10-21,2024-10-24,2024-10-27,2024-10-27,Same Day,West,Miami,Office Supplies,Binders,88.95,3,0.1,-9.84,12.17,,,,No,,0,0
ORD-11970,CUST-0370,2023-02-16,2023-02-19,2023-02-23,2023-02-23,Second Class,South,Houston,Office Supplies,Binders,1074.36,5,0.1,69.12,21.51,Defective,2023-03-05,952.89,Yes,10.0,0,0
ORD-11971,CUST-0371,2024-04-02,2024-04-03,2024-04-07,2024-04-08,Same Day,West,Los Angeles,Office Supplies,Paper,730.04,1,0.2,94.84,36.66,,,,No,,1,1
ORD-11972,CUST-0372,2023-08-13,2023-08-16,2023-08-20,2023-08-20,First Class,East,Los Angeles,Furniture,Tables,272.67,2,0.0,0.49,36.65,,,,No,,0,0
ORD-11973,CUST-0373,2023-05-28,2023-05-31,2023-06-04,2023-06-05,First Class,West,Seattle,Furniture,Bookcases,771.71,2,0.1,114.57,11.25,,,,No,,1,1
ORD-11974,CUST-0374,2024-08-30,2024-08-31,2024-09-03,2024-09-03,Second Class,East,Miami,Technology,Machines,93.81,3,0.2,-8.17,4.78,,,,No,,0,0
ORD-11975,CUST-0375,2024-02-20,2024-02-27,2024-03-01,2024-03-01,Same Day,East,Los Angeles,Furniture,Bookcases,1195.32,1,0.0,351.72,21.02,,,,No,,0,0
ORD-11976,CUST-0376,2023-04-27,2023-04-30,2023-05-02,2023-05-02,Second Class,East,Seattle,Office Supplies,Paper,964.14,1,0.0,127.66,48.68,,,,No,,0,0
ORD-11977,CUST-0377,2024-01-16,2024-01-17,2024-01-21,2024-01-21,Second Class,Central,Los Angeles,Technology,Machines,735.93,3,0.2,80.57,24.41,,,,No,,0,0
ORD-11978,CUST-0378,2023-06-10,2023-06-11,2023-06-15,2023-06-17,First Class,Central,Houston,Office Supplies,Art,999.48,7,0.0,-60.82,6.51,,,,No,,2,1
ORD-11979,CUST-0379,2024-08-11,2024-08-14,2024-08-16,2024-08-16,Second Class,Central,Houston,Office Supplies,Art,123.26,7,0.3,8.15,40.59,,,,No,,0,0
ORD-11980,CUST-0380,2023-04-12,2023-04-17,2023-04-21,2023-04-24,Same Day,East,Chicago,Technology,Copiers,969.75,4,0.1,154.84,44.23,,,,No,,3,1
ORD-11981,CUST-0381,2024-05-22,2024-05-24,2024-05-26,2024-05-26,First Class,West,Los Angeles,Furniture,Tables,215.24,2,0.0,67.9,46.95,,,,No,,0,0
ORD-11982,CUST-0382,2024-08-31,2024-09-03,2024-09-05,2024-09-05,First Class,East,Seattle,Office Supplies,Storage,614.85,2,0.0,-44.82,14.73,,,,No,,0,0
ORD-11983,CUST-0383,2024-06-18,2024-06-20,2024-06-24,2024-06-24,Same Day,East,New York,Office Supplies,Binders,874.96,4,0.1,99.7,32.63,,,,No,,0,0
ORD-11984,CUST-0384,2024-10-11,2024-10-13,2024-10-16,2024-10-16,Second Class,Central,Houston,Office Supplies,Art,770.63,5,0.3,-82.98,57.11,Damaged in Transit,2024-10-25,743.48,Yes,9.0,0,0
ORD-11985,CUST-0385,2023-10-28,2023-10-31,2023-11-02,2023-11-02,Second Class,East,Los Angeles,Technology,Machines,657.82,5,0.1,136.86,4.92,,,,No,,0,0
ORD-11986,CUST-0386,2024-10-20,2024-10-23,2024-10-27,2024-10-27,Second Class,East,New York,Office Supplies,Art,653.66,4,0.2,-77.74,25.33,,,,No,,0,0
ORD-11987,CUST-0387,2024-06-17,2024-06-19,2024-06-22,2024-06-22,Standard Class,East,Miami,Office Supplies,Paper,614.13,5,0.3,77.13,29.69,,,,No,,0,0
ORD-11988,CUST-0388,2024-03-16,2024-03-21,2024-03-24,2024-03-27,Second Class,South,Houston,Office Supplies,Binders,645.39,2,0.2,119.43,30.4,,,,No,,3,1
ORD-11989,CUST-0389,2023-07-04,2023-07-09,2023-07-13,2023-07-13,Same Day,Central,Chicago,Furniture,Chairs,646.77,2,0.0,-47.72,25.84,,,,No,,0,0
ORD-11990,CUST-0390,2024-11-07,2024-11-08,2024-11-11,2024-11-11,Second Class,South,Houston,Office Supplies,Binders,934.27,7,0.1,145.67,40.74,,,,No,,0,0
ORD-11991,CUST-0391,2024-06-11,2024-06-12,2024-06-14,2024-06-14,Second Class,South,Houston,Technology,Accessories,1068.78,5,0.1,-64.5,41.15,,,,No,,0,0
ORD-11992,CUST-0392,2023-10-26,2023-10-28,2023-11-01,2023-11-01,First Class,West,Los Angeles,Technology,Copiers,1044.22,2,0.0,258.71,28.0,,,,No,,0,0
ORD-11993,CUST-0393,2023-05-29,2023-06-01,2023-06-05,2023-06-05,Standard Class,South,Seattle,Office Supplies,Paper,43.94,1,0.2,13.46,19.29,,,,No,,0,0
ORD-11994,CUST-0394,2024-05-17,2024-05-20,2024-05-22,2024-05-24,Standard Class,East,Los Angeles,Office Supplies,Paper,288.77,1,0.1,24.02,32.78,,,,No,,2,1
ORD-11995,CUST-0395,2024-05-14,2024-05-15,2024-05-18,2024-05-20,Same Day,West,Los Angeles,Technology,Accessories,1058.61,6,0.3,-15.09,2.33,Damaged in Transit,2024-05-24,1055.34,Yes,4.0,2,1
ORD-11996,CUST-0396,2024-09-23,2024-09-28,2024-10-02,2024-10-02,Second Class,Central,Los Angeles,Technology,Machines,709.49,7,0.1,39.07,16.52,,,,No,,0,0
ORD-11997,CUST-0397,2023-05-17,2023-05-21,2023-05-25,2023-05-25,First Class,South,Miami,Furniture,Bookcases,1132.58,7,0.0,285.9,44.39,,,,No,,0,0
ORD-11998,CUST-0398,2023-11-15,2023-11-17,2023-11-20,2023-11-20,First Class,East,Seattle,Office Supplies,Storage,104.51,1,0.1,28.14,58.81,,,,No,,0,0
ORD-11999,CUST-0399,2023-02-02,2023-02-05,2023-02-08,2023-02-08,Second Class,South,Chicago,Office Supplies,Binders,179.76,5,0.0,45.24,27.49,,,,No,,0,0
